decision_id,token_address,timestamp,action,reason,bot_version
017f100c-5705-40d1-9d8f-12167a0dcbad,Dzddja1BqGN18kks2Zqdg4iXRw5NnHvmYy1h1qdKpump,2026-09-03 13:03:38.861305+00,MONITORING_STARTED,"Quarantine ended, monitoring started",1.2.0
17ed23c9-67c2-4f08-9fb8-4ad2ce72b8e8,7LK6hiKa6SEDVLehpFzx1nw6RAA76d91Q8pNiyVJpump,2026-09-03 13:03:40.728089+00,MONITORING_STARTED,"Quarantine ended, monitoring started",1.2.0
07c76ba0-e56c-46a3-9c04-6659ee5ac88b,4X8fMRgXTCdTNk9ndfkqpxGDKEj6TVhVXL5V9dcc1GhT,2026-09-03 13:03:42.645796+00,MONITORING_STARTED,"Quarantine ended, monitoring started",1.2.0
3b933745-753b-467c-b9aa-7ff6bed5cdec,25dMkuq48c36iAw5XonRa2G4qqCEkdLptEmJFmjmpump,2026-09-03 13:03:44.448436+00,MONITORING_STARTED,"Quarantine ended, monitoring started",1.2.0
5322d5b8-4a7e-4e3f-bb86-d555bf110801,2ddMcFkjrhdpQhJ3ZmG4DyPnkF3wZ36heCrNRGoppump,2026-09-03 13:03:46.451213+00,MONITORING_STARTED,"Quarantine ended, monitoring started",1.2.0
398a5c4d-1d46-44a3-a0dc-f82eea0c2146,5vhw96LZoKA4K8kbBkTJXBYvJSN1RWJzJgJbYEorBChv,2026-09-03 13:03:48.157137+00,MONITORING_STARTED,"Quarantine ended, monitoring started",1.2.0
df0c69cd-4578-43e9-a4fa-fdc855e5deaa,GqR98CsEbPtV2zcEGMbHpbL2BDEURG5poH5cAVNqmwey,2026-09-03 13:03:49.960516+00,MONITORING_STARTED,"Quarantine ended, monitoring started",1.2.0
32605ffe-65de-4075-aea3-5e143833a882,4CX9pg8hTJCqAnpY3Xqkvt6i7aQ6UtNPPifE64vMM8r1,2026-09-03 13:03:51.74841+00,MONITORING_STARTED,"Quarantine ended, monitoring started",1.2.0
174cd8d9-a871-4045-94e4-af520e35010e,Ghd7yhW6b1Uqv1eaG5hQKBN9AoqWzjmUx227VrRdpump,2026-09-03 13:03:53.550037+00,MONITORING_STARTED,"Quarantine ended, monitoring started",1.2.0
7c8ccf9f-7495-448b-92d2-97b9b760f704,7AEEdoP2zhMad1tkFNYyDnDB9Hjy7sb1LSB2KxAQr3EV,2026-09-03 13:03:55.421775+00,MONITORING_STARTED,"Quarantine ended, monitoring started",1.2.0
25cbb74b-a8cd-4b11-b7a1-1f9eb0b3fedb,HHfdkSjJLzwAjcFTsYAz8t8oQArYt2Jo737pDYPbpump,2026-09-03 13:03:57.157204+00,MONITORING_STARTED,"Quarantine ended, monitoring started",1.2.0
aadf15f4-4926-4d06-a53a-bfa3c7413590,3sUubhHpm3kqH4ZU2osRScce5wEqUPTCptUjm5brpump,2026-09-03 13:03:59.008596+00,MONITORING_STARTED,"Quarantine ended, monitoring started",1.2.0
0148527a-4455-4e6e-b47d-c352995f7ad9,Gffw364rz4r93aYum3BHynoi5iw1gsq2m4P2Py6gpump,2026-09-03 13:04:00.831272+00,MONITORING_STARTED,"Quarantine ended, monitoring started",1.2.0
3d2a524a-3820-4d19-8ec4-bf1a6fef195a,F59cEB3A7RAKHGtkvR577swnPSP6EsdaBoL5AcVZpump,2026-09-03 13:04:02.677912+00,MONITORING_STARTED,"Quarantine ended, monitoring started",1.2.0
e0eaf472-6e65-42b6-a64c-ad45d4617f66,3srxCNyuzwtT6LodQJs1xf4fwYAG9qYXUv1WDiNVpump,2026-09-03 13:04:04.525899+00,MONITORING_STARTED,"Quarantine ended, monitoring started",1.2.0
cd5ec0a1-3764-495d-99b3-07225d69e52f,zUwDFNFSCCK9c3uA2H3UoEjJA6Cha7nBvJZBTZFpump,2026-09-03 13:04:06.294217+00,MONITORING_STARTED,"Quarantine ended, monitoring started",1.2.0
52b1d14d-1b04-423b-8ba0-a8e096d2b0be,DUvzkkEqabsf1U8jZvbrBp38RieQXBzpoqLka61hpump,2026-09-03 13:04:08.077061+00,MONITORING_STARTED,"Quarantine ended, monitoring started",1.2.0
ac71b6fb-0b14-4e28-ae75-757f2f772872,68bkvddGS1FKC1BoxFcfbAkaunjxixZ5CK7Hob8qpump,2026-09-03 13:04:09.994211+00,MONITORING_STARTED,"Quarantine ended, monitoring started",1.2.0
54bf6659-e953-467a-8032-8911eb9650a3,EFSy2VB3gymYe6tmTzkvqVuqcYQziqogCN4jcN23pump,2026-09-03 13:04:11.86361+00,MONITORING_STARTED,"Quarantine ended, monitoring started",1.2.0
37ac661b-21df-4fa5-8256-1444f2993c64,GTr7KTPznLyaLyTaXJ2f1dWrph5CXRDnC734nWZLpump,2026-09-03 13:04:13.658851+00,MONITORING_STARTED,"Quarantine ended, monitoring started",1.2.0
4a761a43-59c6-4708-850b-3318a83b196f,GJ5HefCCD3zW3GeBEUjSyEmoEz8jsZVt5NmPLSDDpump,2026-09-03 13:04:15.469777+00,MONITORING_STARTED,"Quarantine ended, monitoring started",1.2.0
fa72912d-929e-4572-b367-3cbaeb360a93,C8pd5Ak9TQZDG36USAbAidXd38DZLURjuorQB3KApump,2026-09-03 13:04:17.217825+00,MONITORING_STARTED,"Quarantine ended, monitoring started",1.2.0
2d919dbc-3a3c-4fc6-9da1-2fbbe4f22d81,2LZVYtmknWbgKvbDXxuPbzuqjc2w58KknfXT6WL2pump,2026-09-03 13:04:18.938461+00,MONITORING_STARTED,"Quarantine ended, monitoring started",1.2.0
897185b3-e62b-4a32-a2b1-453d76ba1855,EWNq2MZsfzJoM9j6Ec8cLve6jdUn8gBSDUAHrWSJpump,2026-09-03 13:04:20.726291+00,MONITORING_STARTED,"Quarantine ended, monitoring started",1.2.0
3412e280-0728-4e05-90f3-521cd6d2aa6e,GdQJ6PNLEjM53Enyinfbi6hxppeHPcPJJ7ToaQRapump,2026-09-03 13:04:22.631015+00,MONITORING_STARTED,"Quarantine ended, monitoring started",1.2.0
e4ec0a02-9689-4b09-8408-0ff842e3821d,6m6hkSNrZ1FxuLLdbcf9UAraPvUZMgfcCSsx3hh4pump,2026-09-03 13:04:24.514541+00,MONITORING_STARTED,"Quarantine ended, monitoring started",1.2.0
81472325-6ebc-4737-9f09-a61ebe466722,Dj2WeeaTWdPJHMYqzKBwHJBU27XDVBfGmtiPvQzzpump,2026-09-03 13:04:26.285996+00,MONITORING_STARTED,"Quarantine ended, monitoring started",1.2.0
ae586897-b9fb-436f-9573-63a057cfb38b,EoKqyKksc4ekiPVuBD9FiztYQHkV59x8KTcZ3ReLpump,2026-09-03 13:04:28.101191+00,MONITORING_STARTED,"Quarantine ended, monitoring started",1.2.0
aba8d5b6-ce0b-4ce0-9dfa-d1bb84d0d4ce,8c99wy5pUgbw7hQ27EN2p2D8qPHiDKfR5uLRK4vkHL2r,2026-09-03 13:04:29.94659+00,MONITORING_STARTED,"Quarantine ended, monitoring started",1.2.0
9e50e047-95d9-4419-bcfe-d02f34fd778a,HfZJvsgbL78txPpfioZNGy8nH5bL8BBBaYJ3JYZfpump,2026-09-03 13:04:31.888187+00,MONITORING_STARTED,"Quarantine ended, monitoring started",1.2.0
1ce92bac-5ca8-486e-8390-ab8ad7cf551e,AZuW2zqu3wb9kWvgbWud5bYgJeDrzfgb6nGRHDG7pump,2026-09-03 13:04:33.728151+00,MONITORING_STARTED,"Quarantine ended, monitoring started",1.2.0
0ec4ac7d-5971-485b-a7b7-4522a36dc874,ApTCvzxRPJEeicnS9gx7fLZDTJLM4av2vtnmXL9Xpump,2026-09-03 13:04:35.550014+00,MONITORING_STARTED,"Quarantine ended, monitoring started",1.2.0
acc37109-2d0f-4543-a4e3-e02b8a168386,GpvRM8XQ5QisXkP4BHDyBa85Bbijg7wEYkXTkZupump,2026-09-03 13:04:37.316852+00,MONITORING_STARTED,"Quarantine ended, monitoring started",1.2.0
b820691a-4f9e-4750-bb37-4ecd9cb8c9b2,A4cnthYJkeGoYKQiNpX3P56GK5p2rh4pjcTXZJUgKkNt,2026-09-03 13:04:39.093207+00,MONITORING_STARTED,"Quarantine ended, monitoring started",1.2.0
3fde95fc-f0ef-4548-b43b-83e9e7780a06,6JZfJw1ufSgU9Bt3mAsKQBCo5rtHi6hJuGzmKwhGwv8,2026-09-03 13:04:40.996417+00,MONITORING_STARTED,"Quarantine ended, monitoring started",1.2.0
d149d03b-9a1a-4360-857f-a94840f37f79,HmaHhC9vBh43gZnNTUFGNGP1A72jH1MXKjhHRWw2Ja8F,2026-09-03 13:04:42.878056+00,MONITORING_STARTED,"Quarantine ended, monitoring started",1.2.0
9e808806-4128-4c08-96e3-32c957f26aa3,HxYDzq3yaEceE5j4Va2ageC2MzPZW1FtYexd82Uupump,2026-09-03 13:04:44.743169+00,MONITORING_STARTED,"Quarantine ended, monitoring started",1.2.0
65ee434d-4a8d-493d-869c-bf57365687ca,4otmDELcUnFZRoCJCmVmxWZtTXcpf1avid1EPSCtt7P2,2026-09-03 13:04:46.735597+00,MONITORING_STARTED,"Quarantine ended, monitoring started",1.2.0
1abea289-6f72-4875-b7a9-c318d836ab72,AtHFFHmSQeNQiMpH9GKsv9nf8LtLMAkyhrHpX7633MVe,2026-09-03 13:04:48.653011+00,MONITORING_STARTED,"Quarantine ended, monitoring started",1.2.0
a3cd0038-49ac-4c4b-9f11-19ea444993d2,ERRK7hxgLBmkMaEFprtLiQB6rHKvGBDN4Ayjg72Mpump,2026-09-03 13:04:50.444885+00,MONITORING_STARTED,"Quarantine ended, monitoring started",1.2.0
a8e64384-457e-4cf6-a8b6-bb1a3853fc8b,FrrucGKCp6JcFjVnMcbEHa2cagfpZ8uFFCE5NrSnkjuT,2026-09-03 13:04:52.297913+00,MONITORING_STARTED,"Quarantine ended, monitoring started",1.2.0
539f0974-474f-4c78-a0bc-addebf3f2dc7,21ZJyBxMr4DwT6WJw36pEQ2Ft2hqTmZ7gkdv8Wvdpump,2026-09-03 13:04:54.168466+00,MONITORING_STARTED,"Quarantine ended, monitoring started",1.2.0
e18d1449-058f-44eb-9a53-5030d712b0c0,3gU4JJPy93ufQGMEWRfgjkRpSWyT2LgGW7zgYaVtcCTP,2026-09-03 13:04:56.046311+00,MONITORING_STARTED,"Quarantine ended, monitoring started",1.2.0
5584d151-4b0d-4802-b906-ee4abefdde00,cxFSZUy649fuK6rNEPnbgbxaXPMgRLaWv83ueNbpump,2026-09-03 13:04:57.879585+00,MONITORING_STARTED,"Quarantine ended, monitoring started",1.2.0
e6036be1-59b9-4257-acc9-120aead9c56c,CFgnMXqJS556XF1UQWyB92BtTDt2XWGpVLTKkPiKCA9D,2026-09-03 13:04:59.677913+00,MONITORING_STARTED,"Quarantine ended, monitoring started",1.2.0
2f825e06-8531-45f9-a0b4-eaf265493551,4qTuQFoCMQDJij6ZQZRHntC6sNMx9yHeyiG7GHngqHoY,2026-09-03 13:05:01.601392+00,MONITORING_STARTED,"Quarantine ended, monitoring started",1.2.0
c47075e2-f90b-405e-adf2-abc26dbf436c,5BDsmq87FgUKkqW29vberYorfPWD8NL9va5t1zCYpump,2026-09-03 13:05:03.466904+00,MONITORING_STARTED,"Quarantine ended, monitoring started",1.2.0
3c04493f-6fc5-4246-90be-9cf999552761,ECUyKMBoz5HLjNWCnZNDTR2aLyt26t4eyGNMjae2eiWm,2026-09-03 13:05:05.504225+00,MONITORING_STARTED,"Quarantine ended, monitoring started",1.2.0
a836ae1c-e401-4657-985e-ce3cfce7404d,GirvMauAG3rkaL2stHLVZdduTv9a5m8KvGj32pVJMMiD,2026-09-03 13:05:07.423079+00,MONITORING_STARTED,"Quarantine ended, monitoring started",1.2.0
edda03b1-387c-42f3-8b38-ef4b3b771832,GVXhTtjmabMHtN8J7VmyYUHV13zn9MQhNDcoDBbmpump,2026-09-03 13:05:09.244839+00,MONITORING_STARTED,"Quarantine ended, monitoring started",1.2.0
ca157d64-bcb6-4ae3-b28c-a1ff7a50f3cf,Hmy49dJRNzqfKv1Q2W6iYw6yjUbzB35pJv9j5o2mf5aX,2026-09-03 13:05:11.234406+00,MONITORING_STARTED,"Quarantine ended, monitoring started",1.2.0
bfe42367-7ba5-4e5f-9b33-869213208f64,HV9xeQdj3RnszuCkoqcTe78SiQpzgU2rKaJZpEZcKQZ1,2026-09-03 13:05:13.208232+00,MONITORING_STARTED,"Quarantine ended, monitoring started",1.2.0
d79cf4b0-bb6f-40ac-a977-d66c57d1f2c9,Fq17uNNQgwJG5szmaEheVrQXUnoZn1BuFiDKFACLpump,2026-09-03 13:05:15.139554+00,MONITORING_STARTED,"Quarantine ended, monitoring started",1.2.0
b2b75914-ba02-4723-a1cb-40d192020cb6,F86tVWTd5CZaU3PnXDfb1Rsx6XmnzL1uq2t12xswpump,2026-09-03 13:05:16.995445+00,MONITORING_STARTED,"Quarantine ended, monitoring started",1.2.0
96c9d3f6-8da8-463d-a744-ed9c6019a82c,DzwioiVutS4DxRXVtvnT4o9CvSg1BXxi5iMxi4oMpump,2026-09-03 13:05:18.85533+00,MONITORING_STARTED,"Quarantine ended, monitoring started",1.2.0
c0d73d15-a338-434b-a2a9-487d1a0b7b3c,6cYvt6hM4PU4hfTusvuXXr1gdVwSRYVXzZh41ecNpump,2026-09-03 13:05:20.711262+00,MONITORING_STARTED,"Quarantine ended, monitoring started",1.2.0
ee619f47-4c15-49e0-9f02-3277820f288c,8P5D3QE7Ly2cL6dcay5SRodNACmfWDfPEk6pThb4pump,2026-09-03 13:05:22.674714+00,MONITORING_STARTED,"Quarantine ended, monitoring started",1.2.0
8b77cfdc-c538-4256-8da7-c13f9e94af01,CZ5K6VYWk7BJxKy7QUn3nUo2jYrZ3hNMjdp9vYjcpump,2026-09-03 13:05:24.41305+00,MONITORING_STARTED,"Quarantine ended, monitoring started",1.2.0
89ebc1c1-aec8-46e4-a039-2284d8a3230b,232BE9YxiJ1qHAJH8ymCojmX7BjePxKcitaJ6dqopump,2026-09-03 13:05:26.357749+00,MONITORING_STARTED,"Quarantine ended, monitoring started",1.2.0
46f25ec7-0a0d-414b-ad8f-adc3e6a7d656,9UY5tJCzmJRyLgyiJJYAnmEaDwWdsCzvNpVhP5rbpump,2026-09-03 13:05:28.239268+00,MONITORING_STARTED,"Quarantine ended, monitoring started",1.2.0
ebc10d90-bb2c-47a2-b76a-61a0d1a62443,64RZYAWaiNDGDjMMZM1c3idzPRnQEdKfPVwuww25pump,2026-09-03 13:05:30.097434+00,MONITORING_STARTED,"Quarantine ended, monitoring started",1.2.0
0d0c2f1f-2115-425c-8c4a-2ac1b5fa8ceb,4EVGGsR3X3CU6XUeKu6gXrFGwo5hEQgA1bzBoCGgpump,2026-09-03 13:05:31.97703+00,MONITORING_STARTED,"Quarantine ended, monitoring started",1.2.0
7df6923b-2486-4d57-8a30-c351d756b3b6,4YiRcFFUcmkjQp8R87mZJvtNRZbzYvgP3n3tnVBapump,2026-09-03 13:05:33.823867+00,MONITORING_STARTED,"Quarantine ended, monitoring started",1.2.0
2390fde3-9be1-4690-b1bb-ae0b85c17970,CUnwTKdCPMGghbciEuBcS4T1w2zYv25rrCq8z1cvpump,2026-09-03 13:05:35.806308+00,MONITORING_STARTED,"Quarantine ended, monitoring started",1.2.0
0571d359-0015-4f6f-9ac9-fe4c1a054809,9gyMnBvZTQi8ZrSWBeSKPkRjAweQhsrwHSoMDz6KtKaa,2026-09-03 13:05:37.617671+00,MONITORING_STARTED,"Quarantine ended, monitoring started",1.2.0
80467c45-3c42-47d4-b5d2-c12f826ca8a0,C7nPqs1zLqBMxybaBorzD1jau2Stwv4H7ipEVw9gpump,2026-09-03 13:05:39.491826+00,MONITORING_STARTED,"Quarantine ended, monitoring started",1.2.0
2aaf150d-576a-4aa2-9ae1-64bc1e2a2ec0,eqnidra8rp8UttMDx67GrWuHjKuzkiayEsXB9wBpump,2026-09-03 13:05:41.437131+00,MONITORING_STARTED,"Quarantine ended, monitoring started",1.2.0
7ed53306-fd8f-433f-b0c5-6a26f22b7460,HTxbgkRZ4CkioKebc4Dj3K4BhfpGVtcW8JK867i5oyYU,2026-09-03 13:05:43.255298+00,MONITORING_STARTED,"Quarantine ended, monitoring started",1.2.0
9cf02651-fd4c-48e0-9ba8-cb84c1e5ff09,HQEm36fjBb9vCa4ngMSrUyMi5ijRUgLABU8P2YJJpump,2026-09-03 13:05:45.064019+00,MONITORING_STARTED,"Quarantine ended, monitoring started",1.2.0
9bac7e2f-8590-4447-aabc-f63c8644238d,JAXDPeV7FkZ9niKckjLEoX7WixGf5SJR3TprmDcswr1d,2026-09-03 13:05:46.864576+00,MONITORING_STARTED,"Quarantine ended, monitoring started",1.2.0
9e05f89b-2edd-4ec4-ac97-a1de131ded60,DGxNfqdqQLxCdrNZrbcA9AutX2cobj7Nx4dpJmDVpump,2026-09-03 13:05:48.819767+00,MONITORING_STARTED,"Quarantine ended, monitoring started",1.2.0
fd34b306-a378-4951-a3bf-3966d6549796,GaCoj6Ft8Uu6pc2rUviXzTwAtazum3dDc6tFTA8Vpump,2026-09-03 13:05:50.6664+00,MONITORING_STARTED,"Quarantine ended, monitoring started",1.2.0
babbb414-773b-4ff6-ab20-ee69f539b839,39XNfvzXq89BKWx4sM6gZna7kWnxvVrnXrmEmaJhpump,2026-09-03 13:05:52.606863+00,MONITORING_STARTED,"Quarantine ended, monitoring started",1.2.0
72b86995-7970-4f99-b9f3-2b95c07a94f1,6npD7JFinCDKedYm5Tfi9h3u7NFSt3KYdCt2PyAFpump,2026-09-03 13:05:54.58118+00,MONITORING_STARTED,"Quarantine ended, monitoring started",1.2.0
0367c626-231a-4e81-87ac-72f4a9d7efaf,CHn3zYfh2MVLCwhu2B73eZk1B1BQnBtrmJ89J4aQpump,2026-09-03 13:05:56.512086+00,MONITORING_STARTED,"Quarantine ended, monitoring started",1.2.0
5b19dca3-eb1c-4ef4-afba-ea5af202ea50,HqrKm4mLL99zkKBkbdwAHzVCMm2Te72dbH6PDyrVpump,2026-09-03 13:05:58.368986+00,MONITORING_STARTED,"Quarantine ended, monitoring started",1.2.0
bdb9d9b6-8603-4b1f-8d7b-bfa02232a1dd,96Bmof5NVfchK2cKXZjaKJAZRAT2DVebMWHsAh6Cpump,2026-09-03 13:06:00.237322+00,MONITORING_STARTED,"Quarantine ended, monitoring started",1.2.0
f69022dd-360a-4574-ae2c-ee9d866e7bed,9A4dAuE1jud9cuFAze8teepCmJbed29ALsfgJMorpump,2026-09-03 13:06:02.096415+00,MONITORING_STARTED,"Quarantine ended, monitoring started",1.2.0
3e4dde72-6770-4317-9e73-2a9bd6296d5e,2VTWzALAyGsH7exbmA8oqHLw9kSjgTaiiE2PnGfpZCnL,2026-09-03 13:06:03.916833+00,MONITORING_STARTED,"Quarantine ended, monitoring started",1.2.0
e2441abd-d1b3-478a-884b-a0dc50b51a78,8xDVUokXPGDUDcooFkcUpZ1HL58K5QjfACJhPDo1PpDg,2026-09-03 13:06:05.751088+00,MONITORING_STARTED,"Quarantine ended, monitoring started",1.2.0
b429396a-988e-4153-aa2f-e9e410294bae,GZ7R7WSrDGhUAp6oH55k5UxWt5jhHoiiUu88rphXpump,2026-09-03 13:06:07.601778+00,MONITORING_STARTED,"Quarantine ended, monitoring started",1.2.0
33343ee6-7212-472e-b6f2-85709bdf47b9,ZAgEZP9RbYiEESgH9mYJ14Rcvkbm6guYTqCbXxupump,2026-09-03 13:06:09.496711+00,MONITORING_STARTED,"Quarantine ended, monitoring started",1.2.0
550228e4-ba9b-41a1-8d27-8ba26d359b35,54gMw1f5X2DMmkaUb6V5PMZZoBxQYN1W6yq9LtKwpump,2026-09-03 13:06:11.327261+00,MONITORING_STARTED,"Quarantine ended, monitoring started",1.2.0
e6dfac94-cd38-4ef9-8fbb-2b755328aac6,6w8VHx63RJ74AQvMbStk7fatPbaDgAj9b7k7B74vpump,2026-09-03 13:06:13.214658+00,MONITORING_STARTED,"Quarantine ended, monitoring started",1.2.0
30728d76-5192-4265-a1ab-9deb2deeb2dc,FpS5of6eNLQpEGMaUQcSmdWoSoRewXJw9rZZwD61pump,2026-09-03 13:06:15.245731+00,MONITORING_STARTED,"Quarantine ended, monitoring started",1.2.0
26a85989-0c03-4232-9301-7ebae47da707,BPV8KZF87PSQq9C57YRtkdcuZhWgR9cuUtt1xGDRpump,2026-09-03 13:06:17.092913+00,MONITORING_STARTED,"Quarantine ended, monitoring started",1.2.0
ff0dbf2d-31ed-42d9-a7a4-d6244695b2c1,FgRgwauQLYscbN4z5D8osPR516g2uEc6aUDajqH5pump,2026-09-03 13:06:19.036176+00,MONITORING_STARTED,"Quarantine ended, monitoring started",1.2.0
1f4a77b3-f237-47ff-9dd7-66d080728714,Mpsj9DSEUT8gJsRfcVjXvvU6y6Vd7WsoczDySiRpump,2026-09-03 13:06:20.870934+00,MONITORING_STARTED,"Quarantine ended, monitoring started",1.2.0
3e37f917-21ba-4f9a-80ea-9450b8272d86,CBftYjJC7XEwh1r2hD87zsLudwAb7Y3TyUvWcacXpump,2026-09-03 13:06:22.793408+00,MONITORING_STARTED,"Quarantine ended, monitoring started",1.2.0
750a9a7d-1f00-4023-ab85-a63e24989eda,CnyoWoCMxMv3ZaegyDHhndukdJQdri9kLw5vCZTwpump,2026-09-03 13:06:24.717948+00,MONITORING_STARTED,"Quarantine ended, monitoring started",1.2.0
aab547d4-a2df-4c55-9dd9-4ee2ff415b44,3mCqbh9trfpuyYN8LogtYHXJmr2XAwSi9AhHKHe6n9XZ,2026-09-03 13:06:26.589466+00,MONITORING_STARTED,"Quarantine ended, monitoring started",1.2.0
d8ba16f0-4113-4c52-abaf-2893a13e73c2,Ae6iVUoV1z7MTNkBCRr3eawpw2cJRddiKP4ADy31pump,2026-09-03 13:06:28.589196+00,MONITORING_STARTED,"Quarantine ended, monitoring started",1.2.0
29b61370-c163-4142-9844-d1ee5de02f8c,GUbabaigWXb5GiMvUCA3QpZskxLMftSzw69qFfeSpump,2026-09-03 13:06:30.769857+00,MONITORING_STARTED,"Quarantine ended, monitoring started",1.2.0
a464cc1d-41fb-4178-9015-9996a5152c79,ugz49BvFW3yUxVjRAF1DgScSkQBWViLuK78zkW5pump,2026-09-03 13:06:33.326771+00,MONITORING_STARTED,"Quarantine ended, monitoring started",1.2.0
6c8b86d4-6b5b-4ed9-af85-ea665dfca642,6Lqd9nRXgaFh6XgmrpdoHX1GxXs7kBooWm3GPvbwpump,2026-09-03 13:06:35.839554+00,MONITORING_STARTED,"Quarantine ended, monitoring started",1.2.0
e49ba899-f7ad-4038-ae9a-da6397c4436e,Hk6HyH1vufV3BvivXYfpUu2DS9itTGVtGC5q41Uhpump,2026-09-03 13:06:38.319203+00,MONITORING_STARTED,"Quarantine ended, monitoring started",1.2.0
1a54da95-c56b-4710-abd1-c341bbb80581,2oMXVGgkdfRpVNgRePiZXDobjYdW9uEnWmYVXutopump,2026-09-03 13:06:40.871896+00,MONITORING_STARTED,"Quarantine ended, monitoring started",1.2.0
d52ce1d9-2a58-472e-ad03-74c3bb9bac46,3BH2e41XbJadAbCETXqTUmsvSbR5rxeNMxTU6JcKQ8mD,2026-09-03 13:06:43.398195+00,MONITORING_STARTED,"Quarantine ended, monitoring started",1.2.0
e4f50580-99bf-44e1-a47b-f19c311c17c4,34icVj6hyw5rUu6SXdemLTLzV6uodiCfDzWVSmxLpump,2026-09-03 13:06:45.841302+00,MONITORING_STARTED,"Quarantine ended, monitoring started",1.2.0
9806f93b-ec2f-4e7a-a5ca-377aab39a378,BXQbXYAE4J7jjhR9XS8S3PAoMHprQ8FoUagFDbhgpump,2026-09-03 13:06:48.390196+00,MONITORING_STARTED,"Quarantine ended, monitoring started",1.2.0
e60cf842-9445-4a40-ab55-c4d57218a95c,5sZ5ZN8r4JMWHoBeoYrTfnTgD6C5uoKUag5Aqx6zpump,2026-09-03 13:06:50.759582+00,MONITORING_STARTED,"Quarantine ended, monitoring started",1.2.0
edb19718-7a68-4574-921c-34888b6ad372,HY8VSijYgZTfKLceYYVj5ZFzxTY1cgBD8FeN3echpump,2026-09-03 13:06:53.39764+00,MONITORING_STARTED,"Quarantine ended, monitoring started",1.2.0
04ca76e1-723e-4e42-9c2d-3c3694986598,H4cNyJDjDHpke6z9xfDpYPkBU49xB16Uqf5JQ6Dipump,2026-09-03 13:06:55.893038+00,MONITORING_STARTED,"Quarantine ended, monitoring started",1.2.0
cb7c18db-4ec4-48c2-8d5a-008405d8d909,DaHGnhzLWZLfFUcnKVd73MF2ynkTiSyC9gRm7mYpump,2026-09-03 13:06:58.257557+00,MONITORING_STARTED,"Quarantine ended, monitoring started",1.2.0
64540c5d-e4ed-4830-93e8-fe9c026d5302,HVmMDtGcUPH3rHpjeu44kJ2jb6S15jTib8h58g3Gpump,2026-09-03 13:07:00.747094+00,MONITORING_STARTED,"Quarantine ended, monitoring started",1.2.0
bb199ea6-47fb-4f3b-a93b-2e84a579a61c,8QCfSRQBFNwUS6u5EFkDmNjChUZGp8ufDi72GQ5hpump,2026-09-03 13:07:03.280676+00,MONITORING_STARTED,"Quarantine ended, monitoring started",1.2.0
ad446c3a-d48e-4680-a5bb-9caeb03830c7,5KZUh7teDXkxgTerDQR2io6CtMRky7ybcWstWiBTpump,2026-09-03 13:07:05.905357+00,MONITORING_STARTED,"Quarantine ended, monitoring started",1.2.0
88c4a379-7b89-46d2-b02e-fbe69730d049,3vn6fEkC6tp9mxyJNQEbmr4VhZ5i9Gh2nwhbDhKzpump,2026-09-03 13:07:08.350416+00,MONITORING_STARTED,"Quarantine ended, monitoring started",1.2.0
e2070f2b-52c0-4ff2-8f9a-ac50403c1166,4Le4foYoNGdLDJdQ5YG2Spju4xEFdGz6XVhdD37ypump,2026-09-03 13:07:10.886434+00,MONITORING_STARTED,"Quarantine ended, monitoring started",1.2.0
d3725f4f-75ee-45b5-bc14-b8990363693a,GojfuKTiXBnFuMbF98g5W8q1byuwkiVchxus3SaMpump,2026-09-03 13:07:13.427931+00,MONITORING_STARTED,"Quarantine ended, monitoring started",1.2.0
8ab0979e-2437-4d11-b9eb-c469862b2902,9hMGXfFkxY3Pu5q6oNwTHGeCnXfFrkweZdvk1BfQpump,2026-09-03 13:07:15.908277+00,MONITORING_STARTED,"Quarantine ended, monitoring started",1.2.0
35ef9c34-4839-4153-907f-3586683dd720,2mWYps9VzsWtBBsm9G3NM7NDC382sHJtuqXqi65dB7Bk,2026-09-03 13:07:18.458926+00,MONITORING_STARTED,"Quarantine ended, monitoring started",1.2.0
3188686c-c5cd-4870-9d61-8f41b33ba9de,2EV7EChMXQTscWtMKQx6DPt5fU9DVEnrvMYjjuaKpump,2026-09-03 13:07:20.846721+00,MONITORING_STARTED,"Quarantine ended, monitoring started",1.2.0
9b0a2037-fb26-424d-b975-4c61364d83fa,ByBLSc8GQa3MqjYF2KgXuMBMtRs5rWYaXFGwppZupump,2026-09-03 13:07:23.276687+00,MONITORING_STARTED,"Quarantine ended, monitoring started",1.2.0
24b8e651-ed41-4750-9ce4-9f6ed847b8e5,HzWBsJ6qQo7reGHfene1XeA9eeZXNCr3FE93QMTTpump,2026-09-03 13:07:25.885618+00,MONITORING_STARTED,"Quarantine ended, monitoring started",1.2.0
ed57f431-c17e-4c61-a280-386b9b91d635,43nS2WbBYgwUot7nSWZeik8nCpDkUksDADMwa81Ppump,2026-09-03 13:07:28.385846+00,MONITORING_STARTED,"Quarantine ended, monitoring started",1.2.0
1cd31fe9-e0f4-4121-b5fb-d1b01936f875,BjdehyoDQKp5dgrv2p1j4daknV6m7DVV9JKzh2Lzpump,2026-09-03 13:07:30.849108+00,MONITORING_STARTED,"Quarantine ended, monitoring started",1.2.0
f452ad6e-4a1c-434d-b524-9230e1446439,E3wjzR8bPHv2pYc5Ck7pLi66vRKT8XmzkeFqMtoFpump,2026-09-03 13:07:33.35326+00,MONITORING_STARTED,"Quarantine ended, monitoring started",1.2.0
e4e452af-e185-4761-8745-dfb596cc66a6,bZHgYjvS1AjBJRDwf2LLH97LHT3sDk6eV33DViBdgq8,2026-09-03 13:07:35.833583+00,MONITORING_STARTED,"Quarantine ended, monitoring started",1.2.0
d91a402c-a976-4676-a731-25a92ee4c547,Gd5JcKzFfDDUr8vjjgqMeYQZKWW8ZzDWYQQogWjQpump,2026-09-03 13:07:38.25979+00,MONITORING_STARTED,"Quarantine ended, monitoring started",1.2.0
550a7ff2-5872-4927-b68f-81faaadf8b00,5gwYEP7Zf7VLUvvEyXqHzCUbTAJAf8rYvmH7GbSmpump,2026-09-03 13:07:40.81885+00,MONITORING_STARTED,"Quarantine ended, monitoring started",1.2.0
63fa7693-5fb2-45f1-a8c2-0ef0cec75bb1,8yn9BwwDUvb8fCozrtza5bEgiGLFdpwtLJKXt2sHpump,2026-09-03 13:07:43.260961+00,MONITORING_STARTED,"Quarantine ended, monitoring started",1.2.0
a1cb63ff-bbcf-48b9-84c2-4855ae7b5be3,Hf8msFKLGJu6wUc4NsNFHafmh4K8LFW2qy8ZmT4vpump,2026-09-03 13:07:45.87405+00,MONITORING_STARTED,"Quarantine ended, monitoring started",1.2.0
c4a57c6a-7038-4a47-9886-fe28a6252250,EsJUp6aEgFzqPoqM6mLPDJ1KmCkqA7zGXp4QSjkJFaZF,2026-09-03 13:07:48.401473+00,MONITORING_STARTED,"Quarantine ended, monitoring started",1.2.0
d6e7bdfd-a6b3-4077-85d6-65c5c41f5e81,28qTgAWraGg5ziXjTHm6ArDAvNBV9W3B2Y6DgYJTpump,2026-09-03 13:07:50.84038+00,MONITORING_STARTED,"Quarantine ended, monitoring started",1.2.0
8da3a28f-9b76-46a5-b628-d3de9c02b291,7Q2PF5cJg6nwm97GhiyQ6FFrxEEnXC7P9S5hPp9Zpump,2026-09-03 13:07:53.331894+00,MONITORING_STARTED,"Quarantine ended, monitoring started",1.2.0
6eb2ff46-9986-424e-9e62-d0071061354d,Ephzcbbtna99giZwCXtxSFviycVgbtAny1CDVuTdpump,2026-09-03 13:07:55.897846+00,MONITORING_STARTED,"Quarantine ended, monitoring started",1.2.0
b914335f-42cc-48d7-8f14-81f3e5289866,P3Eb2GNkvb3Dp8oWYXKMJMWPHeMcUG6uGeB12aupump,2026-09-03 13:07:58.376658+00,MONITORING_STARTED,"Quarantine ended, monitoring started",1.2.0
753d01b4-b51b-4861-8709-0f5974eb3aea,K3Li2jWiQ1NQi7LsxDW1wFZT7cv3K1W84UR7TVepump,2026-09-03 13:08:00.778855+00,MONITORING_STARTED,"Quarantine ended, monitoring started",1.2.0
a6a24d24-2e26-416b-807e-83507fbc947d,JAuN3RKZR9KSKdmBCH83VXGmTvkbobuLrawZ5G3upump,2026-09-03 13:08:03.23709+00,MONITORING_STARTED,"Quarantine ended, monitoring started",1.2.0
84969a29-1819-4f91-b310-6456f17a7ca7,FSvjwqWJoYCcRp2gvATGjSVzPQxNkRr4MNKzrdKupump,2026-09-03 13:08:05.732346+00,MONITORING_STARTED,"Quarantine ended, monitoring started",1.2.0
11f1139c-e30e-4682-b316-373d036f2875,AHAzrLgX9nwtMtUvkGVHg2xvtMaopKt6gVe3a3E4DaxR,2026-09-03 13:08:08.396251+00,MONITORING_STARTED,"Quarantine ended, monitoring started",1.2.0
58cc9526-6b02-431c-9b2b-c111a47f816e,6zSqTexgmm25guNRjXUv3ZiGrzV94kodXrNcJ4T3stok,2026-09-03 13:08:10.882673+00,MONITORING_STARTED,"Quarantine ended, monitoring started",1.2.0
49f39543-e782-49db-9c19-43c5f9b5a909,FgoCy7MTA9zymaY9YXFZ7quwsjtoBi7fvUp4jn7apump,2026-09-03 13:08:13.351294+00,MONITORING_STARTED,"Quarantine ended, monitoring started",1.2.0
1c2a3ca8-4651-4449-9251-fba3107ab313,EDY1j37JHSYbfaDXAAKfB5zhy7n5MqnAQTQd1GSLpump,2026-09-03 13:08:15.868457+00,MONITORING_STARTED,"Quarantine ended, monitoring started",1.2.0
10275193-de29-493c-85a3-5e55d3d9bcbe,33shNmhNU1FjtAjVmNPD2FR9Kuk2uMTHFgyYjaPtpump,2026-09-03 13:08:18.346534+00,MONITORING_STARTED,"Quarantine ended, monitoring started",1.2.0
a7087deb-6b8a-4dcc-a740-cda937de7a34,9M6UYDWNX7Q16smL796mkKSCCb4dEmcmFLLEBJZspump,2026-09-03 13:08:20.888974+00,MONITORING_STARTED,"Quarantine ended, monitoring started",1.2.0
a211c0ac-3616-4f74-ae37-dcdc1e83999f,Ck377NeTAQ1ayhBtNjm3umscNkpekBtcJHjPJrtNpump,2026-09-03 13:08:23.38322+00,MONITORING_STARTED,"Quarantine ended, monitoring started",1.2.0
8d1d8366-6e7f-4e58-aa5d-6fd198dd9524,AykP15ZuLonepva4Hm5YvPC56zJ32Rdju2gScKwRpump,2026-09-03 13:08:25.871564+00,MONITORING_STARTED,"Quarantine ended, monitoring started",1.2.0
75babbe7-df88-48d1-af0d-c97637401d50,3tnzx2WWX5fhvZH9pc5TjP247E5ufR4uG48wPn6Dpump,2026-09-03 13:08:28.347258+00,MONITORING_STARTED,"Quarantine ended, monitoring started",1.2.0
3251f608-b932-47d7-af3b-3beaff9281a3,2r6pXr3kiu1rhpDYJHbf2DjvWhuAdZvcKXnynME8pump,2026-09-03 13:08:30.824341+00,MONITORING_STARTED,"Quarantine ended, monitoring started",1.2.0
ae547a40-cf88-4c8a-b931-62ae8fbe8952,13NdXgxxrxhjhJ7BPr7MGT5GjDJXn6A4NMZHowpMpump,2026-09-03 13:08:33.304439+00,MONITORING_STARTED,"Quarantine ended, monitoring started",1.2.0
4e0c64f5-0182-4236-b937-12cf53d6be80,HUQ8tBGdgq2uUDcUPxUyiXaxf4Ytvprv8AhYkeh1pump,2026-09-03 13:08:35.905288+00,MONITORING_STARTED,"Quarantine ended, monitoring started",1.2.0
106a7103-658a-49f7-9b5b-73928a2d10a0,DRMmkdvdnCxdPqqwxZkSnwiTEsF2czW361BwE8fhFdex,2026-09-03 13:08:38.397835+00,MONITORING_STARTED,"Quarantine ended, monitoring started",1.2.0
8f184b79-0e22-46f9-bede-71cc7b8b00e9,NjGzCD9aJhiUAixHnSh5GqHnSxoAPKsvLjzchQ8pump,2026-09-03 13:08:40.844866+00,MONITORING_STARTED,"Quarantine ended, monitoring started",1.2.0
5aec2dc4-a575-4e61-9c29-157bbece95f6,GGpRUMfk4YNeYn84YJ4iKPxzWCdu6xTKZLqmqUTLpump,2026-09-03 13:08:43.338653+00,MONITORING_STARTED,"Quarantine ended, monitoring started",1.2.0
0560d001-9fe4-4ae5-a57b-d9c38088516b,7Q59LtM8TMVCysdjCAd1r5s3hKxvzRc9mjTNUsdcpump,2026-09-03 13:08:45.718197+00,MONITORING_STARTED,"Quarantine ended, monitoring started",1.2.0
aba52ff0-8e4f-4782-af1d-a7e2fadd8ec4,4dmxsK1t1Fz6eTiH3p35K8gdB2hpSXmMFe1w1mWBpump,2026-09-03 13:08:48.388023+00,MONITORING_STARTED,"Quarantine ended, monitoring started",1.2.0
b7e12f82-67d4-4ffe-800d-e8a008c583cc,9LHNJercroLqBMfq2V2Dmx3VmF5CR8n1Nn1ctipspump,2026-09-03 13:08:50.84345+00,MONITORING_STARTED,"Quarantine ended, monitoring started",1.2.0
8827b05d-6cb3-4851-905b-b0d5347e4f16,DHtaU4F9k9YdhmSY6aFvABgHKVJXqiMXv9GXwAzuGbgN,2026-09-03 13:08:53.369411+00,MONITORING_STARTED,"Quarantine ended, monitoring started",1.2.0
a451413f-2d70-472e-a7ee-188ff9bfd4dc,27tbGc7DGrjnA3sz1XZgd524pCtmrLFWTfJaNutvLNKR,2026-09-03 13:08:55.752318+00,MONITORING_STARTED,"Quarantine ended, monitoring started",1.2.0
6fa0ac05-f4e6-48e5-b6de-f6ce7fad7438,EwJi9RdHKTf6wq2qD3Z3Yn4vh42kKuMyXAZzKMKipump,2026-09-03 13:08:58.363106+00,MONITORING_STARTED,"Quarantine ended, monitoring started",1.2.0
05999afd-0241-49f7-ab3c-c8d6b7dd7bc0,9gDAFjCfxPVcMrJMpQu4zEpuPRRKQdX93MBUWnjApump,2026-09-03 13:09:00.824+00,MONITORING_STARTED,"Quarantine ended, monitoring started",1.2.0
0d54b7ee-6c8e-4dc7-a6a0-de297fc045b8,75mRwR45Wb5UDTgazRYBzzKyF6nFNxVjVHffR8t7pump,2026-09-03 13:09:03.354563+00,MONITORING_STARTED,"Quarantine ended, monitoring started",1.2.0
b46501d6-3a94-471f-8174-7ef40d5bfc31,Hs7N63fmuC2yBp6LAnoHkFwfHu2n4eCf3AEWDAtnpump,2026-09-03 13:09:05.843583+00,MONITORING_STARTED,"Quarantine ended, monitoring started",1.2.0
c5e62e50-8316-4df3-88fe-3c8e6d01c0c9,HvvnKT6zZiS8Kkd3ZMhr73M1KiYu7QYMNjq3b8Xjpump,2026-09-03 13:09:08.386826+00,MONITORING_STARTED,"Quarantine ended, monitoring started",1.2.0
5db0404e-6062-4e21-b7df-24618365e443,F6gfM5bsh8Wx8rFsVJpzuYJoZZ5gTUc4WiYAPdAUpump,2026-09-03 13:09:10.856797+00,MONITORING_STARTED,"Quarantine ended, monitoring started",1.2.0
6f67cd8f-1174-468f-8bd4-cdde1f987ad0,EGGxzLiFNcceaoyvQuZH6pGKPQSUW2EihC5YapPdK5yN,2026-09-03 13:09:13.360074+00,MONITORING_STARTED,"Quarantine ended, monitoring started",1.2.0
e11f1d82-4d8a-415d-a1f9-ce353aac258d,HSftPqKfWrJAQ8tw8NVgsnXthc9BnRU9iHR4tthzv9QT,2026-09-03 13:09:15.892101+00,MONITORING_STARTED,"Quarantine ended, monitoring started",1.2.0
cbe03cd2-2a8a-482e-9f1c-6440d78054ae,8RvUhjZ5MV7hH9XUks4PEGvkQcCPmx6C9Xaqx3uZpump,2026-09-03 13:09:18.259613+00,MONITORING_STARTED,"Quarantine ended, monitoring started",1.2.0
fe36a4bf-9103-4b67-863c-ac5894e3a564,65w6xwuKfhFpj5XVoJEqrfN5xJN6gAkGzVrkzH12LouU,2026-09-03 13:09:20.835539+00,MONITORING_STARTED,"Quarantine ended, monitoring started",1.2.0
ad0dc9f0-2ea3-46dd-b9cb-3ca80854391a,BKDiVXDYd4Y3x1dKRiSHZKShSbu4PRm5sW1PuHgCpump,2026-09-03 13:09:23.389275+00,MONITORING_STARTED,"Quarantine ended, monitoring started",1.2.0
8c9dfaf8-8711-49c6-950a-e4e84c4c8412,7sQcnoRsVisys1wUApDqukUmDRJUe1aZ77CaiKwarVbF,2026-09-03 13:09:25.845139+00,MONITORING_STARTED,"Quarantine ended, monitoring started",1.2.0
09d075d2-a41f-4c4d-880f-f66eeece6b7c,928jRD8A4hcqad24TwrtQuZkrqXUTZKcydH32rZxaCgD,2026-09-03 13:09:28.337023+00,MONITORING_STARTED,"Quarantine ended, monitoring started",1.2.0
b7b20831-6696-4954-afcc-3663f79bd594,2HvhMud2Vbjfyydsx5uPhZVpZ3gsq5M7hXzFrZfBpump,2026-09-03 13:09:30.751931+00,MONITORING_STARTED,"Quarantine ended, monitoring started",1.2.0
ec63ff84-a667-456e-addd-238b6d87c88d,8PyYPTa1gEVvk2JQ3LhX1aM7zg8kSAw5qeUyS1Lpump,2026-09-03 13:09:33.301137+00,MONITORING_STARTED,"Quarantine ended, monitoring started",1.2.0
019005ce-b222-47ec-be7b-69669da441fa,7VPrGu8dwLK7YFZu3Z6FmAwRmUqKuBRzBSNvuUvCuNwV,2026-09-03 13:09:35.850359+00,MONITORING_STARTED,"Quarantine ended, monitoring started",1.2.0
1bc03fec-2c88-4114-9300-2411c4d4c28d,7psiMbnC4xVRs5vB2BesbSk8myhRZ4d8G29X63QZpump,2026-09-03 13:09:38.354347+00,MONITORING_STARTED,"Quarantine ended, monitoring started",1.2.0
f4852deb-1a7d-4dab-a641-dda7d61c24ba,3PZAe766xNghoLyASMuYgx2mFDW2u3qnsU8MYknQTEwp,2026-09-03 13:09:40.838424+00,MONITORING_STARTED,"Quarantine ended, monitoring started",1.2.0
7b101f06-b6ee-4190-abe1-fbb62007e421,E94YopQRTBLk91Nq2FJgPWy81dq1bqNaj96otUcgTdE7,2026-09-03 13:09:43.345417+00,MONITORING_STARTED,"Quarantine ended, monitoring started",1.2.0
32b05a70-6623-4a84-b7f3-5cba5f80cb5c,RucUi81TqyAxLLSNePYBbP26MNDrCXWrCJsfqKPpump,2026-09-03 13:09:45.83885+00,MONITORING_STARTED,"Quarantine ended, monitoring started",1.2.0
b83ac99c-f1ba-4e33-9879-e316e9c87b3c,5iWSgThgfajnAsUXeYjnZE2966tdW9kitmHyUuy9pump,2026-09-03 13:09:48.258906+00,MONITORING_STARTED,"Quarantine ended, monitoring started",1.2.0
6cb760e9-2674-4f66-9f7b-67f741a9ead1,9ykE4HYhijFXhk11CoWBdEBuQ78dYp3qqbFK5oRVpump,2026-09-03 13:09:50.829069+00,MONITORING_STARTED,"Quarantine ended, monitoring started",1.2.0
f0f4a1ef-99e3-48f0-9fbe-a9a7740233e3,Cd2b8guD4a4fgNng43Wk9sHDJ11tB8ie3EGABjWdpump,2026-09-03 13:09:53.236768+00,MONITORING_STARTED,"Quarantine ended, monitoring started",1.2.0
38995601-3def-486a-8d79-3cf34c466457,5CYBqT5kaoAtJia9ubmDZ7ThSjNDhXERfKhSC2q9pump,2026-09-03 13:09:55.730041+00,MONITORING_STARTED,"Quarantine ended, monitoring started",1.2.0
cfab8298-124a-4be7-9eb6-cd09e0d82954,CSRRgTwf9o5KLgguS2M16aEAhV5PUUzfshrAAQ8opump,2026-09-03 13:09:58.324233+00,MONITORING_STARTED,"Quarantine ended, monitoring started",1.2.0
8f88c14f-b59b-4fec-bb13-8f283cacfe7e,H7aKCfh4uX5do7rE5pRCqfXskuMM4M9T1HAGSEYfpump,2026-09-03 13:10:00.896596+00,MONITORING_STARTED,"Quarantine ended, monitoring started",1.2.0
e07b14b6-eb80-4c48-89cc-56f42d0e3518,B71Lm9jzY8Urkrqf7Td7W8mcRX5ha4mym3UW5JG6pump,2026-09-03 13:10:03.238552+00,MONITORING_STARTED,"Quarantine ended, monitoring started",1.2.0
abb04d3c-f0c2-4258-ab9d-5ddd468f86ba,93MSmvh53AcGFuBQah25zU1w4MoH6HXdtHx1aqwesXwD,2026-09-03 13:10:05.890148+00,MONITORING_STARTED,"Quarantine ended, monitoring started",1.2.0
8238e7f6-e794-491d-b04e-3d6fc5b2de0e,E5YkB2XFsi8GHZ2CLoaowcZeFftsjm1MreMraPbZVGKz,2026-09-03 13:10:08.324028+00,MONITORING_STARTED,"Quarantine ended, monitoring started",1.2.0
aa2322a9-fdc6-44c7-8d1d-14de270e0c89,MzuosvncXoJAHaem7JtWoek8NXGojFWyM8ZGwsZpump,2026-09-03 13:10:10.813186+00,MONITORING_STARTED,"Quarantine ended, monitoring started",1.2.0
d2616a81-5b57-4058-8dbf-c383a68274ef,AU92uCTRJVjAW7eSfW5t8asMxqjaPM8v6X9ByZQGZfcJ,2026-09-03 13:10:13.386979+00,MONITORING_STARTED,"Quarantine ended, monitoring started",1.2.0
45711c30-c01b-43d5-b588-9aed96c7a24e,3ggU45hkA1h14175yh9z9bxXaYGKoZES7fNEYxUb6hw4,2026-09-03 13:10:15.824269+00,MONITORING_STARTED,"Quarantine ended, monitoring started",1.2.0
f9386364-f980-4f60-ae7c-ccfdbe101f45,5PntZAEaNrCKpaHC334b9pATnUELsYE2WRyhdBYMpump,2026-09-03 13:10:18.33272+00,MONITORING_STARTED,"Quarantine ended, monitoring started",1.2.0
8190bde1-802c-4451-a14a-cbdc6cd4da64,HRwUUJXBpW9zjY3oUb8cgzqoby3ozpwuSCRW7tUHNdpg,2026-09-03 13:10:20.898298+00,MONITORING_STARTED,"Quarantine ended, monitoring started",1.2.0
fb3ab221-738c-4d36-9349-950e39507eae,3bDHhpewuWbWZcGCgUbmEyvQuhbeaKBKzBuKJgkXpump,2026-09-03 13:10:23.311444+00,MONITORING_STARTED,"Quarantine ended, monitoring started",1.2.0
b2421f25-afbf-47b5-bc4a-f20fc8f67f67,HtHME5mpfBa6PT8cc9JULtzYDWTNYX4husuMKsTxpump,2026-09-03 13:10:25.810513+00,MONITORING_STARTED,"Quarantine ended, monitoring started",1.2.0
e1c59f06-163f-4b26-a4de-451cc6b27940,JAMgixLafTHLCXp6DZp6vzGcoo7BATtftn5MLNMedjFP,2026-09-03 13:10:28.33303+00,MONITORING_STARTED,"Quarantine ended, monitoring started",1.2.0
2e0caff8-73a7-457d-b8ae-2bd111e900c5,tC4iY6ym1HfvS2RCzVovhJGbf6MkxcXSsuV7Rbbfd7y,2026-09-03 13:10:30.815425+00,MONITORING_STARTED,"Quarantine ended, monitoring started",1.2.0
50c519c6-e20b-48ac-8c93-69f46c2a52c6,GiaVByahUb73UdNtx46tDtUpBt5XJqLYc7w73RdVpump,2026-09-03 13:10:33.367305+00,MONITORING_STARTED,"Quarantine ended, monitoring started",1.2.0
9d2d270c-41dd-4f85-bbdd-ac086f72f616,Ft7Zin87WaHMTsJRz9k9ZsPhfVuTXGbkAxxRui2WZph2,2026-09-03 13:10:35.826582+00,MONITORING_STARTED,"Quarantine ended, monitoring started",1.2.0
77f0f179-fc35-4eeb-afb9-27d8a5961989,EgTDnuUcbAvhS1DdRFqsML9PD5xtBhDQs4uSDs9tpump,2026-09-03 13:10:38.386448+00,MONITORING_STARTED,"Quarantine ended, monitoring started",1.2.0
50fe07c9-be1a-4857-b0ea-9e1fc2bba80d,9XnjNoaqgqMkVeNAUwz2xs6jvphyRvxmTDsAqskLdEnA,2026-09-03 13:10:40.82512+00,MONITORING_STARTED,"Quarantine ended, monitoring started",1.2.0
98d6572a-c907-4499-b57e-27e473f12169,CG8yDDsP5PqhixEbLjZvG2tAxtcfsfxmSVqsx3Kxpump,2026-09-03 13:10:43.290388+00,MONITORING_STARTED,"Quarantine ended, monitoring started",1.2.0
b911be02-65e8-4bd0-ba99-d7f7778643c7,8R5eqpK7rQofoLnmHNsnBBADDgcGhBNCnr1Ducf2pump,2026-09-03 13:10:45.843042+00,MONITORING_STARTED,"Quarantine ended, monitoring started",1.2.0
eaeae201-34f4-4848-95ba-c6265cb9a33d,DYAaCD3sdRpwbf1hFxe8E9AnPHVynGbfnuDEPALKpump,2026-09-03 13:10:48.364415+00,MONITORING_STARTED,"Quarantine ended, monitoring started",1.2.0
023236f3-4947-4ae8-92eb-34f97e0e8141,t1smJzZt9aUEWjaGJYpqStJ3yLYPcqSwaHGh83ubjRP,2026-09-03 13:10:50.913913+00,MONITORING_STARTED,"Quarantine ended, monitoring started",1.2.0
0da450b3-e5e3-4d90-a74d-3366a2ee915e,64PAAiijqQACMH3nbWsFtqQ2TZaqrT3WLF2tkbeEpump,2026-09-03 13:10:53.367839+00,MONITORING_STARTED,"Quarantine ended, monitoring started",1.2.0
0b07b9b2-0eab-4ea9-92e1-2538f1737dae,6mYykKMQwMm2UQBoJFcQpwKgJD71jQZ2L8ncNDT9pump,2026-09-03 13:10:55.821592+00,MONITORING_STARTED,"Quarantine ended, monitoring started",1.2.0
f7975d3c-86d3-4103-8c3a-39d611522671,2Q8tHSimZLBb2v3BfNNSVbs4bKYxNJ84NpzuajG6p1aQ,2026-09-03 13:10:58.340663+00,MONITORING_STARTED,"Quarantine ended, monitoring started",1.2.0
4e415cc4-d4e4-4331-9fb7-1ff1799a0ed4,G8wFeagXt6jt6mY9M2kNujsRqQX6NHZNUzDNx1Q5pump,2026-09-03 13:11:00.892474+00,MONITORING_STARTED,"Quarantine ended, monitoring started",1.2.0
05141883-4d05-4a35-bfa7-38f10f278acb,ERvGimpyqnuiZ5vaBjd3bWA8GEtM2erT4c5SoiPPWv7k,2026-09-03 13:11:03.34282+00,MONITORING_STARTED,"Quarantine ended, monitoring started",1.2.0
2ddb7084-fbd5-4925-9721-5e2f1cca4196,CnRbeGkMFK5jprNUjyzdcnYgPB6CJk9VccmjmWEmiJtC,2026-09-03 13:11:05.836935+00,MONITORING_STARTED,"Quarantine ended, monitoring started",1.2.0
3c43a407-f34f-4436-adbe-d506d7fa6d89,Dp4SHtcvzDqZ8ozg4NTTekQskPi2MWNK2GFx1F6Kpump,2026-09-03 13:11:08.365269+00,MONITORING_STARTED,"Quarantine ended, monitoring started",1.2.0
afe1c6a3-40c0-4ef5-bfc8-b1f3f9f28d08,Afos4Rke9x64UqVnf9ZF9TvHRUMMFdGe1JXYxt8z3HK7,2026-09-03 13:11:10.824934+00,MONITORING_STARTED,"Quarantine ended, monitoring started",1.2.0
d75fdddc-6403-4536-a20a-236d903a6ec9,CXG11xiLJVf8umnmXXGUobBKmb1p85ptkikMmSNEpump,2026-09-03 13:11:13.243268+00,MONITORING_STARTED,"Quarantine ended, monitoring started",1.2.0
60841871-6f64-4c24-a311-7bad56dda6e2,5rDauqJEKodE7cJMbKUJHPFY793qUbgYUfrWNo5Kpump,2026-09-03 13:11:15.887556+00,MONITORING_STARTED,"Quarantine ended, monitoring started",1.2.0
f3d5d50d-349d-4d8e-bc42-ebb2a118949a,62MqxAoeEJQBZMMKrbcLUkAvohHEsq88hjAqhBV6pump,2026-09-03 13:11:18.351642+00,MONITORING_STARTED,"Quarantine ended, monitoring started",1.2.0
2b3793f4-5e6b-4898-95d1-2d3e5a1e573a,Hw4PvsbCbgKevJc9iyMgbwevoqU1SiejGesuVF8JA8ee,2026-09-03 13:11:20.767688+00,MONITORING_STARTED,"Quarantine ended, monitoring started",1.2.0
37376b16-bf01-47ab-b715-7578c6a89bc8,9LZ3UaDM8rS8AMv8VCLg9BnWw5JN4JFxbzbPjVHHFsjo,2026-09-03 13:11:23.389626+00,MONITORING_STARTED,"Quarantine ended, monitoring started",1.2.0
87ed4d4e-e565-4a79-9c35-2f4209c85238,Ee1LDwvfA99CvFRxTZi93kj3A9AvN6wuryiffp3Dpump,2026-09-03 13:11:25.906003+00,MONITORING_STARTED,"Quarantine ended, monitoring started",1.2.0
3337fec6-bbd6-4116-8c78-850506ecd388,6PipCS2EJ5fH9boGbJxStcsRpNh5WbN3dSZycLWPdbi4,2026-09-03 13:11:28.374878+00,MONITORING_STARTED,"Quarantine ended, monitoring started",1.2.0
271b5be1-1689-4ae7-85a0-8ea6682021e5,81voyUHfuimgHQWkHS4e1nbu94pn54TGbqXYwh4gpump,2026-09-03 13:11:30.889851+00,MONITORING_STARTED,"Quarantine ended, monitoring started",1.2.0
752baed4-1fc8-4005-b138-47920620cddb,CkH8iAKJhdAvLj9EijKdYwpbhrq6wjmFRZLSu5Rgsjrp,2026-09-03 13:11:33.354689+00,MONITORING_STARTED,"Quarantine ended, monitoring started",1.2.0
c18cca64-cf76-43c0-a187-b710190f1b3e,EhGX4E2sNWuDsxWRmVRyUMTdvdDJp3Rj7pvm969dpump,2026-09-03 13:11:35.729741+00,MONITORING_STARTED,"Quarantine ended, monitoring started",1.2.0
1ca35692-479a-4693-8c6a-c1bd3659d252,7MyRpZSmxFFKTcCDg9aK3ziZnzwPiwqn7szBKJXHpump,2026-09-03 13:11:38.36108+00,MONITORING_STARTED,"Quarantine ended, monitoring started",1.2.0
bb9110ec-12b8-4d51-a69f-c0c03259eae5,8ntHtE7k2xGT8xvQm4iECpA1zxjUypCAm3Go7pmMpump,2026-09-03 13:11:40.84422+00,MONITORING_STARTED,"Quarantine ended, monitoring started",1.2.0
8ca57730-3454-449c-8428-fbde19219db1,C1JVw9Eecb13VRiVyV4QpXFpQNaJjmXWAXoFaGynpump,2026-09-03 13:11:43.353904+00,MONITORING_STARTED,"Quarantine ended, monitoring started",1.2.0
ee7e0070-3430-4f0e-8892-306a2f7e8ef8,7NkRWvEog93ogp7CoU1xoAyB3kpPGCzDurgy2Y2Kpump,2026-09-03 13:11:45.848014+00,MONITORING_STARTED,"Quarantine ended, monitoring started",1.2.0
e512efd9-af1f-48d4-8c08-48bea2d18fc7,2WG6mgKMx97jYCCoiHGcJndvQXjwDgyFeVRAnKH2pump,2026-09-03 13:11:48.330799+00,MONITORING_STARTED,"Quarantine ended, monitoring started",1.2.0
0902b85b-b40e-4822-a26d-db161ac0ab76,F98TCwNAQuz7JtP6ScZaKddepDjnCwmQ5TxkfcgcYaVC,2026-09-03 13:11:50.840473+00,MONITORING_STARTED,"Quarantine ended, monitoring started",1.2.0
27f94ddc-5274-487b-95a4-a3c5b9a79d76,6n55pXa3ZKa2rnNotEPog1SRspWeGiNxU5WkqEkSpump,2026-09-03 13:11:53.354097+00,MONITORING_STARTED,"Quarantine ended, monitoring started",1.2.0
850f45d5-ac71-456e-8dc7-db0e8318e093,4KLo47obTpHj1XYMtMV42qjadaW2xWMAaLduwAwtEebA,2026-09-03 13:11:55.837949+00,MONITORING_STARTED,"Quarantine ended, monitoring started",1.2.0
efa0964c-407f-43d7-955b-ab1eb00b43ee,E8MnCtZVxk6EZAxQBAfzrWTPoCQfyEm7dghbSrMQpump,2026-09-03 13:11:58.390225+00,MONITORING_STARTED,"Quarantine ended, monitoring started",1.2.0
87582733-4a67-4b98-b82d-b5feef560269,ALBFBJq9FQKAV7gC4Ud8A5HopqbLJGpV689jFerbpump,2026-09-03 13:12:00.899011+00,MONITORING_STARTED,"Quarantine ended, monitoring started",1.2.0
a74cdf96-08c6-495d-9604-04c90ced4a24,Ak7JbLvKEFzkcfpvLErnnkQ8xoB2P3HNbLDp6Du2JVSW,2026-09-03 13:12:03.330884+00,MONITORING_STARTED,"Quarantine ended, monitoring started",1.2.0
b2d35414-1d8d-40a1-9054-ca8eb94414ba,EZ3Kxv6kx7FAyXgYok1rwGBy2Y9FrsYuc3U7FzWSpump,2026-09-03 13:12:05.821004+00,MONITORING_STARTED,"Quarantine ended, monitoring started",1.2.0
9a77cf64-1420-46ac-ab70-bc0f7f97685e,BSKaWqQF9wddDHcZSdZRCASqetNBKNKDH5fm3Vihpump,2026-09-03 13:12:08.423742+00,MONITORING_STARTED,"Quarantine ended, monitoring started",1.2.0
08964246-14ef-4f58-afa1-2aca6d282f64,2wfpCZgazHdU9YGabBaALhvRHpcE5WY1vEXaQdxMeNWZ,2026-09-03 13:12:10.780191+00,MONITORING_STARTED,"Quarantine ended, monitoring started",1.2.0
8b738ac7-91cb-4483-a9b1-4b113e51a235,12XbaatU9FaTM78F5WcahY92gQ6ammCpAGBxgwAtpump,2026-09-03 13:12:13.337143+00,MONITORING_STARTED,"Quarantine ended, monitoring started",1.2.0
339cc659-0539-4eb5-a022-5a2cae262278,qb4mvBUBcj3FEyrefJdwiaix5ZCUsFQZNzzDPrrpump,2026-09-03 13:12:15.796971+00,MONITORING_STARTED,"Quarantine ended, monitoring started",1.2.0
0c7433da-995c-41c7-9f28-9112b48654bf,HpWnGa2UtSTmy5VU87XGm8yPKZc93P7F927LwjQ5pump,2026-09-03 13:12:18.22009+00,MONITORING_STARTED,"Quarantine ended, monitoring started",1.2.0
5e67e1ae-dcc5-43be-a062-d32cdffa4ce6,79wqMK5SsGJc8mFLVG8RZUUzHVPXFcVKCj5aBkjyqs6D,2026-09-03 13:12:20.890928+00,MONITORING_STARTED,"Quarantine ended, monitoring started",1.2.0
90f6632b-aacb-4a71-9e5d-cc76c6f40642,DRDtQGgs2jpqkNNtahkXBf8km3zQ3TWYYV1EK6pEpump,2026-09-03 13:12:23.380981+00,MONITORING_STARTED,"Quarantine ended, monitoring started",1.2.0
4f1e4ced-eeda-4595-bbf9-18d895ef6e1c,D93aSbr316fG39s8Jvqnqmcj39ZxFpJxutu6doVNpump,2026-09-03 13:12:25.843806+00,MONITORING_STARTED,"Quarantine ended, monitoring started",1.2.0
72376eca-dd36-40f5-9554-ad201a949829,9J6LmyS7TrsHjpDH84Jpw5vB7C8ZQ6LTL5wuSrPdpump,2026-09-03 13:12:28.38094+00,MONITORING_STARTED,"Quarantine ended, monitoring started",1.2.0
e5cf70a4-f552-43ec-9af4-e4e187460edf,4fsEWifM7BNjAYj77o6ma2LFjz6cQ1vqGcGJyxxxpump,2026-09-03 13:12:30.751065+00,MONITORING_STARTED,"Quarantine ended, monitoring started",1.2.0
fb90e6b6-8f8b-4f3c-8d29-f79a1006bf17,2Ycyk4qGxPsUu9Hu2cKdMdaCqvZjcoz3gTPpMxX3pump,2026-09-03 13:12:33.330075+00,MONITORING_STARTED,"Quarantine ended, monitoring started",1.2.0
730d79d3-ed85-43b9-aef8-1ec9a29fee6f,46T1YG4nKhhWY4jiRPBmSV5aU6TN1KUV9BKqcq2K97wY,2026-09-03 13:12:35.784121+00,MONITORING_STARTED,"Quarantine ended, monitoring started",1.2.0
b796c2f5-0abb-40fc-af51-fdf37ca711e6,YHs69jqML9nxSM7vNEuT2HC3Q62MQdLRcz6fmdRpump,2026-09-03 13:12:38.31763+00,MONITORING_STARTED,"Quarantine ended, monitoring started",1.2.0
76ac7d31-6e51-4d48-a4a2-39e73f9e8139,4KNYU3H2FmuSWMpVeF4mkzGnGK5VRoDgsWYV6YFrpump,2026-09-03 13:12:40.840265+00,MONITORING_STARTED,"Quarantine ended, monitoring started",1.2.0
618ccf96-a234-42cb-aa66-b9c533f00cc9,59mXodQ31VyP5fj4uz9qsCkhL17k1Ec6irLeqPARpump,2026-09-03 13:12:43.274444+00,MONITORING_STARTED,"Quarantine ended, monitoring started",1.2.0
7ef7c47f-21c5-40a5-b523-41a39ca812f2,4xRBUZCAq4kMsPLsfB3gSvzEYzeYJ4woUqkqc4GMpump,2026-09-03 13:12:45.825588+00,MONITORING_STARTED,"Quarantine ended, monitoring started",1.2.0
7c4fdc3a-478a-47f4-a0b2-6e605f74bdcb,4h5d9ejz8QSfzhAAVMLU5s9uFNzv3xmK6UuZK2PDpump,2026-09-03 13:12:48.32735+00,MONITORING_STARTED,"Quarantine ended, monitoring started",1.2.0
5346e8f3-9d21-4edd-8aa8-370b63defcea,6z5ML9BDLDhvzCLeEdMyz5DHcC1nfsd9PtViu2Lpump,2026-09-03 13:12:50.885651+00,MONITORING_STARTED,"Quarantine ended, monitoring started",1.2.0
268d30c2-5ed0-4355-813d-69c3b8b7fe4b,XyLfqpzVuvpJ3Z9ThdcUdPHkGfnSaYNXdWDKaJGpump,2026-09-03 13:12:53.321448+00,MONITORING_STARTED,"Quarantine ended, monitoring started",1.2.0
d907c7ce-3623-4674-a666-e8e173056e33,FVvAfW3K7cBr1LpLZWMvgmwM3qsGMojdxJjNgKLJpump,2026-09-03 13:12:55.900222+00,MONITORING_STARTED,"Quarantine ended, monitoring started",1.2.0
37363da1-e659-4861-bf31-01c1494fcc8d,8cbS66zJp2mf7tNjgbkVtCWCb4kumnEduLpkQbFsburn,2026-09-03 13:12:58.31869+00,MONITORING_STARTED,"Quarantine ended, monitoring started",1.2.0
92280977-0206-4c06-917c-7052f25e04be,X2oB1Mp8ZbkQiUcMwzYbkehqtVq3MZfMANDCGarpump,2026-09-03 13:13:00.873829+00,MONITORING_STARTED,"Quarantine ended, monitoring started",1.2.0
a075dbc4-e944-432c-844b-a78ce7acefbf,A56ZES8x3vVQhi2YC7QwCiN9uyxixorYsmMT55MMpump,2026-09-03 13:13:03.328117+00,MONITORING_STARTED,"Quarantine ended, monitoring started",1.2.0
1ab0bde0-902b-4055-ad06-92a16c524d11,g7Mf4oATpA43aG46a49FarThR8CqPkgRNysQrnPx9oS,2026-09-03 13:13:05.795668+00,MONITORING_STARTED,"Quarantine ended, monitoring started",1.2.0
02bdd8aa-baf8-4e29-8000-d9e327177616,AU8ZmbsXDBuScnUyLuqtxtdaQER6M3LVtxdcfcmCpump,2026-09-03 13:13:08.302302+00,MONITORING_STARTED,"Quarantine ended, monitoring started",1.2.0
8abc3036-389d-4925-9681-08a605c35669,8ahGYNWnE1QGxptZLSymeYuVpxX7Ed39YhFyjPy3pump,2026-09-03 13:13:10.708575+00,MONITORING_STARTED,"Quarantine ended, monitoring started",1.2.0
22e3f246-37ab-4d76-9e5e-8ff435910176,NFA2vkDtr3ghgKasVNqJKGknWB7PGTiMS2oLWWR53V6,2026-09-03 13:13:13.338093+00,MONITORING_STARTED,"Quarantine ended, monitoring started",1.2.0
24049681-5662-4f6d-865d-72a7a7fed0ca,BB5VU7LxXrB2p3dZnQeeBE6fmCpYMf5vR6K8tRFqpump,2026-09-03 13:13:15.817338+00,MONITORING_STARTED,"Quarantine ended, monitoring started",1.2.0
c333b6c2-2368-49df-9a7b-64a8e751844b,7W8uumZvFWDegwhSLiZjUng8wouwiVXhUV9A1DPPpump,2026-09-03 13:13:18.362534+00,MONITORING_STARTED,"Quarantine ended, monitoring started",1.2.0
20383cb3-2fae-4d01-8bb1-8d53d118f886,AoEHGTFvykuV9Nhk5Tb5fSbKnS7zgUN5zw3TUgpJpump,2026-09-03 13:13:20.823319+00,MONITORING_STARTED,"Quarantine ended, monitoring started",1.2.0
8c00c601-cc8f-4073-b779-4ae0f9adf3ff,3kwDUuS5f1QtSgiypuLvnXMyxp74sn9PCinh4h9Vpump,2026-09-03 13:13:23.353938+00,MONITORING_STARTED,"Quarantine ended, monitoring started",1.2.0
6c8b64ec-2c29-4297-8392-15462fcbb8c2,tahKR4TA337akDkgfGZ5Qaeng4ABdov49rVePABpump,2026-09-03 13:13:25.862249+00,MONITORING_STARTED,"Quarantine ended, monitoring started",1.2.0
2c0bf33b-5afe-4cbb-86d0-0661223644fd,6Bd2opj5LteW6hvdJUjYw8SdfVQYAJ2NeonfgEHMpump,2026-09-03 13:13:28.390897+00,MONITORING_STARTED,"Quarantine ended, monitoring started",1.2.0
2eedeb2e-1d2c-4f09-a2ae-9ddee9e6872a,E22f92KYQgo4cu6pTpBVTVvnBDcWyAJGwGB9i5mNpump,2026-09-03 13:13:30.82661+00,MONITORING_STARTED,"Quarantine ended, monitoring started",1.2.0
7fa34cc6-7c35-4bd8-b0c6-d1212a816bda,46kwQaZdcuSNuyqjWJsiWBxsUFbAxWFDYWwx9ePipump,2026-09-03 13:13:33.404868+00,MONITORING_STARTED,"Quarantine ended, monitoring started",1.2.0
b6979937-6ed7-4e08-bcc0-9a87ec4c9e5d,648CgFCcFXCPUWhaa5V5W1tFDDfuEtCVVp3EQjTmpump,2026-09-03 13:13:35.827843+00,MONITORING_STARTED,"Quarantine ended, monitoring started",1.2.0
a5602e54-6b58-4227-8c4f-63cfe2a6f089,Fw6ksDUW7agYgvJuAMMa5zw9C9Qe2RV85j4j3oXipump,2026-09-03 13:13:38.381669+00,MONITORING_STARTED,"Quarantine ended, monitoring started",1.2.0
cc2bd963-4371-4808-bf95-b4c5d472a7cd,2gdGXkBriQ87rGT3LWGUJr3NrUTbSWdCJgHbTnBNpump,2026-09-03 13:13:40.851883+00,MONITORING_STARTED,"Quarantine ended, monitoring started",1.2.0
5c60ee82-128b-4293-9750-29ff9bd61bcc,EzksuFJL96xtnhqam9YowehVPqGu5wv9ixStJ8pHpump,2026-09-03 13:13:43.393122+00,MONITORING_STARTED,"Quarantine ended, monitoring started",1.2.0
4a066a75-952e-463f-a5bc-a9717f280e09,BWrSJTzFnGALx2VimQu6D5Xt81G5DBMQ3pGgeen3pump,2026-09-03 13:13:45.870186+00,MONITORING_STARTED,"Quarantine ended, monitoring started",1.2.0
cc33c776-f313-4ff1-b191-79de28d582d3,7mvAKaG39HWm7RtKj9zkgYG21uKFuyHCjJkbuQp5pump,2026-09-03 13:13:48.391096+00,MONITORING_STARTED,"Quarantine ended, monitoring started",1.2.0
133a1288-6549-41ac-b02a-ac9bfd01df81,FZsih1z71YYmcb6saJKiLPQj7hxovSgbiUZ9kxrJpump,2026-09-03 13:13:50.876+00,MONITORING_STARTED,"Quarantine ended, monitoring started",1.2.0
639d1195-c928-447f-96dd-c19cc3b92636,6Fmy4h78tXFyLqHxjspAmh4vnw4U2VEzFoGL3kBNpump,2026-09-03 13:13:53.360839+00,MONITORING_STARTED,"Quarantine ended, monitoring started",1.2.0
39017f88-a90c-4ed1-bb98-339503593371,GiUHYs5Hsv94P8bR9m26DsXsX8E786rQsFsPK6spump,2026-09-03 13:13:55.805228+00,MONITORING_STARTED,"Quarantine ended, monitoring started",1.2.0
205aabd3-2fcc-4633-9a96-0819e8e50d3c,DR34YVxd8VXUmW685DLgDvnmgTzVVsTM2toTNtfWpump,2026-09-03 13:13:58.370765+00,MONITORING_STARTED,"Quarantine ended, monitoring started",1.2.0
b104677e-05cf-4c32-8eb4-04e3953b95c6,9sW8VYpSRp3aJV1tV2q9EqFzJyUu2WX3C9paQ4KSpump,2026-09-03 13:14:00.798361+00,MONITORING_STARTED,"Quarantine ended, monitoring started",1.2.0
8b93cdf1-74d9-4d4b-b90a-67f0749c6095,7Zo7tPm77cPekJmPXh6E3ykrox6toZNDSrSwnGC1pump,2026-09-03 13:14:03.275304+00,MONITORING_STARTED,"Quarantine ended, monitoring started",1.2.0
9e0e3349-9059-49bf-addd-017762138c7b,Dz37RVhUVgguLoxCyfFQLDX3Dw4VBZvQJNvZx4Szpump,2026-09-03 13:14:05.864893+00,MONITORING_STARTED,"Quarantine ended, monitoring started",1.2.0
b4513288-befa-4cd4-aad4-2c77e737a7eb,pcBeadR2nwPNjvvCVM26kfFt7GsuvSwsxGtAiWPNiBL,2026-09-03 13:14:08.301452+00,MONITORING_STARTED,"Quarantine ended, monitoring started",1.2.0
e22b0437-5fdd-4e8b-9295-e58074deb2e0,CfBYu1dsy6nC3oiYmxE3Kxds6auwpoxcErvSMVykVEPH,2026-09-03 13:14:10.934045+00,MONITORING_STARTED,"Quarantine ended, monitoring started",1.2.0
84739211-419d-4705-8de2-c2afa20119f3,GyDBBBhXrUGVpbCzWouixLRYokjQAgHZhDC572Z5pump,2026-09-03 13:14:13.37686+00,MONITORING_STARTED,"Quarantine ended, monitoring started",1.2.0
4b5099be-fee7-417d-bdac-f28a878fef18,C6VLbXq2Rzi2KMKmZQgRJFZ6hUe1RFgoyCgxhUFgpump,2026-09-03 13:14:15.840286+00,MONITORING_STARTED,"Quarantine ended, monitoring started",1.2.0
a6327bac-a996-4ac0-a65a-1995ab6e4da1,D79PMY3svBfF56PpCkd2MYJx9LPrwCxYkmSFV8aTpump,2026-09-03 13:14:18.273292+00,MONITORING_STARTED,"Quarantine ended, monitoring started",1.2.0
ab97f1d2-ad36-467b-972f-2090a5e598d8,73roMdHCGSL1KAeuz5rz7pNd45H4THAJgV6YidswTMoe,2026-09-03 13:14:20.929711+00,MONITORING_STARTED,"Quarantine ended, monitoring started",1.2.0
465fcb3e-fac8-4b22-9dcd-04bc2db01cd0,D7vb5sxgYsbqnGmvrenJXwaQb5ctmmwEs7mXRQkkMnaX,2026-09-03 13:14:23.326198+00,MONITORING_STARTED,"Quarantine ended, monitoring started",1.2.0
11ebf0c8-8ee4-48ac-a059-3ed79757738a,9ikk3mAGGXYJWgm4j1WZ49yC87iEU5VsMU9fKZrspump,2026-09-03 13:14:25.775263+00,MONITORING_STARTED,"Quarantine ended, monitoring started",1.2.0
eb22ba22-20bc-4cab-a060-8b3293f39a97,VVGmSQozMkuHM8B8LKs7ovig6Zdrv72jgcbcqudpump,2026-09-03 13:14:28.39165+00,MONITORING_STARTED,"Quarantine ended, monitoring started",1.2.0
9f46e0b0-d5d2-4a12-b9c7-d500c0d2aa52,Cn7FeyvLrAoda8ufbSrb2rhjxwc4yRGwBBvsPrM8b3Eh,2026-09-03 13:14:30.839285+00,MONITORING_STARTED,"Quarantine ended, monitoring started",1.2.0
33d0ca4c-8f62-42ca-9795-3f8ed7b9ecb3,53ES5nUDRMYMLQXHyVYwntxvmWCyckVRXRWDkzUwpump,2026-09-03 13:14:33.325293+00,MONITORING_STARTED,"Quarantine ended, monitoring started",1.2.0
773b8461-c292-4ad5-b7c1-ec1eb4fb0b90,96uv7R25f4vnyoiCFYJPozze9gyJJf5u3wRHRbEEpump,2026-09-03 13:14:35.76091+00,MONITORING_STARTED,"Quarantine ended, monitoring started",1.2.0
9b0f835c-8442-451a-8e49-4475bc9f32c4,CYavHLucTZQ1kQqM1iVq4sZ4XPWpTfKSVS1PgKJXpump,2026-09-03 13:14:38.275656+00,MONITORING_STARTED,"Quarantine ended, monitoring started",1.2.0
8cebbdf2-0789-48fb-a9f1-0b0d7be5f6d3,eUcj3yg4zVv2hz6b4QS19Beg7y9GzARuphtCKm1pump,2026-09-03 13:14:40.828318+00,MONITORING_STARTED,"Quarantine ended, monitoring started",1.2.0
587f5cca-9a0a-4512-81b1-5555f41b48f5,9ZmpfSq4BjF3Ni5yfdSd9GJZqXAE2MZftzoxXXnzpump,2026-09-03 13:14:43.356684+00,MONITORING_STARTED,"Quarantine ended, monitoring started",1.2.0
bcc21d51-2166-4420-9c5e-84f8b6de3477,Cnte2GpDMvhHJkAbpvCRiBfc3kd4LcuhVCa9puF9pump,2026-09-03 13:14:45.881863+00,MONITORING_STARTED,"Quarantine ended, monitoring started",1.2.0
b9624c7a-1901-4025-8274-b6b2392662ec,7aFGQ7fDuHFcATwGGivdebcLsFkSi1b9emk2dGsxpump,2026-09-03 13:14:48.344951+00,MONITORING_STARTED,"Quarantine ended, monitoring started",1.2.0
347f4901-ddbb-467d-820a-240fe840f19f,5Jmyc3aeLktVL5hEuLcdo7DvwiY2nc1D9Fxmi3Qrpump,2026-09-03 13:14:50.796334+00,MONITORING_STARTED,"Quarantine ended, monitoring started",1.2.0
37a136bd-943e-4edc-8f2f-2be6fad773bf,DcxZYnRBF171nKzs1dd2gT2fCnLEJ6nqPRFt66WHpump,2026-09-03 13:14:53.231954+00,MONITORING_STARTED,"Quarantine ended, monitoring started",1.2.0
59e054c2-f5de-4e92-9e29-de842011bd68,9HC7yDTyznLNsedzNu1ra82FE3384tJdsBjk2UHPpump,2026-09-03 13:14:55.879094+00,MONITORING_STARTED,"Quarantine ended, monitoring started",1.2.0
5669560e-6978-4eab-ae61-ef711f25d8e6,HeJY3gwRvLZyknKv11qJ78cbt4aRPuKDy7YAHq3Apump,2026-09-03 13:14:58.266344+00,MONITORING_STARTED,"Quarantine ended, monitoring started",1.2.0
666b22d0-ebd2-4e61-97f6-f04bc6bc8537,GVcTk121rBZqQ495qz4Vjx7LWVSGADdCm5BtPCnVpump,2026-09-03 13:15:00.921362+00,MONITORING_STARTED,"Quarantine ended, monitoring started",1.2.0
eaab04f8-09dc-4712-a5f0-aaf014aa98f8,8nLN2B1xG2QTzffYFyjUxvum6V7MKwdKNE9rnQ4qpump,2026-09-03 13:15:03.397291+00,MONITORING_STARTED,"Quarantine ended, monitoring started",1.2.0
8e08559a-cb47-4925-94ae-c6063f2ac24b,AdpzjgRPzrzQt5dEhJvLzhRmHWb3eQ6BUtVmxpQTpump,2026-09-03 13:15:05.798696+00,MONITORING_STARTED,"Quarantine ended, monitoring started",1.2.0
cfd1208a-1008-4f89-9250-9f424cb54c73,28fHmDG7CD7D1diVcF97gdjztUEc1mNRBvUNoagnpump,2026-09-03 13:15:08.31416+00,MONITORING_STARTED,"Quarantine ended, monitoring started",1.2.0
5954b587-933f-4f3a-a532-49c976bce87d,5uJ8rkiqEs5uzERCqVw9a1eC6BkP54MZAF3D229dyoME,2026-09-03 13:15:10.89121+00,MONITORING_STARTED,"Quarantine ended, monitoring started",1.2.0
f1e2b23d-f2b9-47bc-93ee-4b7996998c1b,CfvwFqrjDimhdMgY9uy25xQSu3LST4tv7u9ZxnRmpump,2026-09-03 13:15:13.297818+00,MONITORING_STARTED,"Quarantine ended, monitoring started",1.2.0
29bbe10b-44a5-4fd4-bfa9-b2f3d03cc29a,GhfYVacYAE8bh99xK2eLNop6gEFnNpzor1XhdVrepump,2026-09-03 13:15:15.831118+00,MONITORING_STARTED,"Quarantine ended, monitoring started",1.2.0
270b47ad-9143-4382-b07d-a76ed4d2d698,GTmRSuqENCavU5BZvaZoSYJnhCmWmKk7GeMmv75CRH4H,2026-09-03 13:15:18.315547+00,MONITORING_STARTED,"Quarantine ended, monitoring started",1.2.0
39743857-eebc-4bc8-976c-6a775f4818c4,Aio2SJ69afHaSZGF7tT9RdsNuDW4pouHoVD3HCcMpump,2026-09-03 13:15:20.897101+00,MONITORING_STARTED,"Quarantine ended, monitoring started",1.2.0
325f6ff9-0111-4df3-8656-96bc57e6ae21,6nWbQH6aSjG83JizxiYKwBRK5njaKvqgm1EWu7rPpump,2026-09-03 13:15:23.289616+00,MONITORING_STARTED,"Quarantine ended, monitoring started",1.2.0
72ba0aa1-4c19-4286-b59d-e4e9b961773e,3MdTbRMscgVcDx5aVBXxmE9qznGVaK2gh8rAaKhUpump,2026-09-03 13:15:25.864438+00,MONITORING_STARTED,"Quarantine ended, monitoring started",1.2.0
5b3dc518-fe0f-4d55-9801-37a1c642bdf2,HzBCGPxhTaN9rRxqFkJCCh8At1ZWudY8jDr3SswFpump,2026-09-03 13:15:28.276973+00,MONITORING_STARTED,"Quarantine ended, monitoring started",1.2.0
78c395bb-8d4a-4428-9f7b-49842c9c6d70,8hWPJYaste3GRRAWcwAV3JYdz6Lk4GkZ4nwLz3mgpump,2026-09-03 13:15:30.849907+00,MONITORING_STARTED,"Quarantine ended, monitoring started",1.2.0
b89e7a26-4030-4b3e-9fc9-14ecb648f6b8,HnCBDvnM3RfSZHxXJpfJ9uVW4B4HTMbPdKdZf3XLpump,2026-09-03 13:15:33.351068+00,MONITORING_STARTED,"Quarantine ended, monitoring started",1.2.0
cb8008dc-7540-4726-a8e7-59843ef3136a,8uSrp69f2Qt1WyUiGwfXNSv52JXbjJoA2FVWmmwapump,2026-09-03 13:15:35.783272+00,MONITORING_STARTED,"Quarantine ended, monitoring started",1.2.0
691b8a85-3844-4f01-b958-fdb0a40e0d37,9ApS1vkNYMrdSibKoCud7gYX99soSBe9KHjoBWhDpump,2026-09-03 13:15:38.353867+00,MONITORING_STARTED,"Quarantine ended, monitoring started",1.2.0
dac7316a-50b6-401a-a215-f6845f535c1d,GqrR58mZHKw6HK9bGLDVLyuu2EZfKUFSRU4p2sjJpump,2026-09-03 13:15:40.739335+00,MONITORING_STARTED,"Quarantine ended, monitoring started",1.2.0
7adfb534-a29a-4613-b821-ea443b353267,5tuKbTVkV6Xkg4aL2F8iPBmY521GBbzVgeDmyExWpump,2026-09-03 13:15:43.321051+00,MONITORING_STARTED,"Quarantine ended, monitoring started",1.2.0
0c1e42f4-b07e-4920-8bb1-dcf166cd4999,E8AUxsLLavnwGQqEztqFY6XZwbHfvrgVgBaxcwi4pump,2026-09-03 13:15:45.762921+00,MONITORING_STARTED,"Quarantine ended, monitoring started",1.2.0
2db21b7e-425d-4efb-91b5-baa3e981e7e8,7bdCY31Ajz3dGdiQkzL6VEtFHs1xhooW1134A6Bcpump,2026-09-03 13:15:48.261087+00,MONITORING_STARTED,"Quarantine ended, monitoring started",1.2.0
5b55d4ea-bf01-4535-a7e9-5c817d7df3a3,EfxdVwr7vrHnM5G86JPdndVFVfMuB4YxtAzr1ppxpump,2026-09-03 13:15:50.871082+00,MONITORING_STARTED,"Quarantine ended, monitoring started",1.2.0
bd67bcee-a4c2-403f-b342-9c2906a7173d,3WqmgTAuonVeoGTFPc7pdPjuxz44JXsL9XhfZLbmpump,2026-09-03 13:15:53.324261+00,MONITORING_STARTED,"Quarantine ended, monitoring started",1.2.0
517a94de-fb2d-473d-84fe-4fb9da587c50,DjVGs3rLy6GVPD9NxfaDqfSHfwXoxz52xRDgSR6mpump,2026-09-03 13:15:55.777606+00,MONITORING_STARTED,"Quarantine ended, monitoring started",1.2.0
b754ad1d-fb6b-481e-a5c9-99f12308e927,XDv73xgiMsUKh811vQtf14dpBsFXapAEE8y5Hkhpump,2026-09-03 13:15:58.322769+00,MONITORING_STARTED,"Quarantine ended, monitoring started",1.2.0
feaf8606-fa11-49b2-816e-563a8ca28ff7,HeKCjqtkcTxEXyLRiBoUT2RFvvgECpexbYGhQJuppump,2026-09-03 13:16:00.828373+00,MONITORING_STARTED,"Quarantine ended, monitoring started",1.2.0
940137d9-771c-4d73-9d78-fd15a9ef5f97,3EFotDUaMcYTLTTtpGsu2ipF9zWpvHBL52CdiBTcpump,2026-09-03 13:16:03.25892+00,MONITORING_STARTED,"Quarantine ended, monitoring started",1.2.0
29995e0b-232c-4b53-95f7-2a03782f5f9b,3PkXvrHSpbJB4wFryEXG8HrgiKmNJZASiEf28GBrpump,2026-09-03 13:16:05.846696+00,MONITORING_STARTED,"Quarantine ended, monitoring started",1.2.0
54815edf-cad8-4e63-b51d-b0948a24e83f,DNJe1VctUNLzyEHLU9hpeTxx5TuYf13YSWmrhXbgpump,2026-09-03 13:16:08.36072+00,MONITORING_STARTED,"Quarantine ended, monitoring started",1.2.0
39e1f953-478d-4e91-9274-95c45294b11c,DwnDpX8KHgS44fHKdYvS5rx2qSeDmwgxfFHFNmdQpump,2026-09-03 13:16:10.819838+00,MONITORING_STARTED,"Quarantine ended, monitoring started",1.2.0
2678d097-b32e-46d6-8982-01ddaa478361,5XxS55TTZC5rEJwpzcK4hKvQ35N7BiE4cYXaEkjjpump,2026-09-03 13:16:13.335042+00,MONITORING_STARTED,"Quarantine ended, monitoring started",1.2.0
273fa218-ecc9-4fe7-8f38-9e9d2c353f8a,s3Xi9Z2B5qjnkEPmwxJ451jGpjRpkAyjLzr7hQfpump,2026-09-03 13:16:15.767373+00,MONITORING_STARTED,"Quarantine ended, monitoring started",1.2.0
ade057da-ae2a-442e-a242-5f9a73179eba,XhKjwneYqmTzCZW8Ru7fwBJMEBRhspw1kcHhnFppump,2026-09-03 13:16:18.23325+00,MONITORING_STARTED,"Quarantine ended, monitoring started",1.2.0
458eb4ec-bf2d-4565-8046-eb2a83048644,DRbEq7UUsyKKW4L1typPJtGXy8Pk8gm7P5HH8QCdpump,2026-09-03 13:16:20.830371+00,MONITORING_STARTED,"Quarantine ended, monitoring started",1.2.0
258342d1-857e-401f-bd83-47a6c3d44480,97PbAqx6JbahfW7baF6k1Q7J4EkqUNY8M8HC7fDVpump,2026-09-03 13:16:23.232975+00,MONITORING_STARTED,"Quarantine ended, monitoring started",1.2.0
26516a38-1280-441b-8fc6-35f810660015,4Va9h3ipJZRtCt6v2EqPCcjJjFU8P1BeA3M3QSuXpump,2026-09-03 13:16:25.800357+00,MONITORING_STARTED,"Quarantine ended, monitoring started",1.2.0
11e31b1e-f5d7-4f2c-be37-5cc7380a70db,6qC3DiLML6MBMA61Fj7seicCBrc28FdzMub16zSRpump,2026-09-03 13:16:28.354729+00,MONITORING_STARTED,"Quarantine ended, monitoring started",1.2.0
03c1a48b-2e87-4396-a72e-ebe65142f536,4dYpZESEYsKZDk3gKbw9mpd2aMfmHgie7wbKpkQdpump,2026-09-03 13:16:30.824413+00,MONITORING_STARTED,"Quarantine ended, monitoring started",1.2.0
e2831632-c598-4ea2-83ed-58ecf4b68066,EnYMMJKBdFMvx4WvajicJmktkSV4Zj4fcdD1w8LPpump,2026-09-03 13:16:33.258092+00,MONITORING_STARTED,"Quarantine ended, monitoring started",1.2.0
ef432377-c654-45f1-a245-b747dfbbd36b,7QEXsEr7az1micNWyvf7qmM9DpuBBKjBw27ry9rqpump,2026-09-03 13:16:35.687307+00,MONITORING_STARTED,"Quarantine ended, monitoring started",1.2.0
1cc4815b-6a2d-4026-b248-7312ef0a2b82,71GRQ9GkECtsuP9s1ThTo4GrwVEmE5HUXyks7sA9pump,2026-09-03 13:16:38.373635+00,MONITORING_STARTED,"Quarantine ended, monitoring started",1.2.0
49853399-71e3-4bc8-b1e5-c9730c945f06,3fUJCmN9TKUndmB9JRGcGYtvxRDscBBAgrf8yacEpump,2026-09-03 13:16:40.832854+00,MONITORING_STARTED,"Quarantine ended, monitoring started",1.2.0
38532a50-d74a-4a0e-86c7-eeebe5d7c429,GU9G1rzYz5CAnW5G6gByWiCyLswdENhaYyjTbpSMpump,2026-09-03 13:16:43.35523+00,MONITORING_STARTED,"Quarantine ended, monitoring started",1.2.0
da01237c-fb72-44c6-a051-b79c7a7dda76,B9rWRpbpYRvDVbFZQwgvaneY55EpULxwLwXmjB1zpump,2026-09-03 13:16:45.852913+00,MONITORING_STARTED,"Quarantine ended, monitoring started",1.2.0
99cd25c6-5b36-4aac-ba52-2434cb12b929,Fj8dD9KUPD9YAJFBc9a8J2YkLx1Q8WdTH9mR4ZWTpump,2026-09-03 13:16:48.268304+00,MONITORING_STARTED,"Quarantine ended, monitoring started",1.2.0
045718a4-0431-43ce-a83d-bb9478c614e0,HL8Pk5kSR2xKagGrCvmHFzURXdq6mu9idp6JTfbupump,2026-09-03 13:16:50.705304+00,MONITORING_STARTED,"Quarantine ended, monitoring started",1.2.0
df46edee-52b9-48a5-be8a-b18c21ae5ec1,NEW37tshbEuVKPZ6et9SDoMpumEy1PfQpX55Vcr8fUL,2026-09-03 13:16:53.326612+00,MONITORING_STARTED,"Quarantine ended, monitoring started",1.2.0
15578105-4e0f-4e1c-b21c-f89111c47b25,J1yoS599NNaynhMw1EUMrHdCASg2fqjthViKEe9epump,2026-09-03 13:16:55.832832+00,MONITORING_STARTED,"Quarantine ended, monitoring started",1.2.0
99fd900b-7327-4a53-8efd-21c529c59790,7orob1bbPVDr97vWHRSEhDQ7JAGGgFZ6uPEwHtZMpump,2026-09-03 13:16:58.287965+00,MONITORING_STARTED,"Quarantine ended, monitoring started",1.2.0
cf88b41c-e731-45c2-a811-acd9f251a146,Cf9mna8m7eSZ6qyCF3E9nnA55CBh2ei3a3WNMj6Xpump,2026-09-03 13:17:00.879166+00,MONITORING_STARTED,"Quarantine ended, monitoring started",1.2.0
3e550ca1-0202-4e9f-9b59-2b8ebebce82a,2eDSbV9rYTvqNkikbFNBn36HL4fYbQM4n5ZGxRG1pump,2026-09-03 13:17:03.359474+00,MONITORING_STARTED,"Quarantine ended, monitoring started",1.2.0
2e9da2b2-fa80-4f38-bf9a-b9b37f51b345,A2wVTmqTcyrBiXqexpskupvyd21ckqoydGtMyPXUpump,2026-09-03 13:17:05.874763+00,MONITORING_STARTED,"Quarantine ended, monitoring started",1.2.0
7d320545-e014-409c-9d73-9d684b57cdbb,B33yWXo4uNSmZDkNMNCNi95DRAChEB2LVFpD1LqGpump,2026-09-03 13:17:08.333313+00,MONITORING_STARTED,"Quarantine ended, monitoring started",1.2.0
9bdb8a3c-6d01-489d-88f6-98eebe25cd05,4xGLW7ZzQXj1UfA1HtsjwDvQf8XoGvvhMYYx9x33pump,2026-09-03 13:17:10.856544+00,MONITORING_STARTED,"Quarantine ended, monitoring started",1.2.0
3becd641-137e-4483-9810-979a16f84473,9eECz3PAyTTYr1YR8B41EAzGCk6bQW6BkFMovLpCpump,2026-09-03 13:17:13.388818+00,MONITORING_STARTED,"Quarantine ended, monitoring started",1.2.0
c76d3a93-8f72-488b-8a52-3706e7ea7020,EjdSHfdgTSvraKco5nDz1d9rX7W1wosKVG5MTwQ2sBM2,2026-09-03 13:17:15.856196+00,MONITORING_STARTED,"Quarantine ended, monitoring started",1.2.0
63266a80-52c6-48c3-9689-167d7a637900,CahoLMbXxyfX7C5UVeRKFrNSUysiXdq2x2u27D66pump,2026-09-03 13:17:18.349805+00,MONITORING_STARTED,"Quarantine ended, monitoring started",1.2.0
fdd01ad5-ba0a-4129-931f-31a76d4b4255,CLd4sKq53pWpjqwaUG3EBnqFMf8242GnZqvPyyqepump,2026-09-03 13:17:20.88138+00,MONITORING_STARTED,"Quarantine ended, monitoring started",1.2.0
0347035c-3d8f-4323-91ab-a4d2953dc51c,GbYwBpr7USaSfpFZrrFE3ccWNpwFJjv5fJFbL8Pjpump,2026-09-03 13:17:23.362733+00,MONITORING_STARTED,"Quarantine ended, monitoring started",1.2.0
bfe37619-778f-4869-91d9-c32f9838c635,8G7aM6Gco4fHjVpmVvUdVvhKMKaWXJEqkCKRvPdepump,2026-09-03 13:17:25.827901+00,MONITORING_STARTED,"Quarantine ended, monitoring started",1.2.0
09996a08-eb90-44ae-a9c8-701a2e797ea5,6cv61jKje9MazgEFeR8SQcjbT8eNGvov36nGSex3pump,2026-09-03 13:17:28.399104+00,MONITORING_STARTED,"Quarantine ended, monitoring started",1.2.0
30a5f725-f227-4b1c-8a99-8e9da796548d,7yJG5f4zJseh6VUGmxTHSGma8eLXJWQh5K4GygU6pump,2026-09-03 13:17:30.823661+00,MONITORING_STARTED,"Quarantine ended, monitoring started",1.2.0
72538a4a-6547-448a-abb6-3ece7e19cedc,Dzddja1BqGN18kks2Zqdg4iXRw5NnHvmYy1h1qdKpump,2026-09-03 13:17:45.751084+00,MONITORING_STARTED,"Quarantine ended, monitoring started",1.2.0
4e05d11e-f1c9-4000-99c2-90d86a9faa31,7LK6hiKa6SEDVLehpFzx1nw6RAA76d91Q8pNiyVJpump,2026-09-03 13:17:47.137164+00,MONITORING_STARTED,"Quarantine ended, monitoring started",1.2.0
1ecae986-ea09-4d04-bb91-8ca5dbb4d971,4X8fMRgXTCdTNk9ndfkqpxGDKEj6TVhVXL5V9dcc1GhT,2026-09-03 13:17:48.564278+00,MONITORING_STARTED,"Quarantine ended, monitoring started",1.2.0
864fcec2-5d16-4f79-96dd-ad40ea7a3dae,25dMkuq48c36iAw5XonRa2G4qqCEkdLptEmJFmjmpump,2026-09-03 13:17:49.975034+00,MONITORING_STARTED,"Quarantine ended, monitoring started",1.2.0
8125714e-df8b-4b89-8cba-394c80270f41,2ddMcFkjrhdpQhJ3ZmG4DyPnkF3wZ36heCrNRGoppump,2026-09-03 13:17:51.460741+00,MONITORING_STARTED,"Quarantine ended, monitoring started",1.2.0
33a18d79-6588-41d3-bf2f-dd6106287cf5,5vhw96LZoKA4K8kbBkTJXBYvJSN1RWJzJgJbYEorBChv,2026-09-03 13:17:52.847935+00,MONITORING_STARTED,"Quarantine ended, monitoring started",1.2.0
8b089962-10c5-45df-a3b4-20576cdd5a81,GqR98CsEbPtV2zcEGMbHpbL2BDEURG5poH5cAVNqmwey,2026-09-03 13:17:54.260554+00,MONITORING_STARTED,"Quarantine ended, monitoring started",1.2.0
09f4c87d-cd48-4b18-b39e-28cdd4c45034,4CX9pg8hTJCqAnpY3Xqkvt6i7aQ6UtNPPifE64vMM8r1,2026-09-03 13:17:55.70786+00,MONITORING_STARTED,"Quarantine ended, monitoring started",1.2.0
0e15bca1-5a02-4ed9-b47d-0a815fdeeb4b,Ghd7yhW6b1Uqv1eaG5hQKBN9AoqWzjmUx227VrRdpump,2026-09-03 13:17:57.095896+00,MONITORING_STARTED,"Quarantine ended, monitoring started",1.2.0
1f186a3d-0c28-46eb-af9d-608e8a4ae8b7,7AEEdoP2zhMad1tkFNYyDnDB9Hjy7sb1LSB2KxAQr3EV,2026-09-03 13:17:58.49101+00,MONITORING_STARTED,"Quarantine ended, monitoring started",1.2.0
dac5237c-70e6-4aa7-81a2-d1170e058c12,HHfdkSjJLzwAjcFTsYAz8t8oQArYt2Jo737pDYPbpump,2026-09-03 13:17:59.871193+00,MONITORING_STARTED,"Quarantine ended, monitoring started",1.2.0
7e20fdd2-84f4-4efa-9807-350b0b24a73e,3sUubhHpm3kqH4ZU2osRScce5wEqUPTCptUjm5brpump,2026-09-03 13:18:01.314741+00,MONITORING_STARTED,"Quarantine ended, monitoring started",1.2.0
71774cd9-1bd4-474c-a2b7-3aa87cb1895b,Gffw364rz4r93aYum3BHynoi5iw1gsq2m4P2Py6gpump,2026-09-03 13:18:02.733753+00,MONITORING_STARTED,"Quarantine ended, monitoring started",1.2.0
c8f0dd99-ece3-4d52-acc3-789a973e2da7,F59cEB3A7RAKHGtkvR577swnPSP6EsdaBoL5AcVZpump,2026-09-03 13:18:04.226316+00,MONITORING_STARTED,"Quarantine ended, monitoring started",1.2.0
9d5269e4-142d-48c7-8847-fbb9422ae155,3srxCNyuzwtT6LodQJs1xf4fwYAG9qYXUv1WDiNVpump,2026-09-03 13:18:05.651233+00,MONITORING_STARTED,"Quarantine ended, monitoring started",1.2.0
0302e5cf-e3c1-4265-b446-6679846354a6,zUwDFNFSCCK9c3uA2H3UoEjJA6Cha7nBvJZBTZFpump,2026-09-03 13:18:07.060156+00,MONITORING_STARTED,"Quarantine ended, monitoring started",1.2.0
5c60a0e7-0774-4e58-9da3-77f0996ea289,DUvzkkEqabsf1U8jZvbrBp38RieQXBzpoqLka61hpump,2026-09-03 13:18:08.47064+00,MONITORING_STARTED,"Quarantine ended, monitoring started",1.2.0
e54450f8-97a8-4edd-ba49-5146ceedf8e1,68bkvddGS1FKC1BoxFcfbAkaunjxixZ5CK7Hob8qpump,2026-09-03 13:18:09.888392+00,MONITORING_STARTED,"Quarantine ended, monitoring started",1.2.0
d2c328e0-5000-48d0-b0b4-6b1b86839225,EFSy2VB3gymYe6tmTzkvqVuqcYQziqogCN4jcN23pump,2026-09-03 13:18:11.306524+00,MONITORING_STARTED,"Quarantine ended, monitoring started",1.2.0
7f3ea604-129a-4b4e-9af7-415092142afc,GTr7KTPznLyaLyTaXJ2f1dWrph5CXRDnC734nWZLpump,2026-09-03 13:18:12.688699+00,MONITORING_STARTED,"Quarantine ended, monitoring started",1.2.0
509e4733-2c2f-4ba0-8e38-09417bfb0fbc,GJ5HefCCD3zW3GeBEUjSyEmoEz8jsZVt5NmPLSDDpump,2026-09-03 13:18:14.136235+00,MONITORING_STARTED,"Quarantine ended, monitoring started",1.2.0
edf5e6a5-d253-44e2-9b4d-cb23fc5c0a75,C8pd5Ak9TQZDG36USAbAidXd38DZLURjuorQB3KApump,2026-09-03 13:18:15.593797+00,MONITORING_STARTED,"Quarantine ended, monitoring started",1.2.0
a50a3c24-e8df-481e-8e3b-65a2ddc882f1,2LZVYtmknWbgKvbDXxuPbzuqjc2w58KknfXT6WL2pump,2026-09-03 13:18:17.065321+00,MONITORING_STARTED,"Quarantine ended, monitoring started",1.2.0
02fc777c-f744-459a-ae3c-160762662af8,EWNq2MZsfzJoM9j6Ec8cLve6jdUn8gBSDUAHrWSJpump,2026-09-03 13:18:18.47102+00,MONITORING_STARTED,"Quarantine ended, monitoring started",1.2.0
ffe165f6-65fb-47ea-b8d6-1961c7f2528a,GdQJ6PNLEjM53Enyinfbi6hxppeHPcPJJ7ToaQRapump,2026-09-03 13:18:19.870799+00,MONITORING_STARTED,"Quarantine ended, monitoring started",1.2.0
53f94356-744f-4b24-b672-1b542c829891,6m6hkSNrZ1FxuLLdbcf9UAraPvUZMgfcCSsx3hh4pump,2026-09-03 13:18:21.308788+00,MONITORING_STARTED,"Quarantine ended, monitoring started",1.2.0
c5423c90-7cd4-4828-bda3-d25de48ec135,Dj2WeeaTWdPJHMYqzKBwHJBU27XDVBfGmtiPvQzzpump,2026-09-03 13:18:22.696645+00,MONITORING_STARTED,"Quarantine ended, monitoring started",1.2.0
4f1e2419-969c-41ff-b4f8-a1282adf30e7,EoKqyKksc4ekiPVuBD9FiztYQHkV59x8KTcZ3ReLpump,2026-09-03 13:18:24.12577+00,MONITORING_STARTED,"Quarantine ended, monitoring started",1.2.0
2f77acdd-3507-49dd-9a53-fc738827c3a7,8c99wy5pUgbw7hQ27EN2p2D8qPHiDKfR5uLRK4vkHL2r,2026-09-03 13:18:25.508645+00,MONITORING_STARTED,"Quarantine ended, monitoring started",1.2.0
a003bb76-5e94-4ad2-9124-b92b9a104440,HfZJvsgbL78txPpfioZNGy8nH5bL8BBBaYJ3JYZfpump,2026-09-03 13:18:26.910148+00,MONITORING_STARTED,"Quarantine ended, monitoring started",1.2.0
44199ddc-0dc0-4e16-a222-1997f95890a3,AZuW2zqu3wb9kWvgbWud5bYgJeDrzfgb6nGRHDG7pump,2026-09-03 13:18:28.30361+00,MONITORING_STARTED,"Quarantine ended, monitoring started",1.2.0
ece01180-5065-487f-b1e9-c430b6286499,ApTCvzxRPJEeicnS9gx7fLZDTJLM4av2vtnmXL9Xpump,2026-09-03 13:18:29.754685+00,MONITORING_STARTED,"Quarantine ended, monitoring started",1.2.0
f37da3bb-d7bd-4cba-b4f8-b5deb70feed9,GpvRM8XQ5QisXkP4BHDyBa85Bbijg7wEYkXTkZupump,2026-09-03 13:18:31.248691+00,MONITORING_STARTED,"Quarantine ended, monitoring started",1.2.0
fa903cd0-af15-4bf8-88b0-f974e9190d43,A4cnthYJkeGoYKQiNpX3P56GK5p2rh4pjcTXZJUgKkNt,2026-09-03 13:18:32.688995+00,MONITORING_STARTED,"Quarantine ended, monitoring started",1.2.0
1d652e91-687e-41d5-b24a-2caab1cc9c0a,6JZfJw1ufSgU9Bt3mAsKQBCo5rtHi6hJuGzmKwhGwv8,2026-09-03 13:18:34.102088+00,MONITORING_STARTED,"Quarantine ended, monitoring started",1.2.0
66ffea93-de98-4a84-88df-ef86added192,HmaHhC9vBh43gZnNTUFGNGP1A72jH1MXKjhHRWw2Ja8F,2026-09-03 13:18:35.555727+00,MONITORING_STARTED,"Quarantine ended, monitoring started",1.2.0
2499bbb7-7eda-417a-84af-706ad3b93370,HxYDzq3yaEceE5j4Va2ageC2MzPZW1FtYexd82Uupump,2026-09-03 13:18:36.942968+00,MONITORING_STARTED,"Quarantine ended, monitoring started",1.2.0
49631e1d-4db3-46b2-8a39-ebbf3f8913e0,4otmDELcUnFZRoCJCmVmxWZtTXcpf1avid1EPSCtt7P2,2026-09-03 13:18:38.321987+00,MONITORING_STARTED,"Quarantine ended, monitoring started",1.2.0
90b492b0-b43e-4105-8a03-fbf0e43407e1,AtHFFHmSQeNQiMpH9GKsv9nf8LtLMAkyhrHpX7633MVe,2026-09-03 13:18:39.705445+00,MONITORING_STARTED,"Quarantine ended, monitoring started",1.2.0
c4739314-0ed4-4e0a-8e2d-7cfc5b025055,ERRK7hxgLBmkMaEFprtLiQB6rHKvGBDN4Ayjg72Mpump,2026-09-03 13:18:41.117813+00,MONITORING_STARTED,"Quarantine ended, monitoring started",1.2.0
fe6c267a-ed23-47ab-8aa1-ef8fc037255e,FrrucGKCp6JcFjVnMcbEHa2cagfpZ8uFFCE5NrSnkjuT,2026-09-03 13:18:42.54825+00,MONITORING_STARTED,"Quarantine ended, monitoring started",1.2.0
8d3e2682-a364-439b-86c6-f321123c2608,21ZJyBxMr4DwT6WJw36pEQ2Ft2hqTmZ7gkdv8Wvdpump,2026-09-03 13:18:43.988175+00,MONITORING_STARTED,"Quarantine ended, monitoring started",1.2.0
5617cea4-521b-4d90-b323-b9e4c7bbfeeb,3gU4JJPy93ufQGMEWRfgjkRpSWyT2LgGW7zgYaVtcCTP,2026-09-03 13:18:45.399962+00,MONITORING_STARTED,"Quarantine ended, monitoring started",1.2.0
783ff6fc-2cbc-4edc-98b4-5dd65fb44494,cxFSZUy649fuK6rNEPnbgbxaXPMgRLaWv83ueNbpump,2026-09-03 13:18:46.839385+00,MONITORING_STARTED,"Quarantine ended, monitoring started",1.2.0
42c06062-8400-4832-aef8-40334b96ce27,CFgnMXqJS556XF1UQWyB92BtTDt2XWGpVLTKkPiKCA9D,2026-09-03 13:18:48.26205+00,MONITORING_STARTED,"Quarantine ended, monitoring started",1.2.0
6d691065-04bc-4508-b5ff-5aa74e630f6d,4qTuQFoCMQDJij6ZQZRHntC6sNMx9yHeyiG7GHngqHoY,2026-09-03 13:18:49.771172+00,MONITORING_STARTED,"Quarantine ended, monitoring started",1.2.0
3afcfad0-df85-464e-9c0b-67432ae737d2,5BDsmq87FgUKkqW29vberYorfPWD8NL9va5t1zCYpump,2026-09-03 13:18:51.204541+00,MONITORING_STARTED,"Quarantine ended, monitoring started",1.2.0
f7de5b1a-d3ef-46f9-bf04-f197481a04b1,ECUyKMBoz5HLjNWCnZNDTR2aLyt26t4eyGNMjae2eiWm,2026-09-03 13:18:52.66762+00,MONITORING_STARTED,"Quarantine ended, monitoring started",1.2.0
8e3e90e8-b7cf-4810-89c9-8e418b2f3704,GirvMauAG3rkaL2stHLVZdduTv9a5m8KvGj32pVJMMiD,2026-09-03 13:18:54.115671+00,MONITORING_STARTED,"Quarantine ended, monitoring started",1.2.0
fe8295b7-1a1d-41fa-a634-c7bc481665d9,GVXhTtjmabMHtN8J7VmyYUHV13zn9MQhNDcoDBbmpump,2026-09-03 13:18:55.527887+00,MONITORING_STARTED,"Quarantine ended, monitoring started",1.2.0
b41dbebc-35f4-4850-9ff9-e273d165f56d,Hmy49dJRNzqfKv1Q2W6iYw6yjUbzB35pJv9j5o2mf5aX,2026-09-03 13:18:56.975869+00,MONITORING_STARTED,"Quarantine ended, monitoring started",1.2.0
e36daf44-f6bd-4672-b0f0-595009fa35fe,HV9xeQdj3RnszuCkoqcTe78SiQpzgU2rKaJZpEZcKQZ1,2026-09-03 13:18:58.406967+00,MONITORING_STARTED,"Quarantine ended, monitoring started",1.2.0
3c60ba99-a74c-4983-bd16-6f13d1441737,Fq17uNNQgwJG5szmaEheVrQXUnoZn1BuFiDKFACLpump,2026-09-03 13:18:59.79816+00,MONITORING_STARTED,"Quarantine ended, monitoring started",1.2.0
b20fba7e-eb16-44af-ad8d-fa4cf69b4e8b,F86tVWTd5CZaU3PnXDfb1Rsx6XmnzL1uq2t12xswpump,2026-09-03 13:19:01.283845+00,MONITORING_STARTED,"Quarantine ended, monitoring started",1.2.0
21e0dd66-f1cf-494a-bb04-60ac2607424f,DzwioiVutS4DxRXVtvnT4o9CvSg1BXxi5iMxi4oMpump,2026-09-03 13:19:02.659468+00,MONITORING_STARTED,"Quarantine ended, monitoring started",1.2.0
da8c13b9-61cf-42be-8f89-f5bbbc74ed4c,6cYvt6hM4PU4hfTusvuXXr1gdVwSRYVXzZh41ecNpump,2026-09-03 13:19:04.037228+00,MONITORING_STARTED,"Quarantine ended, monitoring started",1.2.0
447d63c2-05ad-4665-8fd3-d7fdd64f8c47,8P5D3QE7Ly2cL6dcay5SRodNACmfWDfPEk6pThb4pump,2026-09-03 13:19:05.472152+00,MONITORING_STARTED,"Quarantine ended, monitoring started",1.2.0
c6a1bb5d-c6b0-4fcb-b437-78b30338f716,CZ5K6VYWk7BJxKy7QUn3nUo2jYrZ3hNMjdp9vYjcpump,2026-09-03 13:19:06.931866+00,MONITORING_STARTED,"Quarantine ended, monitoring started",1.2.0
ce3a7210-cae0-4e2d-b2f5-3ca3120468e3,232BE9YxiJ1qHAJH8ymCojmX7BjePxKcitaJ6dqopump,2026-09-03 13:19:08.345018+00,MONITORING_STARTED,"Quarantine ended, monitoring started",1.2.0
6a3c6520-37d5-477b-a965-62239b849146,9UY5tJCzmJRyLgyiJJYAnmEaDwWdsCzvNpVhP5rbpump,2026-09-03 13:19:09.742434+00,MONITORING_STARTED,"Quarantine ended, monitoring started",1.2.0
8230fbc7-c48d-447d-a310-64b189d4dae3,64RZYAWaiNDGDjMMZM1c3idzPRnQEdKfPVwuww25pump,2026-09-03 13:19:11.138683+00,MONITORING_STARTED,"Quarantine ended, monitoring started",1.2.0
87773966-e903-4e11-ac80-0613b47494ac,4EVGGsR3X3CU6XUeKu6gXrFGwo5hEQgA1bzBoCGgpump,2026-09-03 13:19:12.539083+00,MONITORING_STARTED,"Quarantine ended, monitoring started",1.2.0
5c6eb26b-5d5f-4f68-8c7a-c8b75c801540,4YiRcFFUcmkjQp8R87mZJvtNRZbzYvgP3n3tnVBapump,2026-09-03 13:19:13.958103+00,MONITORING_STARTED,"Quarantine ended, monitoring started",1.2.0
3ec2d403-47e8-4496-99e2-11086d761f7f,CUnwTKdCPMGghbciEuBcS4T1w2zYv25rrCq8z1cvpump,2026-09-03 13:19:15.386365+00,MONITORING_STARTED,"Quarantine ended, monitoring started",1.2.0
4fc9075d-5d85-4aa5-82ee-40cfa4104bff,9gyMnBvZTQi8ZrSWBeSKPkRjAweQhsrwHSoMDz6KtKaa,2026-09-03 13:19:16.831971+00,MONITORING_STARTED,"Quarantine ended, monitoring started",1.2.0
13390516-7d7e-4fcb-b215-4fb6b78a339b,C7nPqs1zLqBMxybaBorzD1jau2Stwv4H7ipEVw9gpump,2026-09-03 13:19:18.291203+00,MONITORING_STARTED,"Quarantine ended, monitoring started",1.2.0
633a9efb-5391-4be8-9612-c8b95b61c09b,eqnidra8rp8UttMDx67GrWuHjKuzkiayEsXB9wBpump,2026-09-03 13:19:19.683541+00,MONITORING_STARTED,"Quarantine ended, monitoring started",1.2.0
049c4ae4-4c5c-4046-aff4-1e67b87fc8e1,HTxbgkRZ4CkioKebc4Dj3K4BhfpGVtcW8JK867i5oyYU,2026-09-03 13:19:21.123358+00,MONITORING_STARTED,"Quarantine ended, monitoring started",1.2.0
944d60c5-6d98-4342-8a1b-cfa91e0b977c,HQEm36fjBb9vCa4ngMSrUyMi5ijRUgLABU8P2YJJpump,2026-09-03 13:19:22.655612+00,MONITORING_STARTED,"Quarantine ended, monitoring started",1.2.0
5f9c0001-7db1-4bc3-a14b-a32f23a1ba57,JAXDPeV7FkZ9niKckjLEoX7WixGf5SJR3TprmDcswr1d,2026-09-03 13:19:24.048846+00,MONITORING_STARTED,"Quarantine ended, monitoring started",1.2.0
99451a94-5041-4e62-9a4f-72b03ef5ee63,DGxNfqdqQLxCdrNZrbcA9AutX2cobj7Nx4dpJmDVpump,2026-09-03 13:19:25.482614+00,MONITORING_STARTED,"Quarantine ended, monitoring started",1.2.0
8a03cb99-8344-4f69-b855-0f938e682334,GaCoj6Ft8Uu6pc2rUviXzTwAtazum3dDc6tFTA8Vpump,2026-09-03 13:19:26.877101+00,MONITORING_STARTED,"Quarantine ended, monitoring started",1.2.0
94570ea0-9df2-44f2-9234-0201824686a4,39XNfvzXq89BKWx4sM6gZna7kWnxvVrnXrmEmaJhpump,2026-09-03 13:19:28.305192+00,MONITORING_STARTED,"Quarantine ended, monitoring started",1.2.0
741ee5ff-ce12-4af4-b517-fc18d3a553a9,6npD7JFinCDKedYm5Tfi9h3u7NFSt3KYdCt2PyAFpump,2026-09-03 13:19:29.72361+00,MONITORING_STARTED,"Quarantine ended, monitoring started",1.2.0
15a706e7-f5be-485e-8a93-b95c69adf6fc,CHn3zYfh2MVLCwhu2B73eZk1B1BQnBtrmJ89J4aQpump,2026-09-03 13:19:31.137131+00,MONITORING_STARTED,"Quarantine ended, monitoring started",1.2.0
94112b64-f4df-4739-b501-33e4000f9503,HqrKm4mLL99zkKBkbdwAHzVCMm2Te72dbH6PDyrVpump,2026-09-03 13:19:32.638942+00,MONITORING_STARTED,"Quarantine ended, monitoring started",1.2.0
cdc6f7c8-d72b-4c61-abf2-978d0d966cad,96Bmof5NVfchK2cKXZjaKJAZRAT2DVebMWHsAh6Cpump,2026-09-03 13:19:34.049869+00,MONITORING_STARTED,"Quarantine ended, monitoring started",1.2.0
b77fb2a0-15ae-434d-9ff5-e71b0dad694a,9A4dAuE1jud9cuFAze8teepCmJbed29ALsfgJMorpump,2026-09-03 13:19:35.449346+00,MONITORING_STARTED,"Quarantine ended, monitoring started",1.2.0
0f482d46-b686-483b-b41a-4341f8b1bb32,2VTWzALAyGsH7exbmA8oqHLw9kSjgTaiiE2PnGfpZCnL,2026-09-03 13:19:36.890036+00,MONITORING_STARTED,"Quarantine ended, monitoring started",1.2.0
8d3170b4-ee59-470e-b3fa-522f6821e6af,8xDVUokXPGDUDcooFkcUpZ1HL58K5QjfACJhPDo1PpDg,2026-09-03 13:19:38.298902+00,MONITORING_STARTED,"Quarantine ended, monitoring started",1.2.0
5bb8059c-0f1b-4823-99c3-7b6c10dbc8e6,GZ7R7WSrDGhUAp6oH55k5UxWt5jhHoiiUu88rphXpump,2026-09-03 13:19:39.714819+00,MONITORING_STARTED,"Quarantine ended, monitoring started",1.2.0
2526d2a0-05f2-4b7e-88cc-195f0f45060f,ZAgEZP9RbYiEESgH9mYJ14Rcvkbm6guYTqCbXxupump,2026-09-03 13:19:41.067199+00,MONITORING_STARTED,"Quarantine ended, monitoring started",1.2.0
5ed737ca-2f94-4bd6-86b4-db97b1ee9920,54gMw1f5X2DMmkaUb6V5PMZZoBxQYN1W6yq9LtKwpump,2026-09-03 13:19:42.451782+00,MONITORING_STARTED,"Quarantine ended, monitoring started",1.2.0
d1c8c92c-faa0-42c9-b7f3-280067209ca2,6w8VHx63RJ74AQvMbStk7fatPbaDgAj9b7k7B74vpump,2026-09-03 13:19:43.868224+00,MONITORING_STARTED,"Quarantine ended, monitoring started",1.2.0
30f99e03-31e6-4089-9c3f-89bf6f6e4548,FpS5of6eNLQpEGMaUQcSmdWoSoRewXJw9rZZwD61pump,2026-09-03 13:19:45.29959+00,MONITORING_STARTED,"Quarantine ended, monitoring started",1.2.0
f0823180-ae93-4f49-8359-a2b32cbae970,BPV8KZF87PSQq9C57YRtkdcuZhWgR9cuUtt1xGDRpump,2026-09-03 13:19:46.705619+00,MONITORING_STARTED,"Quarantine ended, monitoring started",1.2.0
cc92993f-3d87-41a3-9789-9391f3eb2c32,FgRgwauQLYscbN4z5D8osPR516g2uEc6aUDajqH5pump,2026-09-03 13:19:48.153024+00,MONITORING_STARTED,"Quarantine ended, monitoring started",1.2.0
1a7f2123-6960-49d9-9a2c-a7718b6afcdb,Mpsj9DSEUT8gJsRfcVjXvvU6y6Vd7WsoczDySiRpump,2026-09-03 13:19:49.58229+00,MONITORING_STARTED,"Quarantine ended, monitoring started",1.2.0
9d39e775-3981-4369-9aef-dff8728f72c9,CBftYjJC7XEwh1r2hD87zsLudwAb7Y3TyUvWcacXpump,2026-09-03 13:19:56.951954+00,MONITORING_STARTED,"Quarantine ended, monitoring started",1.2.0
2ab22a92-c486-4e76-977a-82c8b85ab019,CnyoWoCMxMv3ZaegyDHhndukdJQdri9kLw5vCZTwpump,2026-09-03 13:19:58.34377+00,MONITORING_STARTED,"Quarantine ended, monitoring started",1.2.0
42399dad-6f72-4f65-b1f4-bde1aa0985ac,3mCqbh9trfpuyYN8LogtYHXJmr2XAwSi9AhHKHe6n9XZ,2026-09-03 13:20:01.63547+00,MONITORING_STARTED,"Quarantine ended, monitoring started",1.2.0
d65fd5fa-6c02-40c8-94c7-f8e395f3932e,Ae6iVUoV1z7MTNkBCRr3eawpw2cJRddiKP4ADy31pump,2026-09-03 13:20:03.095852+00,MONITORING_STARTED,"Quarantine ended, monitoring started",1.2.0
e4dfde70-31e9-4234-aeb0-66224b040a18,GUbabaigWXb5GiMvUCA3QpZskxLMftSzw69qFfeSpump,2026-09-03 13:20:04.738395+00,MONITORING_STARTED,"Quarantine ended, monitoring started",1.2.0
7fdac4f0-6f0d-4680-9e12-c7fa2002e80e,ugz49BvFW3yUxVjRAF1DgScSkQBWViLuK78zkW5pump,2026-09-03 13:20:06.135228+00,MONITORING_STARTED,"Quarantine ended, monitoring started",1.2.0
07338c66-24e2-4068-9d6b-22532b48be8a,6Lqd9nRXgaFh6XgmrpdoHX1GxXs7kBooWm3GPvbwpump,2026-09-03 13:20:07.517932+00,MONITORING_STARTED,"Quarantine ended, monitoring started",1.2.0
7cf30871-d962-4fcc-8dd9-7359b978236c,Hk6HyH1vufV3BvivXYfpUu2DS9itTGVtGC5q41Uhpump,2026-09-03 13:20:08.94022+00,MONITORING_STARTED,"Quarantine ended, monitoring started",1.2.0
b05c54b9-9f20-4c4b-a1eb-64e780aa6ed2,2oMXVGgkdfRpVNgRePiZXDobjYdW9uEnWmYVXutopump,2026-09-03 13:20:10.306911+00,MONITORING_STARTED,"Quarantine ended, monitoring started",1.2.0
43e546d3-d274-455d-8672-95a7ad7d99f5,3BH2e41XbJadAbCETXqTUmsvSbR5rxeNMxTU6JcKQ8mD,2026-09-03 13:20:11.715023+00,MONITORING_STARTED,"Quarantine ended, monitoring started",1.2.0
07b60fe3-f376-4dc5-9f9a-391349472b14,34icVj6hyw5rUu6SXdemLTLzV6uodiCfDzWVSmxLpump,2026-09-03 13:20:13.165385+00,MONITORING_STARTED,"Quarantine ended, monitoring started",1.2.0
12d5ddfe-1fb6-4410-aa2d-412c1cbfe9aa,BXQbXYAE4J7jjhR9XS8S3PAoMHprQ8FoUagFDbhgpump,2026-09-03 13:20:14.596262+00,MONITORING_STARTED,"Quarantine ended, monitoring started",1.2.0
6bce2992-9bfb-4efc-858e-9c695d8010c1,5sZ5ZN8r4JMWHoBeoYrTfnTgD6C5uoKUag5Aqx6zpump,2026-09-03 13:20:16.060378+00,MONITORING_STARTED,"Quarantine ended, monitoring started",1.2.0
855077a9-2c3b-424f-aa26-ad392f290ece,HY8VSijYgZTfKLceYYVj5ZFzxTY1cgBD8FeN3echpump,2026-09-03 13:20:17.458057+00,MONITORING_STARTED,"Quarantine ended, monitoring started",1.2.0
c55cfb66-c326-4bfb-8e62-b70ed6072835,H4cNyJDjDHpke6z9xfDpYPkBU49xB16Uqf5JQ6Dipump,2026-09-03 13:20:18.861897+00,MONITORING_STARTED,"Quarantine ended, monitoring started",1.2.0
a0882d37-5019-4732-b480-4194bc6ee3b1,DaHGnhzLWZLfFUcnKVd73MF2ynkTiSyC9gRm7mYpump,2026-09-03 13:20:20.285303+00,MONITORING_STARTED,"Quarantine ended, monitoring started",1.2.0
19e1a041-cfe8-4f3e-b324-15518c97630b,HVmMDtGcUPH3rHpjeu44kJ2jb6S15jTib8h58g3Gpump,2026-09-03 13:20:21.681796+00,MONITORING_STARTED,"Quarantine ended, monitoring started",1.2.0
e97c698f-557d-4212-9392-e161c9d5db98,8QCfSRQBFNwUS6u5EFkDmNjChUZGp8ufDi72GQ5hpump,2026-09-03 13:20:23.073993+00,MONITORING_STARTED,"Quarantine ended, monitoring started",1.2.0
35158c6c-4d39-462b-93ee-d3f90d86ad48,5KZUh7teDXkxgTerDQR2io6CtMRky7ybcWstWiBTpump,2026-09-03 13:20:24.510875+00,MONITORING_STARTED,"Quarantine ended, monitoring started",1.2.0
104bb6af-5f4f-42fb-b0d1-0c2f2ff36646,3vn6fEkC6tp9mxyJNQEbmr4VhZ5i9Gh2nwhbDhKzpump,2026-09-03 13:20:25.910353+00,MONITORING_STARTED,"Quarantine ended, monitoring started",1.2.0
662f22b9-47cd-4c40-b112-85048d4abe4e,4Le4foYoNGdLDJdQ5YG2Spju4xEFdGz6XVhdD37ypump,2026-09-03 13:20:27.344271+00,MONITORING_STARTED,"Quarantine ended, monitoring started",1.2.0
75c03375-82b7-458e-9fcd-6ac058c3e429,GojfuKTiXBnFuMbF98g5W8q1byuwkiVchxus3SaMpump,2026-09-03 13:20:28.774606+00,MONITORING_STARTED,"Quarantine ended, monitoring started",1.2.0
0dd76a77-577b-430e-b64a-dcbd2b376761,9hMGXfFkxY3Pu5q6oNwTHGeCnXfFrkweZdvk1BfQpump,2026-09-03 13:20:30.157734+00,MONITORING_STARTED,"Quarantine ended, monitoring started",1.2.0
1dd1693a-9cea-4c40-9756-9d6778133a5e,2mWYps9VzsWtBBsm9G3NM7NDC382sHJtuqXqi65dB7Bk,2026-09-03 13:20:31.609211+00,MONITORING_STARTED,"Quarantine ended, monitoring started",1.2.0
c86bf182-ff1e-4556-a734-c2a27c9f2ae0,2EV7EChMXQTscWtMKQx6DPt5fU9DVEnrvMYjjuaKpump,2026-09-03 13:20:32.998345+00,MONITORING_STARTED,"Quarantine ended, monitoring started",1.2.0
f9638618-56d6-4329-a158-78e6ed6d32f8,ByBLSc8GQa3MqjYF2KgXuMBMtRs5rWYaXFGwppZupump,2026-09-03 13:20:34.427441+00,MONITORING_STARTED,"Quarantine ended, monitoring started",1.2.0
02dd8fe6-f44a-438d-a660-674c9e0a10ca,HzWBsJ6qQo7reGHfene1XeA9eeZXNCr3FE93QMTTpump,2026-09-03 13:20:35.828445+00,MONITORING_STARTED,"Quarantine ended, monitoring started",1.2.0
75fe060a-1155-4c87-a33f-e6b5f1fbf600,43nS2WbBYgwUot7nSWZeik8nCpDkUksDADMwa81Ppump,2026-09-03 13:20:37.243145+00,MONITORING_STARTED,"Quarantine ended, monitoring started",1.2.0
e2e4b9c1-5f8d-462a-977f-62b93f72f320,BjdehyoDQKp5dgrv2p1j4daknV6m7DVV9JKzh2Lzpump,2026-09-03 13:20:38.631697+00,MONITORING_STARTED,"Quarantine ended, monitoring started",1.2.0
806c706d-936d-4851-8875-e04f8ce6de80,E3wjzR8bPHv2pYc5Ck7pLi66vRKT8XmzkeFqMtoFpump,2026-09-03 13:20:40.03265+00,MONITORING_STARTED,"Quarantine ended, monitoring started",1.2.0
00eb41d0-9693-4756-bf1b-a3df6f912642,bZHgYjvS1AjBJRDwf2LLH97LHT3sDk6eV33DViBdgq8,2026-09-03 13:20:41.497701+00,MONITORING_STARTED,"Quarantine ended, monitoring started",1.2.0
1cd4a9ed-be5d-4435-8ff8-4a72c9b0aab2,Gd5JcKzFfDDUr8vjjgqMeYQZKWW8ZzDWYQQogWjQpump,2026-09-03 13:20:42.946124+00,MONITORING_STARTED,"Quarantine ended, monitoring started",1.2.0
e5928621-5d1b-4c07-95b6-2e2d62bcdb05,5gwYEP7Zf7VLUvvEyXqHzCUbTAJAf8rYvmH7GbSmpump,2026-09-03 13:20:44.340436+00,MONITORING_STARTED,"Quarantine ended, monitoring started",1.2.0
112cbbd1-ac4c-44e3-b4b3-41283650cb3c,8yn9BwwDUvb8fCozrtza5bEgiGLFdpwtLJKXt2sHpump,2026-09-03 13:20:45.7971+00,MONITORING_STARTED,"Quarantine ended, monitoring started",1.2.0
bd4e64ad-b0bc-4c13-a7a6-5227e1f11075,Hf8msFKLGJu6wUc4NsNFHafmh4K8LFW2qy8ZmT4vpump,2026-09-03 13:20:47.210436+00,MONITORING_STARTED,"Quarantine ended, monitoring started",1.2.0
185a2821-dd45-4373-ad1f-ddb984a384a4,EsJUp6aEgFzqPoqM6mLPDJ1KmCkqA7zGXp4QSjkJFaZF,2026-09-03 13:20:48.556057+00,MONITORING_STARTED,"Quarantine ended, monitoring started",1.2.0
0727da48-0e42-40e9-a456-7203cc27bb8e,28qTgAWraGg5ziXjTHm6ArDAvNBV9W3B2Y6DgYJTpump,2026-09-03 13:20:50.002992+00,MONITORING_STARTED,"Quarantine ended, monitoring started",1.2.0
84395bde-044a-4a83-aa29-42cec2f943e6,7Q2PF5cJg6nwm97GhiyQ6FFrxEEnXC7P9S5hPp9Zpump,2026-09-03 13:20:51.397113+00,MONITORING_STARTED,"Quarantine ended, monitoring started",1.2.0
5e6b0bff-44bb-4ca5-a064-ec95c3ebd20f,Ephzcbbtna99giZwCXtxSFviycVgbtAny1CDVuTdpump,2026-09-03 13:20:52.746469+00,MONITORING_STARTED,"Quarantine ended, monitoring started",1.2.0
83873f79-84c0-4666-9bcc-cd25cb02ed31,P3Eb2GNkvb3Dp8oWYXKMJMWPHeMcUG6uGeB12aupump,2026-09-03 13:20:54.142566+00,MONITORING_STARTED,"Quarantine ended, monitoring started",1.2.0
c4fe3fe9-2e96-4d24-ae87-c4f8bec37b5b,K3Li2jWiQ1NQi7LsxDW1wFZT7cv3K1W84UR7TVepump,2026-09-03 13:20:55.559975+00,MONITORING_STARTED,"Quarantine ended, monitoring started",1.2.0
3d9d3276-065b-4325-893e-bc5a4b87b152,JAuN3RKZR9KSKdmBCH83VXGmTvkbobuLrawZ5G3upump,2026-09-03 13:20:56.973127+00,MONITORING_STARTED,"Quarantine ended, monitoring started",1.2.0
698f069b-e912-456f-b2f3-60743c841533,FSvjwqWJoYCcRp2gvATGjSVzPQxNkRr4MNKzrdKupump,2026-09-03 13:20:58.419621+00,MONITORING_STARTED,"Quarantine ended, monitoring started",1.2.0
35a03332-398b-482a-ac8d-861f396e8798,AHAzrLgX9nwtMtUvkGVHg2xvtMaopKt6gVe3a3E4DaxR,2026-09-03 13:20:59.810313+00,MONITORING_STARTED,"Quarantine ended, monitoring started",1.2.0
16915fe6-381f-4b33-9ffb-cd001e778bd9,6zSqTexgmm25guNRjXUv3ZiGrzV94kodXrNcJ4T3stok,2026-09-03 13:21:01.229531+00,MONITORING_STARTED,"Quarantine ended, monitoring started",1.2.0
d2edff3b-e2f3-45e0-b7ed-65806a54bacb,FgoCy7MTA9zymaY9YXFZ7quwsjtoBi7fvUp4jn7apump,2026-09-03 13:21:02.673704+00,MONITORING_STARTED,"Quarantine ended, monitoring started",1.2.0
635e43f7-1ffc-42b8-83c5-fd569a346e73,EDY1j37JHSYbfaDXAAKfB5zhy7n5MqnAQTQd1GSLpump,2026-09-03 13:21:04.121308+00,MONITORING_STARTED,"Quarantine ended, monitoring started",1.2.0
490ea836-d656-4965-8c7f-d6f992654267,33shNmhNU1FjtAjVmNPD2FR9Kuk2uMTHFgyYjaPtpump,2026-09-03 13:21:05.550912+00,MONITORING_STARTED,"Quarantine ended, monitoring started",1.2.0
378afeac-fd13-42af-8c96-33afe93c7f92,9M6UYDWNX7Q16smL796mkKSCCb4dEmcmFLLEBJZspump,2026-09-03 13:21:06.994793+00,MONITORING_STARTED,"Quarantine ended, monitoring started",1.2.0
dee4dfd9-a3a0-4a11-baee-54d0b57ab7f4,Ck377NeTAQ1ayhBtNjm3umscNkpekBtcJHjPJrtNpump,2026-09-03 13:21:08.393701+00,MONITORING_STARTED,"Quarantine ended, monitoring started",1.2.0
e731419e-f2d2-4c71-86a4-e955656b43ce,AykP15ZuLonepva4Hm5YvPC56zJ32Rdju2gScKwRpump,2026-09-03 13:21:09.847141+00,MONITORING_STARTED,"Quarantine ended, monitoring started",1.2.0
c70dbb39-c287-473f-9072-e5a734f65866,3tnzx2WWX5fhvZH9pc5TjP247E5ufR4uG48wPn6Dpump,2026-09-03 13:21:11.160893+00,MONITORING_STARTED,"Quarantine ended, monitoring started",1.2.0
a7081802-c0bf-41fc-b441-6f8038bd36d5,2r6pXr3kiu1rhpDYJHbf2DjvWhuAdZvcKXnynME8pump,2026-09-03 13:21:12.611878+00,MONITORING_STARTED,"Quarantine ended, monitoring started",1.2.0
4c0deec3-6e88-4fed-b1e3-1367fa63f873,13NdXgxxrxhjhJ7BPr7MGT5GjDJXn6A4NMZHowpMpump,2026-09-03 13:21:14.053167+00,MONITORING_STARTED,"Quarantine ended, monitoring started",1.2.0
5ea77c75-c03b-4dc2-806a-0c11d5dade62,HUQ8tBGdgq2uUDcUPxUyiXaxf4Ytvprv8AhYkeh1pump,2026-09-03 13:21:15.466363+00,MONITORING_STARTED,"Quarantine ended, monitoring started",1.2.0
cfeb8683-749d-4d8a-99d0-d95bc2068b0f,DRMmkdvdnCxdPqqwxZkSnwiTEsF2czW361BwE8fhFdex,2026-09-03 13:21:16.882095+00,MONITORING_STARTED,"Quarantine ended, monitoring started",1.2.0
373a9573-d4d4-48bb-a671-9b33031e3a61,NjGzCD9aJhiUAixHnSh5GqHnSxoAPKsvLjzchQ8pump,2026-09-03 13:21:18.271027+00,MONITORING_STARTED,"Quarantine ended, monitoring started",1.2.0
23475483-1cb6-449c-afaf-3644c656fe98,GGpRUMfk4YNeYn84YJ4iKPxzWCdu6xTKZLqmqUTLpump,2026-09-03 13:21:19.653427+00,MONITORING_STARTED,"Quarantine ended, monitoring started",1.2.0
042e894e-27ab-4e99-8155-459d32e3542d,7Q59LtM8TMVCysdjCAd1r5s3hKxvzRc9mjTNUsdcpump,2026-09-03 13:21:21.014951+00,MONITORING_STARTED,"Quarantine ended, monitoring started",1.2.0
c3904c91-990b-4b25-801c-72f24caaaff4,4dmxsK1t1Fz6eTiH3p35K8gdB2hpSXmMFe1w1mWBpump,2026-09-03 13:21:22.459819+00,MONITORING_STARTED,"Quarantine ended, monitoring started",1.2.0
aa1b2050-c28a-415d-8b0d-e2e229a96c80,9LHNJercroLqBMfq2V2Dmx3VmF5CR8n1Nn1ctipspump,2026-09-03 13:21:23.856204+00,MONITORING_STARTED,"Quarantine ended, monitoring started",1.2.0
3cbd8deb-4fb7-442c-a087-2b0c968d5a69,DHtaU4F9k9YdhmSY6aFvABgHKVJXqiMXv9GXwAzuGbgN,2026-09-03 13:21:25.376928+00,MONITORING_STARTED,"Quarantine ended, monitoring started",1.2.0
9b076bff-6da5-40ed-bcfa-7ae9dbd6fd70,27tbGc7DGrjnA3sz1XZgd524pCtmrLFWTfJaNutvLNKR,2026-09-03 13:21:26.815064+00,MONITORING_STARTED,"Quarantine ended, monitoring started",1.2.0
34178343-7cf8-41e0-9114-df9e2ce91cb3,EwJi9RdHKTf6wq2qD3Z3Yn4vh42kKuMyXAZzKMKipump,2026-09-03 13:21:28.257838+00,MONITORING_STARTED,"Quarantine ended, monitoring started",1.2.0
3cabc764-5652-4c47-aeff-f3f8c62de214,9gDAFjCfxPVcMrJMpQu4zEpuPRRKQdX93MBUWnjApump,2026-09-03 13:21:29.667139+00,MONITORING_STARTED,"Quarantine ended, monitoring started",1.2.0
a209ff8c-5e64-4897-ae90-e97b5b92dc8b,75mRwR45Wb5UDTgazRYBzzKyF6nFNxVjVHffR8t7pump,2026-09-03 13:21:31.086542+00,MONITORING_STARTED,"Quarantine ended, monitoring started",1.2.0
6e5581c9-18ba-42af-9912-5dd126aaeac6,Hs7N63fmuC2yBp6LAnoHkFwfHu2n4eCf3AEWDAtnpump,2026-09-03 13:21:32.519126+00,MONITORING_STARTED,"Quarantine ended, monitoring started",1.2.0
a91ebe5f-f324-48ec-8451-33a4eec86816,HvvnKT6zZiS8Kkd3ZMhr73M1KiYu7QYMNjq3b8Xjpump,2026-09-03 13:21:33.930969+00,MONITORING_STARTED,"Quarantine ended, monitoring started",1.2.0
6e001477-8c3a-4d04-bdfb-0a6d669576ff,F6gfM5bsh8Wx8rFsVJpzuYJoZZ5gTUc4WiYAPdAUpump,2026-09-03 13:21:35.387813+00,MONITORING_STARTED,"Quarantine ended, monitoring started",1.2.0
68591f7d-3f68-4757-ba27-99303d8bd89f,EGGxzLiFNcceaoyvQuZH6pGKPQSUW2EihC5YapPdK5yN,2026-09-03 13:21:36.792528+00,MONITORING_STARTED,"Quarantine ended, monitoring started",1.2.0
e011b4a2-6de2-43fe-9d14-f17972b94188,HSftPqKfWrJAQ8tw8NVgsnXthc9BnRU9iHR4tthzv9QT,2026-09-03 13:21:38.175415+00,MONITORING_STARTED,"Quarantine ended, monitoring started",1.2.0
da6f5596-fba0-4922-8407-d04fb7152425,8RvUhjZ5MV7hH9XUks4PEGvkQcCPmx6C9Xaqx3uZpump,2026-09-03 13:21:39.560716+00,MONITORING_STARTED,"Quarantine ended, monitoring started",1.2.0
fbcc937f-3315-4d84-af7b-f93673519944,65w6xwuKfhFpj5XVoJEqrfN5xJN6gAkGzVrkzH12LouU,2026-09-03 13:21:40.946818+00,MONITORING_STARTED,"Quarantine ended, monitoring started",1.2.0
c58a1b68-b7f6-4280-9c19-230642b96e79,BKDiVXDYd4Y3x1dKRiSHZKShSbu4PRm5sW1PuHgCpump,2026-09-03 13:21:42.346619+00,MONITORING_STARTED,"Quarantine ended, monitoring started",1.2.0
588e27c3-a565-4d64-9867-f134d6fdbb3b,7sQcnoRsVisys1wUApDqukUmDRJUe1aZ77CaiKwarVbF,2026-09-03 13:21:43.764454+00,MONITORING_STARTED,"Quarantine ended, monitoring started",1.2.0
ce276fb1-003a-4355-8989-022da2015b52,928jRD8A4hcqad24TwrtQuZkrqXUTZKcydH32rZxaCgD,2026-09-03 13:21:45.205442+00,MONITORING_STARTED,"Quarantine ended, monitoring started",1.2.0
d17779bb-d758-484a-9210-66eab2b6e33a,2HvhMud2Vbjfyydsx5uPhZVpZ3gsq5M7hXzFrZfBpump,2026-09-03 13:21:46.642016+00,MONITORING_STARTED,"Quarantine ended, monitoring started",1.2.0
fe6b74e8-9d78-43ad-a1e6-45dae4363eb8,8PyYPTa1gEVvk2JQ3LhX1aM7zg8kSAw5qeUyS1Lpump,2026-09-03 13:21:48.018202+00,MONITORING_STARTED,"Quarantine ended, monitoring started",1.2.0
ba98dda1-23e2-486e-8764-c7679ab08cb2,7VPrGu8dwLK7YFZu3Z6FmAwRmUqKuBRzBSNvuUvCuNwV,2026-09-03 13:21:49.428926+00,MONITORING_STARTED,"Quarantine ended, monitoring started",1.2.0
2ab9f0a5-917d-4609-81c4-fece05dc947e,7psiMbnC4xVRs5vB2BesbSk8myhRZ4d8G29X63QZpump,2026-09-03 13:21:50.822566+00,MONITORING_STARTED,"Quarantine ended, monitoring started",1.2.0
2353c4e5-ac47-4526-be33-4012c89654ae,3PZAe766xNghoLyASMuYgx2mFDW2u3qnsU8MYknQTEwp,2026-09-03 13:21:52.220527+00,MONITORING_STARTED,"Quarantine ended, monitoring started",1.2.0
78fc9ba6-7334-42e1-b031-3ba7fdb20047,E94YopQRTBLk91Nq2FJgPWy81dq1bqNaj96otUcgTdE7,2026-09-03 13:21:53.627959+00,MONITORING_STARTED,"Quarantine ended, monitoring started",1.2.0
2285cd5c-ddbb-4f4a-8842-16cd0b4873d8,RucUi81TqyAxLLSNePYBbP26MNDrCXWrCJsfqKPpump,2026-09-03 13:21:55.040458+00,MONITORING_STARTED,"Quarantine ended, monitoring started",1.2.0
603cf45b-07fe-4fa2-8f7c-32760982b0ec,5iWSgThgfajnAsUXeYjnZE2966tdW9kitmHyUuy9pump,2026-09-03 13:21:56.460936+00,MONITORING_STARTED,"Quarantine ended, monitoring started",1.2.0
6523cf80-f391-4888-8780-81c248027872,9ykE4HYhijFXhk11CoWBdEBuQ78dYp3qqbFK5oRVpump,2026-09-03 13:21:57.859309+00,MONITORING_STARTED,"Quarantine ended, monitoring started",1.2.0
0ed33dc7-48b8-4228-9ac2-55b13779e6d1,Cd2b8guD4a4fgNng43Wk9sHDJ11tB8ie3EGABjWdpump,2026-09-03 13:21:59.245869+00,MONITORING_STARTED,"Quarantine ended, monitoring started",1.2.0
d2d8b2b9-6a54-464a-8b46-77e9e646b8aa,5CYBqT5kaoAtJia9ubmDZ7ThSjNDhXERfKhSC2q9pump,2026-09-03 13:22:00.662174+00,MONITORING_STARTED,"Quarantine ended, monitoring started",1.2.0
c453572a-5db8-42a6-a04d-e820f8bc05e7,CSRRgTwf9o5KLgguS2M16aEAhV5PUUzfshrAAQ8opump,2026-09-03 13:22:02.077837+00,MONITORING_STARTED,"Quarantine ended, monitoring started",1.2.0
d21da3e0-ca74-49e4-922c-7838ef4c95db,H7aKCfh4uX5do7rE5pRCqfXskuMM4M9T1HAGSEYfpump,2026-09-03 13:22:03.514593+00,MONITORING_STARTED,"Quarantine ended, monitoring started",1.2.0
a0897336-01fd-48dc-8b4d-911fa036675a,B71Lm9jzY8Urkrqf7Td7W8mcRX5ha4mym3UW5JG6pump,2026-09-03 13:22:04.948854+00,MONITORING_STARTED,"Quarantine ended, monitoring started",1.2.0
fbcab672-3fbd-4448-926d-d27e1dbe6fd6,93MSmvh53AcGFuBQah25zU1w4MoH6HXdtHx1aqwesXwD,2026-09-03 13:22:06.34898+00,MONITORING_STARTED,"Quarantine ended, monitoring started",1.2.0
a34a1b76-cc91-4e9c-af33-73288489ce2e,E5YkB2XFsi8GHZ2CLoaowcZeFftsjm1MreMraPbZVGKz,2026-09-03 13:22:07.766413+00,MONITORING_STARTED,"Quarantine ended, monitoring started",1.2.0
27f387e7-946c-4180-abaf-36b4e949eaa8,MzuosvncXoJAHaem7JtWoek8NXGojFWyM8ZGwsZpump,2026-09-03 13:22:09.186081+00,MONITORING_STARTED,"Quarantine ended, monitoring started",1.2.0
307d91e0-2787-44da-8035-d79160517fca,AU92uCTRJVjAW7eSfW5t8asMxqjaPM8v6X9ByZQGZfcJ,2026-09-03 13:22:10.59039+00,MONITORING_STARTED,"Quarantine ended, monitoring started",1.2.0
1f47b98a-9f77-493c-b369-d8684af6013d,3ggU45hkA1h14175yh9z9bxXaYGKoZES7fNEYxUb6hw4,2026-09-03 13:22:12.027375+00,MONITORING_STARTED,"Quarantine ended, monitoring started",1.2.0
785cbde2-05af-4336-a093-15fa1107fffd,5PntZAEaNrCKpaHC334b9pATnUELsYE2WRyhdBYMpump,2026-09-03 13:22:13.450032+00,MONITORING_STARTED,"Quarantine ended, monitoring started",1.2.0
b6999a51-c5d0-4fce-b5de-df3de42c9477,HRwUUJXBpW9zjY3oUb8cgzqoby3ozpwuSCRW7tUHNdpg,2026-09-03 13:22:14.877103+00,MONITORING_STARTED,"Quarantine ended, monitoring started",1.2.0
68ce0d50-69a9-4e0e-890b-04d47fdd3200,3bDHhpewuWbWZcGCgUbmEyvQuhbeaKBKzBuKJgkXpump,2026-09-03 13:22:16.261957+00,MONITORING_STARTED,"Quarantine ended, monitoring started",1.2.0
cd4037ef-ecf9-403a-914f-810bd3c8a1fe,HtHME5mpfBa6PT8cc9JULtzYDWTNYX4husuMKsTxpump,2026-09-03 13:22:17.65037+00,MONITORING_STARTED,"Quarantine ended, monitoring started",1.2.0
26d9fa1b-e12c-46da-8085-13b69b9b82e2,JAMgixLafTHLCXp6DZp6vzGcoo7BATtftn5MLNMedjFP,2026-09-03 13:22:18.990289+00,MONITORING_STARTED,"Quarantine ended, monitoring started",1.2.0
6858f6ec-3dfd-4b8c-a6db-9f969daf7e83,tC4iY6ym1HfvS2RCzVovhJGbf6MkxcXSsuV7Rbbfd7y,2026-09-03 13:22:20.379321+00,MONITORING_STARTED,"Quarantine ended, monitoring started",1.2.0
e5d7c41e-68ca-4638-bf8c-fafa7bbc9d10,GiaVByahUb73UdNtx46tDtUpBt5XJqLYc7w73RdVpump,2026-09-03 13:22:21.781439+00,MONITORING_STARTED,"Quarantine ended, monitoring started",1.2.0
01494293-0b21-4c34-9b73-6c6d12c812a8,Ft7Zin87WaHMTsJRz9k9ZsPhfVuTXGbkAxxRui2WZph2,2026-09-03 13:22:23.188468+00,MONITORING_STARTED,"Quarantine ended, monitoring started",1.2.0
1442a8c4-5a5f-4033-a0f8-3315d2b8bc70,EgTDnuUcbAvhS1DdRFqsML9PD5xtBhDQs4uSDs9tpump,2026-09-03 13:22:24.696878+00,MONITORING_STARTED,"Quarantine ended, monitoring started",1.2.0
51e622f9-56e0-4910-b23e-9d1e77d7a245,9XnjNoaqgqMkVeNAUwz2xs6jvphyRvxmTDsAqskLdEnA,2026-09-03 13:22:26.076695+00,MONITORING_STARTED,"Quarantine ended, monitoring started",1.2.0
c68ef441-e77f-4c2a-9d4f-7dc7b5e5b890,CG8yDDsP5PqhixEbLjZvG2tAxtcfsfxmSVqsx3Kxpump,2026-09-03 13:22:27.509241+00,MONITORING_STARTED,"Quarantine ended, monitoring started",1.2.0
86860331-89c6-4bf9-843c-64b98c76e754,8R5eqpK7rQofoLnmHNsnBBADDgcGhBNCnr1Ducf2pump,2026-09-03 13:22:28.931602+00,MONITORING_STARTED,"Quarantine ended, monitoring started",1.2.0
45420d8e-3110-4d12-9e5e-1acf00668186,DYAaCD3sdRpwbf1hFxe8E9AnPHVynGbfnuDEPALKpump,2026-09-03 13:22:30.345987+00,MONITORING_STARTED,"Quarantine ended, monitoring started",1.2.0
8f85f355-46d0-4512-bc35-3ce57e4b555c,t1smJzZt9aUEWjaGJYpqStJ3yLYPcqSwaHGh83ubjRP,2026-09-03 13:22:31.768535+00,MONITORING_STARTED,"Quarantine ended, monitoring started",1.2.0
4f2fe157-9199-4d57-b7f9-222b2dbf8aab,64PAAiijqQACMH3nbWsFtqQ2TZaqrT3WLF2tkbeEpump,2026-09-03 13:22:33.207827+00,MONITORING_STARTED,"Quarantine ended, monitoring started",1.2.0
c57ad7d2-0fe0-4c0c-b5a2-eeb2dd5619ca,6mYykKMQwMm2UQBoJFcQpwKgJD71jQZ2L8ncNDT9pump,2026-09-03 13:22:34.602407+00,MONITORING_STARTED,"Quarantine ended, monitoring started",1.2.0
6f408246-194b-4d94-b2b0-9bd10db39586,2Q8tHSimZLBb2v3BfNNSVbs4bKYxNJ84NpzuajG6p1aQ,2026-09-03 13:22:35.988171+00,MONITORING_STARTED,"Quarantine ended, monitoring started",1.2.0
202fc5a2-8a7a-44db-8037-2b893dfaa1b1,G8wFeagXt6jt6mY9M2kNujsRqQX6NHZNUzDNx1Q5pump,2026-09-03 13:22:37.385855+00,MONITORING_STARTED,"Quarantine ended, monitoring started",1.2.0
faec4f1d-1828-413b-8100-c7e884ba8a6f,ERvGimpyqnuiZ5vaBjd3bWA8GEtM2erT4c5SoiPPWv7k,2026-09-03 13:22:38.782783+00,MONITORING_STARTED,"Quarantine ended, monitoring started",1.2.0
39b42521-2734-426a-8b9d-d2f56adfe18a,CnRbeGkMFK5jprNUjyzdcnYgPB6CJk9VccmjmWEmiJtC,2026-09-03 13:22:40.219876+00,MONITORING_STARTED,"Quarantine ended, monitoring started",1.2.0
c7c005ee-46e0-463c-bc84-ec4ccc4e5fb8,Dp4SHtcvzDqZ8ozg4NTTekQskPi2MWNK2GFx1F6Kpump,2026-09-03 13:22:41.630777+00,MONITORING_STARTED,"Quarantine ended, monitoring started",1.2.0
30f3336a-223e-419a-95e2-af98c053f9a1,Afos4Rke9x64UqVnf9ZF9TvHRUMMFdGe1JXYxt8z3HK7,2026-09-03 13:22:43.002839+00,MONITORING_STARTED,"Quarantine ended, monitoring started",1.2.0
641715ad-73ff-4443-b418-95ed4324dbd5,CXG11xiLJVf8umnmXXGUobBKmb1p85ptkikMmSNEpump,2026-09-03 13:22:44.402748+00,MONITORING_STARTED,"Quarantine ended, monitoring started",1.2.0
bec44c0f-7056-436f-9074-1a47432a2e9f,5rDauqJEKodE7cJMbKUJHPFY793qUbgYUfrWNo5Kpump,2026-09-03 13:22:45.808773+00,MONITORING_STARTED,"Quarantine ended, monitoring started",1.2.0
f25098ea-d09f-4e3e-96f2-22b1db904636,62MqxAoeEJQBZMMKrbcLUkAvohHEsq88hjAqhBV6pump,2026-09-03 13:22:47.204608+00,MONITORING_STARTED,"Quarantine ended, monitoring started",1.2.0
584563e7-1dd7-4b9a-b11b-b43059d85f77,Hw4PvsbCbgKevJc9iyMgbwevoqU1SiejGesuVF8JA8ee,2026-09-03 13:22:48.615656+00,MONITORING_STARTED,"Quarantine ended, monitoring started",1.2.0
a19b80dc-7b07-4b84-b69b-731f2394b2e8,9LZ3UaDM8rS8AMv8VCLg9BnWw5JN4JFxbzbPjVHHFsjo,2026-09-03 13:22:49.997417+00,MONITORING_STARTED,"Quarantine ended, monitoring started",1.2.0
634a2d0a-b5f2-4f2b-8e94-e3fd00bf9995,Ee1LDwvfA99CvFRxTZi93kj3A9AvN6wuryiffp3Dpump,2026-09-03 13:22:51.403539+00,MONITORING_STARTED,"Quarantine ended, monitoring started",1.2.0
f543c61d-64fe-4c5e-8359-73701038d5e8,6PipCS2EJ5fH9boGbJxStcsRpNh5WbN3dSZycLWPdbi4,2026-09-03 13:22:52.864118+00,MONITORING_STARTED,"Quarantine ended, monitoring started",1.2.0
f95c9d9e-630f-4b1a-970a-3e677a28ea4c,81voyUHfuimgHQWkHS4e1nbu94pn54TGbqXYwh4gpump,2026-09-03 13:22:54.264252+00,MONITORING_STARTED,"Quarantine ended, monitoring started",1.2.0
7fdd8b57-6741-4cf6-ae0a-e36870b3dc59,CkH8iAKJhdAvLj9EijKdYwpbhrq6wjmFRZLSu5Rgsjrp,2026-09-03 13:22:55.612158+00,MONITORING_STARTED,"Quarantine ended, monitoring started",1.2.0
5be7976b-a472-49e8-b073-027e4b046789,EhGX4E2sNWuDsxWRmVRyUMTdvdDJp3Rj7pvm969dpump,2026-09-03 13:22:57.014205+00,MONITORING_STARTED,"Quarantine ended, monitoring started",1.2.0
f8cf12f1-c959-4c06-919a-bbdb0f35092f,7MyRpZSmxFFKTcCDg9aK3ziZnzwPiwqn7szBKJXHpump,2026-09-03 13:22:58.436607+00,MONITORING_STARTED,"Quarantine ended, monitoring started",1.2.0
31e203ad-fda8-4012-9b46-79bf7ca9c533,8ntHtE7k2xGT8xvQm4iECpA1zxjUypCAm3Go7pmMpump,2026-09-03 13:22:59.826265+00,MONITORING_STARTED,"Quarantine ended, monitoring started",1.2.0
436688dc-d737-4a84-a298-218d9919d84e,C1JVw9Eecb13VRiVyV4QpXFpQNaJjmXWAXoFaGynpump,2026-09-03 13:23:01.290007+00,MONITORING_STARTED,"Quarantine ended, monitoring started",1.2.0
47d76cb3-1c4d-438e-aed0-48851b528100,7NkRWvEog93ogp7CoU1xoAyB3kpPGCzDurgy2Y2Kpump,2026-09-03 13:23:02.745312+00,MONITORING_STARTED,"Quarantine ended, monitoring started",1.2.0
cadb65dc-ad41-474a-a73d-1e35438824f1,2WG6mgKMx97jYCCoiHGcJndvQXjwDgyFeVRAnKH2pump,2026-09-03 13:23:04.163126+00,MONITORING_STARTED,"Quarantine ended, monitoring started",1.2.0
7203def7-e39f-4272-9b18-e352ed552c53,F98TCwNAQuz7JtP6ScZaKddepDjnCwmQ5TxkfcgcYaVC,2026-09-03 13:23:05.549867+00,MONITORING_STARTED,"Quarantine ended, monitoring started",1.2.0
ade3ac1b-545e-4719-9806-900d1793f07b,6n55pXa3ZKa2rnNotEPog1SRspWeGiNxU5WkqEkSpump,2026-09-03 13:23:06.961856+00,MONITORING_STARTED,"Quarantine ended, monitoring started",1.2.0
41e1f703-7012-4332-b769-07559e91e65c,4KLo47obTpHj1XYMtMV42qjadaW2xWMAaLduwAwtEebA,2026-09-03 13:23:08.412654+00,MONITORING_STARTED,"Quarantine ended, monitoring started",1.2.0
42e964cc-09cf-4d63-8fb8-9e239dfdc14a,E8MnCtZVxk6EZAxQBAfzrWTPoCQfyEm7dghbSrMQpump,2026-09-03 13:23:09.834051+00,MONITORING_STARTED,"Quarantine ended, monitoring started",1.2.0
d8beeecf-e350-4841-9c15-ab4fedb05325,ALBFBJq9FQKAV7gC4Ud8A5HopqbLJGpV689jFerbpump,2026-09-03 13:23:11.269736+00,MONITORING_STARTED,"Quarantine ended, monitoring started",1.2.0
7a2a66e0-c57f-4013-8c73-6bfd3cc24d7a,Ak7JbLvKEFzkcfpvLErnnkQ8xoB2P3HNbLDp6Du2JVSW,2026-09-03 13:23:12.69301+00,MONITORING_STARTED,"Quarantine ended, monitoring started",1.2.0
51aee874-0adf-44d4-ba3b-61320baaff4a,EZ3Kxv6kx7FAyXgYok1rwGBy2Y9FrsYuc3U7FzWSpump,2026-09-03 13:23:14.104725+00,MONITORING_STARTED,"Quarantine ended, monitoring started",1.2.0
ec809536-58ba-4f07-b62f-dccc1fabc8aa,BSKaWqQF9wddDHcZSdZRCASqetNBKNKDH5fm3Vihpump,2026-09-03 13:23:15.472514+00,MONITORING_STARTED,"Quarantine ended, monitoring started",1.2.0
90f59c9f-f5d0-41df-bef0-923567d3afd6,2wfpCZgazHdU9YGabBaALhvRHpcE5WY1vEXaQdxMeNWZ,2026-09-03 13:23:16.955646+00,MONITORING_STARTED,"Quarantine ended, monitoring started",1.2.0
ccbd608d-6bc0-4994-ab98-96f55cf1655f,12XbaatU9FaTM78F5WcahY92gQ6ammCpAGBxgwAtpump,2026-09-03 13:23:18.351727+00,MONITORING_STARTED,"Quarantine ended, monitoring started",1.2.0
1a417a93-b58e-4999-b65f-fbdc809a960d,qb4mvBUBcj3FEyrefJdwiaix5ZCUsFQZNzzDPrrpump,2026-09-03 13:23:19.851288+00,MONITORING_STARTED,"Quarantine ended, monitoring started",1.2.0
5851f266-8534-4dac-aaa3-ea9aa886296b,HpWnGa2UtSTmy5VU87XGm8yPKZc93P7F927LwjQ5pump,2026-09-03 13:23:21.360808+00,MONITORING_STARTED,"Quarantine ended, monitoring started",1.2.0
ad11d807-52b5-4ca2-885d-6d4d01dc94ad,79wqMK5SsGJc8mFLVG8RZUUzHVPXFcVKCj5aBkjyqs6D,2026-09-03 13:23:22.777448+00,MONITORING_STARTED,"Quarantine ended, monitoring started",1.2.0
210763b9-52de-430d-bf7d-0dc16c10d960,DRDtQGgs2jpqkNNtahkXBf8km3zQ3TWYYV1EK6pEpump,2026-09-03 13:23:24.161234+00,MONITORING_STARTED,"Quarantine ended, monitoring started",1.2.0
e802dba9-42ac-46b6-b9ae-d48f4a7b6e69,D93aSbr316fG39s8Jvqnqmcj39ZxFpJxutu6doVNpump,2026-09-03 13:23:25.671957+00,MONITORING_STARTED,"Quarantine ended, monitoring started",1.2.0
0955de19-131c-4740-9278-29ccbac278b5,9J6LmyS7TrsHjpDH84Jpw5vB7C8ZQ6LTL5wuSrPdpump,2026-09-03 13:23:27.069101+00,MONITORING_STARTED,"Quarantine ended, monitoring started",1.2.0
19abd0ec-75b4-4bde-aed4-53d77bf4cfb6,4fsEWifM7BNjAYj77o6ma2LFjz6cQ1vqGcGJyxxxpump,2026-09-03 13:23:28.462543+00,MONITORING_STARTED,"Quarantine ended, monitoring started",1.2.0
818769ad-59a3-4c1e-a1b0-cd40ab612a3c,2Ycyk4qGxPsUu9Hu2cKdMdaCqvZjcoz3gTPpMxX3pump,2026-09-03 13:23:29.894866+00,MONITORING_STARTED,"Quarantine ended, monitoring started",1.2.0
3dfbab65-e5de-4223-b325-757cbeff2bbd,46T1YG4nKhhWY4jiRPBmSV5aU6TN1KUV9BKqcq2K97wY,2026-09-03 13:23:31.298839+00,MONITORING_STARTED,"Quarantine ended, monitoring started",1.2.0
0dfd772b-0ab4-487b-99b9-7083dc571fee,YHs69jqML9nxSM7vNEuT2HC3Q62MQdLRcz6fmdRpump,2026-09-03 13:23:32.682926+00,MONITORING_STARTED,"Quarantine ended, monitoring started",1.2.0
091fc0e6-610e-4706-9587-512dfd308859,4KNYU3H2FmuSWMpVeF4mkzGnGK5VRoDgsWYV6YFrpump,2026-09-03 13:23:34.069603+00,MONITORING_STARTED,"Quarantine ended, monitoring started",1.2.0
a955277a-6de7-4d7d-bf24-fc64b5011798,59mXodQ31VyP5fj4uz9qsCkhL17k1Ec6irLeqPARpump,2026-09-03 13:23:35.478625+00,MONITORING_STARTED,"Quarantine ended, monitoring started",1.2.0
50ab17f3-96ba-4f52-b41d-9d76ac6a375f,4xRBUZCAq4kMsPLsfB3gSvzEYzeYJ4woUqkqc4GMpump,2026-09-03 13:23:36.876974+00,MONITORING_STARTED,"Quarantine ended, monitoring started",1.2.0
095cc24c-e056-41e8-bed1-59ad8db4d7e0,4h5d9ejz8QSfzhAAVMLU5s9uFNzv3xmK6UuZK2PDpump,2026-09-03 13:23:38.267933+00,MONITORING_STARTED,"Quarantine ended, monitoring started",1.2.0
62ba5cab-ff9a-491c-a550-0357ac73bfc5,6z5ML9BDLDhvzCLeEdMyz5DHcC1nfsd9PtViu2Lpump,2026-09-03 13:23:39.700059+00,MONITORING_STARTED,"Quarantine ended, monitoring started",1.2.0
4e4c36f8-a936-4d54-aedc-5e4951795ab9,XyLfqpzVuvpJ3Z9ThdcUdPHkGfnSaYNXdWDKaJGpump,2026-09-03 13:23:41.126097+00,MONITORING_STARTED,"Quarantine ended, monitoring started",1.2.0
5fe91026-6b6e-4640-a3bd-e0eca7b64b6b,FVvAfW3K7cBr1LpLZWMvgmwM3qsGMojdxJjNgKLJpump,2026-09-03 13:23:42.522187+00,MONITORING_STARTED,"Quarantine ended, monitoring started",1.2.0
108573da-c2a4-4e51-945f-97fd5f51c7f4,8cbS66zJp2mf7tNjgbkVtCWCb4kumnEduLpkQbFsburn,2026-09-03 13:23:43.94733+00,MONITORING_STARTED,"Quarantine ended, monitoring started",1.2.0
eaad3a94-cf9a-41f9-a8ca-2961620459e2,X2oB1Mp8ZbkQiUcMwzYbkehqtVq3MZfMANDCGarpump,2026-09-03 13:23:45.374016+00,MONITORING_STARTED,"Quarantine ended, monitoring started",1.2.0
313a9acd-ae53-4212-a153-0ed78353765c,A56ZES8x3vVQhi2YC7QwCiN9uyxixorYsmMT55MMpump,2026-09-03 13:23:46.72905+00,MONITORING_STARTED,"Quarantine ended, monitoring started",1.2.0
1994112e-d6ee-4108-884e-9238caceec41,g7Mf4oATpA43aG46a49FarThR8CqPkgRNysQrnPx9oS,2026-09-03 13:23:48.148278+00,MONITORING_STARTED,"Quarantine ended, monitoring started",1.2.0
90dd9a78-430f-4e09-9cd7-a5a0c5d677c0,AU8ZmbsXDBuScnUyLuqtxtdaQER6M3LVtxdcfcmCpump,2026-09-03 13:23:49.543538+00,MONITORING_STARTED,"Quarantine ended, monitoring started",1.2.0
0d01cabc-a3dc-48f5-88e1-5cc6944a2091,8ahGYNWnE1QGxptZLSymeYuVpxX7Ed39YhFyjPy3pump,2026-09-03 13:23:50.907328+00,MONITORING_STARTED,"Quarantine ended, monitoring started",1.2.0
26affdbc-a17c-40be-b2bc-0cc6be95d688,NFA2vkDtr3ghgKasVNqJKGknWB7PGTiMS2oLWWR53V6,2026-09-03 13:23:52.289692+00,MONITORING_STARTED,"Quarantine ended, monitoring started",1.2.0
d0a95cf3-5485-4a86-9598-f461e4af9b5a,BB5VU7LxXrB2p3dZnQeeBE6fmCpYMf5vR6K8tRFqpump,2026-09-03 13:23:53.734876+00,MONITORING_STARTED,"Quarantine ended, monitoring started",1.2.0
6ea35b1d-7e63-4dfc-bed5-8e06e0e6a417,7W8uumZvFWDegwhSLiZjUng8wouwiVXhUV9A1DPPpump,2026-09-03 13:23:55.158586+00,MONITORING_STARTED,"Quarantine ended, monitoring started",1.2.0
1a6b68b7-0588-408e-ab85-a93449602c20,AoEHGTFvykuV9Nhk5Tb5fSbKnS7zgUN5zw3TUgpJpump,2026-09-03 13:23:56.577758+00,MONITORING_STARTED,"Quarantine ended, monitoring started",1.2.0
50feeafd-b767-4c79-889d-cff476b30c73,3kwDUuS5f1QtSgiypuLvnXMyxp74sn9PCinh4h9Vpump,2026-09-03 13:23:57.943966+00,MONITORING_STARTED,"Quarantine ended, monitoring started",1.2.0
e60ba796-5e61-47a2-8579-229f6c7e9199,tahKR4TA337akDkgfGZ5Qaeng4ABdov49rVePABpump,2026-09-03 13:23:59.374165+00,MONITORING_STARTED,"Quarantine ended, monitoring started",1.2.0
4fee559e-3029-4318-800d-47dd3ca41c00,6Bd2opj5LteW6hvdJUjYw8SdfVQYAJ2NeonfgEHMpump,2026-09-03 13:24:00.830394+00,MONITORING_STARTED,"Quarantine ended, monitoring started",1.2.0
4e2e9a24-84eb-4d95-a76a-acbfdf4cd33f,E22f92KYQgo4cu6pTpBVTVvnBDcWyAJGwGB9i5mNpump,2026-09-03 13:24:02.268797+00,MONITORING_STARTED,"Quarantine ended, monitoring started",1.2.0
7624e8b2-dcfe-47cb-acc6-68549fe655e9,46kwQaZdcuSNuyqjWJsiWBxsUFbAxWFDYWwx9ePipump,2026-09-03 13:24:03.715756+00,MONITORING_STARTED,"Quarantine ended, monitoring started",1.2.0
45003a28-ad5a-4e11-9998-49429a388703,648CgFCcFXCPUWhaa5V5W1tFDDfuEtCVVp3EQjTmpump,2026-09-03 13:24:05.265337+00,MONITORING_STARTED,"Quarantine ended, monitoring started",1.2.0
cba47104-18c3-48ac-a0e3-73089797ed5c,Fw6ksDUW7agYgvJuAMMa5zw9C9Qe2RV85j4j3oXipump,2026-09-03 13:24:06.752443+00,MONITORING_STARTED,"Quarantine ended, monitoring started",1.2.0
f07a618b-9f68-450e-b8c7-6671303e27d4,2gdGXkBriQ87rGT3LWGUJr3NrUTbSWdCJgHbTnBNpump,2026-09-03 13:24:08.195855+00,MONITORING_STARTED,"Quarantine ended, monitoring started",1.2.0
3e851ddb-c1d0-4120-a033-392a3a4ced5b,EzksuFJL96xtnhqam9YowehVPqGu5wv9ixStJ8pHpump,2026-09-03 13:24:09.598428+00,MONITORING_STARTED,"Quarantine ended, monitoring started",1.2.0
d298dd3b-fa14-4fc6-8fd7-fc15eda53a72,BWrSJTzFnGALx2VimQu6D5Xt81G5DBMQ3pGgeen3pump,2026-09-03 13:24:11.02307+00,MONITORING_STARTED,"Quarantine ended, monitoring started",1.2.0
dd43d82f-e694-40fe-81fd-a9b2104a725c,7mvAKaG39HWm7RtKj9zkgYG21uKFuyHCjJkbuQp5pump,2026-09-03 13:24:12.497652+00,MONITORING_STARTED,"Quarantine ended, monitoring started",1.2.0
284bca88-2c7a-4892-ab83-f5633e34bb2b,FZsih1z71YYmcb6saJKiLPQj7hxovSgbiUZ9kxrJpump,2026-09-03 13:24:13.919314+00,MONITORING_STARTED,"Quarantine ended, monitoring started",1.2.0
5d5c83f0-23ae-4e38-b9f6-6f881ad95970,6Fmy4h78tXFyLqHxjspAmh4vnw4U2VEzFoGL3kBNpump,2026-09-03 13:24:15.319315+00,MONITORING_STARTED,"Quarantine ended, monitoring started",1.2.0
a769fe9a-f156-480a-98fb-a2dbc81dda30,GiUHYs5Hsv94P8bR9m26DsXsX8E786rQsFsPK6spump,2026-09-03 13:24:16.797252+00,MONITORING_STARTED,"Quarantine ended, monitoring started",1.2.0
2b4ee0e7-64b1-4008-a5f8-c7995f64b750,DR34YVxd8VXUmW685DLgDvnmgTzVVsTM2toTNtfWpump,2026-09-03 13:24:18.193889+00,MONITORING_STARTED,"Quarantine ended, monitoring started",1.2.0
5863c946-e5f3-46da-a3b5-b049c3a64861,9sW8VYpSRp3aJV1tV2q9EqFzJyUu2WX3C9paQ4KSpump,2026-09-03 13:24:19.607588+00,MONITORING_STARTED,"Quarantine ended, monitoring started",1.2.0
a47334be-fb0e-4e7a-b85c-5d9d1d1e9ccb,7Zo7tPm77cPekJmPXh6E3ykrox6toZNDSrSwnGC1pump,2026-09-03 13:24:21.022835+00,MONITORING_STARTED,"Quarantine ended, monitoring started",1.2.0
1c4be91c-e245-4bde-86b6-6c85d694357a,Dz37RVhUVgguLoxCyfFQLDX3Dw4VBZvQJNvZx4Szpump,2026-09-03 13:24:22.415472+00,MONITORING_STARTED,"Quarantine ended, monitoring started",1.2.0
ee375804-d35e-48f7-b811-64eb019d13c5,pcBeadR2nwPNjvvCVM26kfFt7GsuvSwsxGtAiWPNiBL,2026-09-03 13:24:23.791992+00,MONITORING_STARTED,"Quarantine ended, monitoring started",1.2.0
48b82ade-4c0c-4b1b-85a1-d87ec79e79f0,CfBYu1dsy6nC3oiYmxE3Kxds6auwpoxcErvSMVykVEPH,2026-09-03 13:24:25.173607+00,MONITORING_STARTED,"Quarantine ended, monitoring started",1.2.0
9b460f60-89b4-40d8-ba77-caf9e225d0e0,GyDBBBhXrUGVpbCzWouixLRYokjQAgHZhDC572Z5pump,2026-09-03 13:24:26.592739+00,MONITORING_STARTED,"Quarantine ended, monitoring started",1.2.0
9bc5d75b-6835-4cd1-8fec-02d01951a0ea,C6VLbXq2Rzi2KMKmZQgRJFZ6hUe1RFgoyCgxhUFgpump,2026-09-03 13:24:28.030161+00,MONITORING_STARTED,"Quarantine ended, monitoring started",1.2.0
300a1053-e77e-4060-82ad-26c3a782ec2e,D79PMY3svBfF56PpCkd2MYJx9LPrwCxYkmSFV8aTpump,2026-09-03 13:24:29.438336+00,MONITORING_STARTED,"Quarantine ended, monitoring started",1.2.0
b68d26f7-0a7d-452d-8004-861eac4d9a46,73roMdHCGSL1KAeuz5rz7pNd45H4THAJgV6YidswTMoe,2026-09-03 13:24:30.898818+00,MONITORING_STARTED,"Quarantine ended, monitoring started",1.2.0
c5a82f52-c986-4743-9c35-e7753a78a6d3,D7vb5sxgYsbqnGmvrenJXwaQb5ctmmwEs7mXRQkkMnaX,2026-09-03 13:24:32.314986+00,MONITORING_STARTED,"Quarantine ended, monitoring started",1.2.0
f2b85c74-41f5-4809-bdc2-ab4e8b34afb3,9ikk3mAGGXYJWgm4j1WZ49yC87iEU5VsMU9fKZrspump,2026-09-03 13:24:33.711274+00,MONITORING_STARTED,"Quarantine ended, monitoring started",1.2.0
8302c270-f41a-439c-a509-f93925520ec1,VVGmSQozMkuHM8B8LKs7ovig6Zdrv72jgcbcqudpump,2026-09-03 13:24:35.147462+00,MONITORING_STARTED,"Quarantine ended, monitoring started",1.2.0
bef45c49-338b-4817-8ebe-5e5244026837,Cn7FeyvLrAoda8ufbSrb2rhjxwc4yRGwBBvsPrM8b3Eh,2026-09-03 13:24:36.555214+00,MONITORING_STARTED,"Quarantine ended, monitoring started",1.2.0
94dc91a1-a254-4577-90c7-fe122bc553fd,53ES5nUDRMYMLQXHyVYwntxvmWCyckVRXRWDkzUwpump,2026-09-03 13:24:37.971528+00,MONITORING_STARTED,"Quarantine ended, monitoring started",1.2.0
8619ea21-0a90-425e-b5ca-40aa3d345273,96uv7R25f4vnyoiCFYJPozze9gyJJf5u3wRHRbEEpump,2026-09-03 13:24:39.349881+00,MONITORING_STARTED,"Quarantine ended, monitoring started",1.2.0
cf6b6810-1e32-46d8-82cd-1fb036ba73f0,CYavHLucTZQ1kQqM1iVq4sZ4XPWpTfKSVS1PgKJXpump,2026-09-03 13:24:40.707567+00,MONITORING_STARTED,"Quarantine ended, monitoring started",1.2.0
13c74816-1925-48b0-b9bb-6363c6579d7c,eUcj3yg4zVv2hz6b4QS19Beg7y9GzARuphtCKm1pump,2026-09-03 13:24:42.138209+00,MONITORING_STARTED,"Quarantine ended, monitoring started",1.2.0
a777a78d-3162-4cb4-9f97-a675cbc85934,9ZmpfSq4BjF3Ni5yfdSd9GJZqXAE2MZftzoxXXnzpump,2026-09-03 13:24:43.529741+00,MONITORING_STARTED,"Quarantine ended, monitoring started",1.2.0
f1b3f309-a82a-4e31-a47a-ee43afab7965,Cnte2GpDMvhHJkAbpvCRiBfc3kd4LcuhVCa9puF9pump,2026-09-03 13:24:44.865802+00,MONITORING_STARTED,"Quarantine ended, monitoring started",1.2.0
f0a41b42-9654-45d5-aee1-96d03de92eb3,7aFGQ7fDuHFcATwGGivdebcLsFkSi1b9emk2dGsxpump,2026-09-03 13:24:46.252896+00,MONITORING_STARTED,"Quarantine ended, monitoring started",1.2.0
d4ced664-253a-4a20-a89e-3b53b121597c,5Jmyc3aeLktVL5hEuLcdo7DvwiY2nc1D9Fxmi3Qrpump,2026-09-03 13:24:47.641597+00,MONITORING_STARTED,"Quarantine ended, monitoring started",1.2.0
35b6e668-4716-452c-817e-fea605ff7d50,DcxZYnRBF171nKzs1dd2gT2fCnLEJ6nqPRFt66WHpump,2026-09-03 13:24:49.018626+00,MONITORING_STARTED,"Quarantine ended, monitoring started",1.2.0
bd1c404e-4deb-420f-85b5-b9b996f1b56b,9HC7yDTyznLNsedzNu1ra82FE3384tJdsBjk2UHPpump,2026-09-03 13:24:50.450749+00,MONITORING_STARTED,"Quarantine ended, monitoring started",1.2.0
ca9778dd-67d2-4c84-8a40-1827fb4d862e,HeJY3gwRvLZyknKv11qJ78cbt4aRPuKDy7YAHq3Apump,2026-09-03 13:24:51.85171+00,MONITORING_STARTED,"Quarantine ended, monitoring started",1.2.0
2825b86f-1fb8-402e-bc0b-1a07b74c887e,GVcTk121rBZqQ495qz4Vjx7LWVSGADdCm5BtPCnVpump,2026-09-03 13:24:53.191241+00,MONITORING_STARTED,"Quarantine ended, monitoring started",1.2.0
9a885610-9519-4790-ac7f-19c19be27ec6,8nLN2B1xG2QTzffYFyjUxvum6V7MKwdKNE9rnQ4qpump,2026-09-03 13:24:54.621017+00,MONITORING_STARTED,"Quarantine ended, monitoring started",1.2.0
fd95643d-6d5f-44a5-8a4f-bcc485976701,AdpzjgRPzrzQt5dEhJvLzhRmHWb3eQ6BUtVmxpQTpump,2026-09-03 13:24:55.989862+00,MONITORING_STARTED,"Quarantine ended, monitoring started",1.2.0
27bd7447-56c4-46cf-b51a-8ed3b2bfec99,28fHmDG7CD7D1diVcF97gdjztUEc1mNRBvUNoagnpump,2026-09-03 13:24:57.427451+00,MONITORING_STARTED,"Quarantine ended, monitoring started",1.2.0
bf1c0d56-ab5a-4943-9605-781bfdce892d,5uJ8rkiqEs5uzERCqVw9a1eC6BkP54MZAF3D229dyoME,2026-09-03 13:24:58.809854+00,MONITORING_STARTED,"Quarantine ended, monitoring started",1.2.0
333366ae-876e-44c3-864d-22f02bb93356,CfvwFqrjDimhdMgY9uy25xQSu3LST4tv7u9ZxnRmpump,2026-09-03 13:25:00.220086+00,MONITORING_STARTED,"Quarantine ended, monitoring started",1.2.0
db470592-26e6-4b7a-a675-8b69c1ccb0cc,GhfYVacYAE8bh99xK2eLNop6gEFnNpzor1XhdVrepump,2026-09-03 13:25:01.594641+00,MONITORING_STARTED,"Quarantine ended, monitoring started",1.2.0
92498e38-d6aa-4ee1-8148-d7a208f41346,GTmRSuqENCavU5BZvaZoSYJnhCmWmKk7GeMmv75CRH4H,2026-09-03 13:25:03.018121+00,MONITORING_STARTED,"Quarantine ended, monitoring started",1.2.0
c5523d05-9c80-4c90-afe1-7d3ed459356b,Aio2SJ69afHaSZGF7tT9RdsNuDW4pouHoVD3HCcMpump,2026-09-03 13:25:04.413762+00,MONITORING_STARTED,"Quarantine ended, monitoring started",1.2.0
5d74458d-a081-43f2-a3f2-50ae378c68ef,6nWbQH6aSjG83JizxiYKwBRK5njaKvqgm1EWu7rPpump,2026-09-03 13:25:05.891166+00,MONITORING_STARTED,"Quarantine ended, monitoring started",1.2.0
909d54e9-9efe-485f-afad-be1d53f661cd,3MdTbRMscgVcDx5aVBXxmE9qznGVaK2gh8rAaKhUpump,2026-09-03 13:25:07.340852+00,MONITORING_STARTED,"Quarantine ended, monitoring started",1.2.0
00e9b7b2-c77c-44ad-b56b-7f8a42138fcf,HzBCGPxhTaN9rRxqFkJCCh8At1ZWudY8jDr3SswFpump,2026-09-03 13:25:08.749844+00,MONITORING_STARTED,"Quarantine ended, monitoring started",1.2.0
319d0e29-0400-447a-919f-7cfd6605b60e,8hWPJYaste3GRRAWcwAV3JYdz6Lk4GkZ4nwLz3mgpump,2026-09-03 13:25:10.132323+00,MONITORING_STARTED,"Quarantine ended, monitoring started",1.2.0
48018128-2cd6-4535-aaf9-6a1888d21529,HnCBDvnM3RfSZHxXJpfJ9uVW4B4HTMbPdKdZf3XLpump,2026-09-03 13:25:11.584711+00,MONITORING_STARTED,"Quarantine ended, monitoring started",1.2.0
bae06d52-9b1c-4955-bb8b-1729f9a6772f,8uSrp69f2Qt1WyUiGwfXNSv52JXbjJoA2FVWmmwapump,2026-09-03 13:25:13.020657+00,MONITORING_STARTED,"Quarantine ended, monitoring started",1.2.0
6661e2ce-2973-44f6-a4bf-eff5fbd9ff18,9ApS1vkNYMrdSibKoCud7gYX99soSBe9KHjoBWhDpump,2026-09-03 13:25:14.359558+00,MONITORING_STARTED,"Quarantine ended, monitoring started",1.2.0
7dbc55ac-d572-4598-b880-e17eee3da2c4,GqrR58mZHKw6HK9bGLDVLyuu2EZfKUFSRU4p2sjJpump,2026-09-03 13:25:15.903243+00,MONITORING_STARTED,"Quarantine ended, monitoring started",1.2.0
67ef5a7c-470c-44d8-98f1-50ddc50ba482,5tuKbTVkV6Xkg4aL2F8iPBmY521GBbzVgeDmyExWpump,2026-09-03 13:25:17.337881+00,MONITORING_STARTED,"Quarantine ended, monitoring started",1.2.0
df9c3698-e4d7-47b8-af80-6ee4fcdab77a,E8AUxsLLavnwGQqEztqFY6XZwbHfvrgVgBaxcwi4pump,2026-09-03 13:25:18.733408+00,MONITORING_STARTED,"Quarantine ended, monitoring started",1.2.0
b8d287f6-8b76-47b1-8bab-80dc8eda05d9,7bdCY31Ajz3dGdiQkzL6VEtFHs1xhooW1134A6Bcpump,2026-09-03 13:25:20.158296+00,MONITORING_STARTED,"Quarantine ended, monitoring started",1.2.0
464fa0d9-8350-41f9-8712-19fad6811d45,EfxdVwr7vrHnM5G86JPdndVFVfMuB4YxtAzr1ppxpump,2026-09-03 13:25:21.572659+00,MONITORING_STARTED,"Quarantine ended, monitoring started",1.2.0
8e37e2d8-7591-4a78-8eb3-ac7d25247e82,3WqmgTAuonVeoGTFPc7pdPjuxz44JXsL9XhfZLbmpump,2026-09-03 13:25:22.932942+00,MONITORING_STARTED,"Quarantine ended, monitoring started",1.2.0
6bfad316-2f3e-4cef-8912-823eba8fb10e,DjVGs3rLy6GVPD9NxfaDqfSHfwXoxz52xRDgSR6mpump,2026-09-03 13:25:24.31003+00,MONITORING_STARTED,"Quarantine ended, monitoring started",1.2.0
10521990-cef3-44c0-89a9-898a6a19c143,XDv73xgiMsUKh811vQtf14dpBsFXapAEE8y5Hkhpump,2026-09-03 13:25:25.725647+00,MONITORING_STARTED,"Quarantine ended, monitoring started",1.2.0
f61c04ab-8819-4f76-af32-2d7575541f79,HeKCjqtkcTxEXyLRiBoUT2RFvvgECpexbYGhQJuppump,2026-09-03 13:25:27.10904+00,MONITORING_STARTED,"Quarantine ended, monitoring started",1.2.0
c7f83f1e-dbbb-44c3-b90e-79e7fd394fce,3EFotDUaMcYTLTTtpGsu2ipF9zWpvHBL52CdiBTcpump,2026-09-03 13:25:28.48877+00,MONITORING_STARTED,"Quarantine ended, monitoring started",1.2.0
a8e3d4f4-aaf3-4f83-8cee-641d643dc718,3PkXvrHSpbJB4wFryEXG8HrgiKmNJZASiEf28GBrpump,2026-09-03 13:25:29.88711+00,MONITORING_STARTED,"Quarantine ended, monitoring started",1.2.0
226ab9f2-73be-4150-8fa3-82468f0b2940,DNJe1VctUNLzyEHLU9hpeTxx5TuYf13YSWmrhXbgpump,2026-09-03 13:25:31.32819+00,MONITORING_STARTED,"Quarantine ended, monitoring started",1.2.0
ccc62e1b-0c3d-4412-aaee-cf942326fb23,DwnDpX8KHgS44fHKdYvS5rx2qSeDmwgxfFHFNmdQpump,2026-09-03 13:25:32.790448+00,MONITORING_STARTED,"Quarantine ended, monitoring started",1.2.0
86fcc9ed-c825-40ad-b06b-494427c01bfb,5XxS55TTZC5rEJwpzcK4hKvQ35N7BiE4cYXaEkjjpump,2026-09-03 13:25:34.206385+00,MONITORING_STARTED,"Quarantine ended, monitoring started",1.2.0
cc04e45b-863f-4edb-b98a-a2675469c105,s3Xi9Z2B5qjnkEPmwxJ451jGpjRpkAyjLzr7hQfpump,2026-09-03 13:25:35.604188+00,MONITORING_STARTED,"Quarantine ended, monitoring started",1.2.0
df57232a-7a3d-4077-958e-f456a29f2be2,XhKjwneYqmTzCZW8Ru7fwBJMEBRhspw1kcHhnFppump,2026-09-03 13:25:36.965803+00,MONITORING_STARTED,"Quarantine ended, monitoring started",1.2.0
3ac8945b-9df1-444a-8853-7cc0e3821ed9,DRbEq7UUsyKKW4L1typPJtGXy8Pk8gm7P5HH8QCdpump,2026-09-03 13:25:38.38759+00,MONITORING_STARTED,"Quarantine ended, monitoring started",1.2.0
17e5aac3-0914-4ecc-8fa2-d83a8ac6a75d,97PbAqx6JbahfW7baF6k1Q7J4EkqUNY8M8HC7fDVpump,2026-09-03 13:25:39.875254+00,MONITORING_STARTED,"Quarantine ended, monitoring started",1.2.0
192be989-4acf-40c6-87ce-c562c9711f4a,4Va9h3ipJZRtCt6v2EqPCcjJjFU8P1BeA3M3QSuXpump,2026-09-03 13:25:41.311633+00,MONITORING_STARTED,"Quarantine ended, monitoring started",1.2.0
cc13f2f6-786d-4b69-9a91-8d290e441ba2,6qC3DiLML6MBMA61Fj7seicCBrc28FdzMub16zSRpump,2026-09-03 13:25:42.711842+00,MONITORING_STARTED,"Quarantine ended, monitoring started",1.2.0
029e396b-09ba-4eb3-8d7e-0f6c7c78ffe7,4dYpZESEYsKZDk3gKbw9mpd2aMfmHgie7wbKpkQdpump,2026-09-03 13:25:44.125756+00,MONITORING_STARTED,"Quarantine ended, monitoring started",1.2.0
1303bb4b-8a7c-493d-8be4-b9da56383a7a,EnYMMJKBdFMvx4WvajicJmktkSV4Zj4fcdD1w8LPpump,2026-09-03 13:25:45.517276+00,MONITORING_STARTED,"Quarantine ended, monitoring started",1.2.0
8378025a-a87d-4967-b212-386ce14e360e,7QEXsEr7az1micNWyvf7qmM9DpuBBKjBw27ry9rqpump,2026-09-03 13:25:46.959971+00,MONITORING_STARTED,"Quarantine ended, monitoring started",1.2.0
205f733c-c9e4-4c4c-a83f-14b4095ba127,71GRQ9GkECtsuP9s1ThTo4GrwVEmE5HUXyks7sA9pump,2026-09-03 13:25:48.339271+00,MONITORING_STARTED,"Quarantine ended, monitoring started",1.2.0
9e62f14a-2818-46f4-8488-86396dc3f3bb,3fUJCmN9TKUndmB9JRGcGYtvxRDscBBAgrf8yacEpump,2026-09-03 13:25:49.768117+00,MONITORING_STARTED,"Quarantine ended, monitoring started",1.2.0
bc782913-c7b3-4696-b35d-f7ea3f99ad97,GU9G1rzYz5CAnW5G6gByWiCyLswdENhaYyjTbpSMpump,2026-09-03 13:25:51.209901+00,MONITORING_STARTED,"Quarantine ended, monitoring started",1.2.0
03748fa8-a431-4652-a429-7cf3bf42a447,B9rWRpbpYRvDVbFZQwgvaneY55EpULxwLwXmjB1zpump,2026-09-03 13:25:52.611175+00,MONITORING_STARTED,"Quarantine ended, monitoring started",1.2.0
356d9e4a-bb13-4a88-b5ff-4d4d968f2b55,Fj8dD9KUPD9YAJFBc9a8J2YkLx1Q8WdTH9mR4ZWTpump,2026-09-03 13:25:53.95809+00,MONITORING_STARTED,"Quarantine ended, monitoring started",1.2.0
2d7e1c91-45f8-4401-8554-6a423d4bfd15,HL8Pk5kSR2xKagGrCvmHFzURXdq6mu9idp6JTfbupump,2026-09-03 13:25:55.400311+00,MONITORING_STARTED,"Quarantine ended, monitoring started",1.2.0
b088a8b5-5f90-46dd-82ae-35b8b8c0303d,NEW37tshbEuVKPZ6et9SDoMpumEy1PfQpX55Vcr8fUL,2026-09-03 13:25:56.827548+00,MONITORING_STARTED,"Quarantine ended, monitoring started",1.2.0
dd11c8ba-f2f5-4ce5-a960-a37dcaa7d7fd,J1yoS599NNaynhMw1EUMrHdCASg2fqjthViKEe9epump,2026-09-03 13:25:58.521381+00,MONITORING_STARTED,"Quarantine ended, monitoring started",1.2.0
3aae2bc9-452b-4b6b-8aa2-3a0fb90a0faa,7orob1bbPVDr97vWHRSEhDQ7JAGGgFZ6uPEwHtZMpump,2026-09-03 13:25:59.912463+00,MONITORING_STARTED,"Quarantine ended, monitoring started",1.2.0
d2190c47-6825-4834-a926-df3b38e3953c,Cf9mna8m7eSZ6qyCF3E9nnA55CBh2ei3a3WNMj6Xpump,2026-09-03 13:26:01.284815+00,MONITORING_STARTED,"Quarantine ended, monitoring started",1.2.0
3d651030-a559-4aaf-9c4f-1094e73bd661,2eDSbV9rYTvqNkikbFNBn36HL4fYbQM4n5ZGxRG1pump,2026-09-03 13:26:02.664204+00,MONITORING_STARTED,"Quarantine ended, monitoring started",1.2.0
29ecac91-3414-49fa-b683-914a2faaf441,A2wVTmqTcyrBiXqexpskupvyd21ckqoydGtMyPXUpump,2026-09-03 13:26:04.096977+00,MONITORING_STARTED,"Quarantine ended, monitoring started",1.2.0
7cde6a4a-56e6-46dc-9cfc-fa7fa05bb5e5,B33yWXo4uNSmZDkNMNCNi95DRAChEB2LVFpD1LqGpump,2026-09-03 13:26:05.555231+00,MONITORING_STARTED,"Quarantine ended, monitoring started",1.2.0
e97bbb5a-b1db-4417-a905-fa34779e069f,4xGLW7ZzQXj1UfA1HtsjwDvQf8XoGvvhMYYx9x33pump,2026-09-03 13:26:07.004707+00,MONITORING_STARTED,"Quarantine ended, monitoring started",1.2.0
1026c9b0-cc05-45c1-b8fa-60938c389ffd,9eECz3PAyTTYr1YR8B41EAzGCk6bQW6BkFMovLpCpump,2026-09-03 13:26:08.415892+00,MONITORING_STARTED,"Quarantine ended, monitoring started",1.2.0
43745a82-b55a-4734-8531-3610d1a3709c,EjdSHfdgTSvraKco5nDz1d9rX7W1wosKVG5MTwQ2sBM2,2026-09-03 13:26:09.906055+00,MONITORING_STARTED,"Quarantine ended, monitoring started",1.2.0
40a34290-1879-4b65-a465-ebaba5bb6d5d,CahoLMbXxyfX7C5UVeRKFrNSUysiXdq2x2u27D66pump,2026-09-03 13:26:11.330162+00,MONITORING_STARTED,"Quarantine ended, monitoring started",1.2.0
ebab8255-3b9d-4a01-922f-dd6de1c5f459,CLd4sKq53pWpjqwaUG3EBnqFMf8242GnZqvPyyqepump,2026-09-03 13:26:12.774643+00,MONITORING_STARTED,"Quarantine ended, monitoring started",1.2.0
53935cfc-6529-4bd7-a60a-f3867ca6cdf5,GbYwBpr7USaSfpFZrrFE3ccWNpwFJjv5fJFbL8Pjpump,2026-09-03 13:26:14.174837+00,MONITORING_STARTED,"Quarantine ended, monitoring started",1.2.0
95bf34f4-f6ae-48d7-8abd-5c9cf8aa7d3e,8G7aM6Gco4fHjVpmVvUdVvhKMKaWXJEqkCKRvPdepump,2026-09-03 13:26:15.820146+00,MONITORING_STARTED,"Quarantine ended, monitoring started",1.2.0
e4de6e83-0e39-4587-8ab2-af7d49f3386c,6cv61jKje9MazgEFeR8SQcjbT8eNGvov36nGSex3pump,2026-09-03 13:26:17.2002+00,MONITORING_STARTED,"Quarantine ended, monitoring started",1.2.0
97a42f40-b637-44c8-8e8c-72ec910dda17,7yJG5f4zJseh6VUGmxTHSGma8eLXJWQh5K4GygU6pump,2026-09-03 13:26:18.606419+00,MONITORING_STARTED,"Quarantine ended, monitoring started",1.2.0
01a723bf-0af2-49b0-8532-d2f4c5213503,6AXHpXKbwqXSq5beSzuXt3HzYpBLEbDyf25ZDh57pump,2026-09-03 13:26:20.430201+00,MONITORING_STARTED,"Quarantine ended, monitoring started",1.2.0
d75c504a-0659-4157-932a-c93e7ee0128e,7yWoqfhCpKJYUw8kxDbsipgVWDMqwZo8qPdQxtmApump,2026-09-03 13:26:22.264783+00,MONITORING_STARTED,"Quarantine ended, monitoring started",1.2.0
d7c6e63f-3ba1-4829-9dbb-2e243682dfcd,6x8nA5P6XYJhwtS2XodDKUte5hA8E88xrPsqNAyuFJpr,2026-09-03 13:26:24.167277+00,MONITORING_STARTED,"Quarantine ended, monitoring started",1.2.0
1bb08f36-ecb6-4edb-8646-992e87ed8ed8,Dzddja1BqGN18kks2Zqdg4iXRw5NnHvmYy1h1qdKpump,2026-09-03 13:26:38.595264+00,MONITORING_STARTED,"Quarantine ended, monitoring started",1.2.0
a4fa3d13-d421-4ba0-b5fe-ea3b743486a9,7LK6hiKa6SEDVLehpFzx1nw6RAA76d91Q8pNiyVJpump,2026-09-03 13:26:39.952891+00,MONITORING_STARTED,"Quarantine ended, monitoring started",1.2.0
35409e68-a503-4d20-a408-017b9ba0b2ef,4X8fMRgXTCdTNk9ndfkqpxGDKEj6TVhVXL5V9dcc1GhT,2026-09-03 13:26:41.359262+00,MONITORING_STARTED,"Quarantine ended, monitoring started",1.2.0
42807fc1-77a6-43bf-99f1-fb51331ccf8c,25dMkuq48c36iAw5XonRa2G4qqCEkdLptEmJFmjmpump,2026-09-03 13:26:42.687349+00,MONITORING_STARTED,"Quarantine ended, monitoring started",1.2.0
9eeae671-5d8a-41c0-8490-fdcd68423527,2ddMcFkjrhdpQhJ3ZmG4DyPnkF3wZ36heCrNRGoppump,2026-09-03 13:26:44.120362+00,MONITORING_STARTED,"Quarantine ended, monitoring started",1.2.0
0a84ef1e-9c89-42c1-bdac-ab1f1b31d10a,5vhw96LZoKA4K8kbBkTJXBYvJSN1RWJzJgJbYEorBChv,2026-09-03 13:26:45.491922+00,MONITORING_STARTED,"Quarantine ended, monitoring started",1.2.0
17d4b104-bd0b-497d-9de9-1ab81a597e13,GqR98CsEbPtV2zcEGMbHpbL2BDEURG5poH5cAVNqmwey,2026-09-03 13:26:46.848222+00,MONITORING_STARTED,"Quarantine ended, monitoring started",1.2.0
283b4ec6-c6a3-46a2-b03b-0dc3113c0cef,4CX9pg8hTJCqAnpY3Xqkvt6i7aQ6UtNPPifE64vMM8r1,2026-09-03 13:26:48.30121+00,MONITORING_STARTED,"Quarantine ended, monitoring started",1.2.0
c686e260-7b17-4399-bc4e-d5b9163d38e6,Ghd7yhW6b1Uqv1eaG5hQKBN9AoqWzjmUx227VrRdpump,2026-09-03 13:26:49.724448+00,MONITORING_STARTED,"Quarantine ended, monitoring started",1.2.0
9e1ea5ab-781a-4a3b-906a-e512d57ed309,7AEEdoP2zhMad1tkFNYyDnDB9Hjy7sb1LSB2KxAQr3EV,2026-09-03 13:26:51.141327+00,MONITORING_STARTED,"Quarantine ended, monitoring started",1.2.0
4f4a4377-7f43-4252-95dc-28cc6023fdd4,HHfdkSjJLzwAjcFTsYAz8t8oQArYt2Jo737pDYPbpump,2026-09-03 13:26:52.610095+00,MONITORING_STARTED,"Quarantine ended, monitoring started",1.2.0
f3a1fc12-f417-461c-8c31-179b47be2ace,3sUubhHpm3kqH4ZU2osRScce5wEqUPTCptUjm5brpump,2026-09-03 13:26:53.997+00,MONITORING_STARTED,"Quarantine ended, monitoring started",1.2.0
8f1aa023-1e3d-4fef-a7fb-9b5fc6c1f74d,Gffw364rz4r93aYum3BHynoi5iw1gsq2m4P2Py6gpump,2026-09-03 13:26:55.479055+00,MONITORING_STARTED,"Quarantine ended, monitoring started",1.2.0
df266d7d-7ac8-4d72-b5e7-d5e463d2e5e7,F59cEB3A7RAKHGtkvR577swnPSP6EsdaBoL5AcVZpump,2026-09-03 13:26:56.908963+00,MONITORING_STARTED,"Quarantine ended, monitoring started",1.2.0
a27bbc58-b93e-4cab-b083-9b67c0fddd1d,3srxCNyuzwtT6LodQJs1xf4fwYAG9qYXUv1WDiNVpump,2026-09-03 13:26:58.300857+00,MONITORING_STARTED,"Quarantine ended, monitoring started",1.2.0
9daff8b8-07b2-4966-81f1-5fa729b74212,zUwDFNFSCCK9c3uA2H3UoEjJA6Cha7nBvJZBTZFpump,2026-09-03 13:26:59.718437+00,MONITORING_STARTED,"Quarantine ended, monitoring started",1.2.0
2ba538bd-bf09-4c31-a626-79cfb9680603,DUvzkkEqabsf1U8jZvbrBp38RieQXBzpoqLka61hpump,2026-09-03 13:27:01.191173+00,MONITORING_STARTED,"Quarantine ended, monitoring started",1.2.0
18c6b26f-ebf8-47ec-9521-63fbabd0ad4b,68bkvddGS1FKC1BoxFcfbAkaunjxixZ5CK7Hob8qpump,2026-09-03 13:27:02.572967+00,MONITORING_STARTED,"Quarantine ended, monitoring started",1.2.0
59a4baf1-6055-4bde-b934-493020302587,EFSy2VB3gymYe6tmTzkvqVuqcYQziqogCN4jcN23pump,2026-09-03 13:27:04.050218+00,MONITORING_STARTED,"Quarantine ended, monitoring started",1.2.0
20bd89a3-9279-4168-a1b3-bd41d2a9b544,GTr7KTPznLyaLyTaXJ2f1dWrph5CXRDnC734nWZLpump,2026-09-03 13:27:05.520293+00,MONITORING_STARTED,"Quarantine ended, monitoring started",1.2.0
9f54d1ae-ca9b-4055-aaf2-3d206a77de30,GJ5HefCCD3zW3GeBEUjSyEmoEz8jsZVt5NmPLSDDpump,2026-09-03 13:27:06.927289+00,MONITORING_STARTED,"Quarantine ended, monitoring started",1.2.0
49bdb01e-4363-4e89-90d2-d596ac496fe3,C8pd5Ak9TQZDG36USAbAidXd38DZLURjuorQB3KApump,2026-09-03 13:27:08.311619+00,MONITORING_STARTED,"Quarantine ended, monitoring started",1.2.0
3184e433-df1a-411d-b750-1b9bf864a31f,2LZVYtmknWbgKvbDXxuPbzuqjc2w58KknfXT6WL2pump,2026-09-03 13:27:09.704764+00,MONITORING_STARTED,"Quarantine ended, monitoring started",1.2.0
5bd9c5dd-52c0-4c5d-a5df-7635e0f852a7,EWNq2MZsfzJoM9j6Ec8cLve6jdUn8gBSDUAHrWSJpump,2026-09-03 13:27:11.109955+00,MONITORING_STARTED,"Quarantine ended, monitoring started",1.2.0
74696a53-bb05-4a54-84b6-cf99d72124a6,GdQJ6PNLEjM53Enyinfbi6hxppeHPcPJJ7ToaQRapump,2026-09-03 13:27:12.642134+00,MONITORING_STARTED,"Quarantine ended, monitoring started",1.2.0
2221b9e8-571e-4835-b617-770be3bf37a0,6m6hkSNrZ1FxuLLdbcf9UAraPvUZMgfcCSsx3hh4pump,2026-09-03 13:27:14.002441+00,MONITORING_STARTED,"Quarantine ended, monitoring started",1.2.0
42507a07-cbc7-4327-993b-88029f0e680d,Dj2WeeaTWdPJHMYqzKBwHJBU27XDVBfGmtiPvQzzpump,2026-09-03 13:27:15.441226+00,MONITORING_STARTED,"Quarantine ended, monitoring started",1.2.0
b1b6b364-10c8-4cb9-85bf-9b760721257c,EoKqyKksc4ekiPVuBD9FiztYQHkV59x8KTcZ3ReLpump,2026-09-03 13:27:16.844545+00,MONITORING_STARTED,"Quarantine ended, monitoring started",1.2.0
0c2a6862-1de6-41f7-b1bf-29ccca422911,8c99wy5pUgbw7hQ27EN2p2D8qPHiDKfR5uLRK4vkHL2r,2026-09-03 13:27:18.354241+00,MONITORING_STARTED,"Quarantine ended, monitoring started",1.2.0
030cd73c-6c86-4014-b09c-54b22c6a1956,HfZJvsgbL78txPpfioZNGy8nH5bL8BBBaYJ3JYZfpump,2026-09-03 13:27:19.744727+00,MONITORING_STARTED,"Quarantine ended, monitoring started",1.2.0
878b23c3-b28c-4866-97f8-c70c09b5492f,AZuW2zqu3wb9kWvgbWud5bYgJeDrzfgb6nGRHDG7pump,2026-09-03 13:27:21.206146+00,MONITORING_STARTED,"Quarantine ended, monitoring started",1.2.0
6070fe11-7b25-476f-a2c7-fea83a7240d5,ApTCvzxRPJEeicnS9gx7fLZDTJLM4av2vtnmXL9Xpump,2026-09-03 13:27:22.685615+00,MONITORING_STARTED,"Quarantine ended, monitoring started",1.2.0
6f6a6c99-fca7-4b88-adaf-915c35f0cb5a,GpvRM8XQ5QisXkP4BHDyBa85Bbijg7wEYkXTkZupump,2026-09-03 13:27:24.138321+00,MONITORING_STARTED,"Quarantine ended, monitoring started",1.2.0
fb6b7fa4-1db2-4cdb-b702-5be8ed013095,A4cnthYJkeGoYKQiNpX3P56GK5p2rh4pjcTXZJUgKkNt,2026-09-03 13:27:25.544764+00,MONITORING_STARTED,"Quarantine ended, monitoring started",1.2.0
f338105d-dc43-4d08-8d2d-c79b907ef8fe,6JZfJw1ufSgU9Bt3mAsKQBCo5rtHi6hJuGzmKwhGwv8,2026-09-03 13:27:26.911345+00,MONITORING_STARTED,"Quarantine ended, monitoring started",1.2.0
a7f5c26d-65d9-445c-9880-27e71bc73a10,HmaHhC9vBh43gZnNTUFGNGP1A72jH1MXKjhHRWw2Ja8F,2026-09-03 13:27:28.297565+00,MONITORING_STARTED,"Quarantine ended, monitoring started",1.2.0
7751e6f6-9a72-49e0-955c-b8e671ca02ff,HxYDzq3yaEceE5j4Va2ageC2MzPZW1FtYexd82Uupump,2026-09-03 13:27:29.678336+00,MONITORING_STARTED,"Quarantine ended, monitoring started",1.2.0
72606a59-e158-413f-b1eb-c10f648936ca,4otmDELcUnFZRoCJCmVmxWZtTXcpf1avid1EPSCtt7P2,2026-09-03 13:27:31.129766+00,MONITORING_STARTED,"Quarantine ended, monitoring started",1.2.0
447dc049-d76d-4649-affc-ed2023ad38da,AtHFFHmSQeNQiMpH9GKsv9nf8LtLMAkyhrHpX7633MVe,2026-09-03 13:27:32.523295+00,MONITORING_STARTED,"Quarantine ended, monitoring started",1.2.0
a75bd255-2782-48d1-b109-6d558d333732,ERRK7hxgLBmkMaEFprtLiQB6rHKvGBDN4Ayjg72Mpump,2026-09-03 13:27:33.942151+00,MONITORING_STARTED,"Quarantine ended, monitoring started",1.2.0
75ef3b8a-746f-472b-be91-3176eaa7f109,FrrucGKCp6JcFjVnMcbEHa2cagfpZ8uFFCE5NrSnkjuT,2026-09-03 13:27:35.333077+00,MONITORING_STARTED,"Quarantine ended, monitoring started",1.2.0
66546dd2-3d16-4993-9102-6323caf850cc,21ZJyBxMr4DwT6WJw36pEQ2Ft2hqTmZ7gkdv8Wvdpump,2026-09-03 13:27:36.824073+00,MONITORING_STARTED,"Quarantine ended, monitoring started",1.2.0
36e7a658-18ca-41e2-bb03-d90f4afa4663,3gU4JJPy93ufQGMEWRfgjkRpSWyT2LgGW7zgYaVtcCTP,2026-09-03 13:27:38.22517+00,MONITORING_STARTED,"Quarantine ended, monitoring started",1.2.0
700ad32d-36c1-4a5d-93bc-14e3a727f6af,cxFSZUy649fuK6rNEPnbgbxaXPMgRLaWv83ueNbpump,2026-09-03 13:27:39.627956+00,MONITORING_STARTED,"Quarantine ended, monitoring started",1.2.0
9f007b3b-e567-4fb8-8bef-e57c0e3f68f9,CFgnMXqJS556XF1UQWyB92BtTDt2XWGpVLTKkPiKCA9D,2026-09-03 13:27:41.068872+00,MONITORING_STARTED,"Quarantine ended, monitoring started",1.2.0
0627d8ff-de5a-4e07-b3c4-dc6b64b17b14,4qTuQFoCMQDJij6ZQZRHntC6sNMx9yHeyiG7GHngqHoY,2026-09-03 13:27:42.489743+00,MONITORING_STARTED,"Quarantine ended, monitoring started",1.2.0
146b6996-4571-4022-acc6-cb4364db9d2a,5BDsmq87FgUKkqW29vberYorfPWD8NL9va5t1zCYpump,2026-09-03 13:27:43.92184+00,MONITORING_STARTED,"Quarantine ended, monitoring started",1.2.0
e4913563-2a09-43de-82b4-06db51ac3b81,ECUyKMBoz5HLjNWCnZNDTR2aLyt26t4eyGNMjae2eiWm,2026-09-03 13:27:45.388338+00,MONITORING_STARTED,"Quarantine ended, monitoring started",1.2.0
5590381a-e5e7-49ae-b87c-60da216ba5a7,GirvMauAG3rkaL2stHLVZdduTv9a5m8KvGj32pVJMMiD,2026-09-03 13:27:46.773111+00,MONITORING_STARTED,"Quarantine ended, monitoring started",1.2.0
dd9e5486-142a-4905-9553-4b3af228f9ef,GVXhTtjmabMHtN8J7VmyYUHV13zn9MQhNDcoDBbmpump,2026-09-03 13:27:48.16395+00,MONITORING_STARTED,"Quarantine ended, monitoring started",1.2.0
d8166ed6-37db-4fb4-a983-c261cd6b988b,Hmy49dJRNzqfKv1Q2W6iYw6yjUbzB35pJv9j5o2mf5aX,2026-09-03 13:27:49.589338+00,MONITORING_STARTED,"Quarantine ended, monitoring started",1.2.0
95052e4d-75f1-44f2-950f-ce18ccd22c10,HV9xeQdj3RnszuCkoqcTe78SiQpzgU2rKaJZpEZcKQZ1,2026-09-03 13:27:51.010617+00,MONITORING_STARTED,"Quarantine ended, monitoring started",1.2.0
b889b1d1-a2fe-42dc-91fe-e98e8c1e44c9,Fq17uNNQgwJG5szmaEheVrQXUnoZn1BuFiDKFACLpump,2026-09-03 13:27:52.452072+00,MONITORING_STARTED,"Quarantine ended, monitoring started",1.2.0
e1308aa1-ccb3-4919-8e00-7034c6565040,F86tVWTd5CZaU3PnXDfb1Rsx6XmnzL1uq2t12xswpump,2026-09-03 13:27:53.910115+00,MONITORING_STARTED,"Quarantine ended, monitoring started",1.2.0
2f7f5c4e-5023-4fe8-a4ff-2765e3d34bd0,DzwioiVutS4DxRXVtvnT4o9CvSg1BXxi5iMxi4oMpump,2026-09-03 13:27:55.296546+00,MONITORING_STARTED,"Quarantine ended, monitoring started",1.2.0
52ebd7a7-545a-409d-8e74-cc849af0013a,6cYvt6hM4PU4hfTusvuXXr1gdVwSRYVXzZh41ecNpump,2026-09-03 13:27:56.709932+00,MONITORING_STARTED,"Quarantine ended, monitoring started",1.2.0
9cb6aee7-82d8-4803-8415-13752d85cd47,8P5D3QE7Ly2cL6dcay5SRodNACmfWDfPEk6pThb4pump,2026-09-03 13:27:58.286095+00,MONITORING_STARTED,"Quarantine ended, monitoring started",1.2.0
be86060e-37d1-49bc-a22c-aabd9c06a576,CZ5K6VYWk7BJxKy7QUn3nUo2jYrZ3hNMjdp9vYjcpump,2026-09-03 13:27:59.676187+00,MONITORING_STARTED,"Quarantine ended, monitoring started",1.2.0
50c89c19-8934-4b39-8a14-c285faa040e2,232BE9YxiJ1qHAJH8ymCojmX7BjePxKcitaJ6dqopump,2026-09-03 13:28:01.10881+00,MONITORING_STARTED,"Quarantine ended, monitoring started",1.2.0
07fd1a31-51d0-41e1-94ce-2c35afa44c45,9UY5tJCzmJRyLgyiJJYAnmEaDwWdsCzvNpVhP5rbpump,2026-09-03 13:28:02.515534+00,MONITORING_STARTED,"Quarantine ended, monitoring started",1.2.0
dc66b7fb-2b41-48b3-acb0-52e40422b133,64RZYAWaiNDGDjMMZM1c3idzPRnQEdKfPVwuww25pump,2026-09-03 13:28:03.920846+00,MONITORING_STARTED,"Quarantine ended, monitoring started",1.2.0
390ed051-4633-46f7-bdbb-9f56d3d40f1e,4EVGGsR3X3CU6XUeKu6gXrFGwo5hEQgA1bzBoCGgpump,2026-09-03 13:28:05.327964+00,MONITORING_STARTED,"Quarantine ended, monitoring started",1.2.0
6c76ee0d-9683-44ca-9f69-3504437921ba,4YiRcFFUcmkjQp8R87mZJvtNRZbzYvgP3n3tnVBapump,2026-09-03 13:28:06.790765+00,MONITORING_STARTED,"Quarantine ended, monitoring started",1.2.0
d6a8e933-5b7f-4e90-b47c-3c9e98040567,CUnwTKdCPMGghbciEuBcS4T1w2zYv25rrCq8z1cvpump,2026-09-03 13:28:08.236761+00,MONITORING_STARTED,"Quarantine ended, monitoring started",1.2.0
1c694dd2-0a1e-4421-8163-620a43d910a8,9gyMnBvZTQi8ZrSWBeSKPkRjAweQhsrwHSoMDz6KtKaa,2026-09-03 13:28:09.613235+00,MONITORING_STARTED,"Quarantine ended, monitoring started",1.2.0
00d6d8cd-8193-433b-a630-05b3354eb97f,C7nPqs1zLqBMxybaBorzD1jau2Stwv4H7ipEVw9gpump,2026-09-03 13:28:11.060704+00,MONITORING_STARTED,"Quarantine ended, monitoring started",1.2.0
5f99ba41-41c0-4963-b6ae-19d8dae8e389,eqnidra8rp8UttMDx67GrWuHjKuzkiayEsXB9wBpump,2026-09-03 13:28:12.445581+00,MONITORING_STARTED,"Quarantine ended, monitoring started",1.2.0
f567c1c0-60b1-4fc9-bf08-a80ce3ef7115,HTxbgkRZ4CkioKebc4Dj3K4BhfpGVtcW8JK867i5oyYU,2026-09-03 13:28:13.940534+00,MONITORING_STARTED,"Quarantine ended, monitoring started",1.2.0
6fe4922e-3ab2-40fa-9780-eb543b690470,HQEm36fjBb9vCa4ngMSrUyMi5ijRUgLABU8P2YJJpump,2026-09-03 13:28:15.343899+00,MONITORING_STARTED,"Quarantine ended, monitoring started",1.2.0
f99cabd6-3c1d-42d6-82a0-e81cf39ab49e,JAXDPeV7FkZ9niKckjLEoX7WixGf5SJR3TprmDcswr1d,2026-09-03 13:28:16.739033+00,MONITORING_STARTED,"Quarantine ended, monitoring started",1.2.0
801d1038-c228-4682-a124-739b52bee093,DGxNfqdqQLxCdrNZrbcA9AutX2cobj7Nx4dpJmDVpump,2026-09-03 13:28:18.107917+00,MONITORING_STARTED,"Quarantine ended, monitoring started",1.2.0
a98278af-61ec-40ee-a15a-6bb3179874c9,GaCoj6Ft8Uu6pc2rUviXzTwAtazum3dDc6tFTA8Vpump,2026-09-03 13:28:19.561851+00,MONITORING_STARTED,"Quarantine ended, monitoring started",1.2.0
9e2076d8-2b12-4953-942e-09bb0ca42ba5,39XNfvzXq89BKWx4sM6gZna7kWnxvVrnXrmEmaJhpump,2026-09-03 13:28:21.036739+00,MONITORING_STARTED,"Quarantine ended, monitoring started",1.2.0
8af46b2c-b0aa-4c2c-9137-a464d2b0f421,6npD7JFinCDKedYm5Tfi9h3u7NFSt3KYdCt2PyAFpump,2026-09-03 13:28:22.444851+00,MONITORING_STARTED,"Quarantine ended, monitoring started",1.2.0
2936241c-917f-4d3f-9c18-9fb90ae1a5d8,CHn3zYfh2MVLCwhu2B73eZk1B1BQnBtrmJ89J4aQpump,2026-09-03 13:28:23.866731+00,MONITORING_STARTED,"Quarantine ended, monitoring started",1.2.0
c9f4afc5-2a13-40ed-afa6-b58adf07d037,HqrKm4mLL99zkKBkbdwAHzVCMm2Te72dbH6PDyrVpump,2026-09-03 13:28:25.266621+00,MONITORING_STARTED,"Quarantine ended, monitoring started",1.2.0
6e8f0268-f835-4da7-a1c2-169c198fa7d0,96Bmof5NVfchK2cKXZjaKJAZRAT2DVebMWHsAh6Cpump,2026-09-03 13:28:26.639614+00,MONITORING_STARTED,"Quarantine ended, monitoring started",1.2.0
90b1bd97-3329-4b04-8f1b-a20aaabb9f82,9A4dAuE1jud9cuFAze8teepCmJbed29ALsfgJMorpump,2026-09-03 13:28:27.967061+00,MONITORING_STARTED,"Quarantine ended, monitoring started",1.2.0
92df94cc-f48c-4ca4-8aa2-994d5cee956b,2VTWzALAyGsH7exbmA8oqHLw9kSjgTaiiE2PnGfpZCnL,2026-09-03 13:28:29.37786+00,MONITORING_STARTED,"Quarantine ended, monitoring started",1.2.0
8ced6207-a8b3-43b3-b5dc-de67465371c5,8xDVUokXPGDUDcooFkcUpZ1HL58K5QjfACJhPDo1PpDg,2026-09-03 13:28:30.805474+00,MONITORING_STARTED,"Quarantine ended, monitoring started",1.2.0
50dce5bc-42d6-469c-9a66-62d678e933f6,GZ7R7WSrDGhUAp6oH55k5UxWt5jhHoiiUu88rphXpump,2026-09-03 13:28:32.18499+00,MONITORING_STARTED,"Quarantine ended, monitoring started",1.2.0
aa1578e4-e39a-476c-89e6-673b72b85aba,ZAgEZP9RbYiEESgH9mYJ14Rcvkbm6guYTqCbXxupump,2026-09-03 13:28:33.67076+00,MONITORING_STARTED,"Quarantine ended, monitoring started",1.2.0
6e8fbeb4-dc5b-4f02-b959-2e678d2f8910,54gMw1f5X2DMmkaUb6V5PMZZoBxQYN1W6yq9LtKwpump,2026-09-03 13:28:35.065231+00,MONITORING_STARTED,"Quarantine ended, monitoring started",1.2.0
6ff19d15-d0d8-4800-ad76-a3ab90aa7287,6w8VHx63RJ74AQvMbStk7fatPbaDgAj9b7k7B74vpump,2026-09-03 13:28:36.453785+00,MONITORING_STARTED,"Quarantine ended, monitoring started",1.2.0
1f9260e7-4123-4781-9abe-890fdf877b50,FpS5of6eNLQpEGMaUQcSmdWoSoRewXJw9rZZwD61pump,2026-09-03 13:28:37.884188+00,MONITORING_STARTED,"Quarantine ended, monitoring started",1.2.0
e68c8d1f-d40c-4083-842f-1f01d2c2a9dc,BPV8KZF87PSQq9C57YRtkdcuZhWgR9cuUtt1xGDRpump,2026-09-03 13:28:39.342644+00,MONITORING_STARTED,"Quarantine ended, monitoring started",1.2.0
923c3a5a-6b41-4ebf-8681-a29cefa3bdd4,FgRgwauQLYscbN4z5D8osPR516g2uEc6aUDajqH5pump,2026-09-03 13:28:40.757824+00,MONITORING_STARTED,"Quarantine ended, monitoring started",1.2.0
2438fedc-fbcd-42dd-9058-738b23abaa4a,Mpsj9DSEUT8gJsRfcVjXvvU6y6Vd7WsoczDySiRpump,2026-09-03 13:28:42.209462+00,MONITORING_STARTED,"Quarantine ended, monitoring started",1.2.0
af40c461-67d6-49db-a7f8-568b02b1f4b0,CBftYjJC7XEwh1r2hD87zsLudwAb7Y3TyUvWcacXpump,2026-09-03 13:28:43.600535+00,MONITORING_STARTED,"Quarantine ended, monitoring started",1.2.0
f96634db-be66-46ee-9bf7-803abcdd0718,CnyoWoCMxMv3ZaegyDHhndukdJQdri9kLw5vCZTwpump,2026-09-03 13:28:45.00933+00,MONITORING_STARTED,"Quarantine ended, monitoring started",1.2.0
1468469a-9fef-45ea-91d9-fafe6c7b08cf,3mCqbh9trfpuyYN8LogtYHXJmr2XAwSi9AhHKHe6n9XZ,2026-09-03 13:28:46.415548+00,MONITORING_STARTED,"Quarantine ended, monitoring started",1.2.0
364c959e-d07e-4eab-89ad-82b0ec03fd92,Ae6iVUoV1z7MTNkBCRr3eawpw2cJRddiKP4ADy31pump,2026-09-03 13:28:47.805105+00,MONITORING_STARTED,"Quarantine ended, monitoring started",1.2.0
527fe26a-120a-4f0c-b994-865db50b8364,GUbabaigWXb5GiMvUCA3QpZskxLMftSzw69qFfeSpump,2026-09-03 13:28:49.242005+00,MONITORING_STARTED,"Quarantine ended, monitoring started",1.2.0
be14f1b1-c50d-4bf1-9b1c-d8dfa45f1e01,ugz49BvFW3yUxVjRAF1DgScSkQBWViLuK78zkW5pump,2026-09-03 13:28:50.651341+00,MONITORING_STARTED,"Quarantine ended, monitoring started",1.2.0
116dabf0-2fb6-4210-81a7-4aade5bb54dd,6Lqd9nRXgaFh6XgmrpdoHX1GxXs7kBooWm3GPvbwpump,2026-09-03 13:28:52.077993+00,MONITORING_STARTED,"Quarantine ended, monitoring started",1.2.0
47dbf928-0a16-4c19-9243-0a22ff3516c2,Hk6HyH1vufV3BvivXYfpUu2DS9itTGVtGC5q41Uhpump,2026-09-03 13:28:53.479676+00,MONITORING_STARTED,"Quarantine ended, monitoring started",1.2.0
189496ca-f1d6-4273-ba63-5805574a284b,2oMXVGgkdfRpVNgRePiZXDobjYdW9uEnWmYVXutopump,2026-09-03 13:28:54.908841+00,MONITORING_STARTED,"Quarantine ended, monitoring started",1.2.0
6e919b39-a70b-4e82-9d79-7c7c5c99ab56,3BH2e41XbJadAbCETXqTUmsvSbR5rxeNMxTU6JcKQ8mD,2026-09-03 13:28:56.33191+00,MONITORING_STARTED,"Quarantine ended, monitoring started",1.2.0
b58e0d9b-c586-4c1c-a0c1-7e015b2ff878,34icVj6hyw5rUu6SXdemLTLzV6uodiCfDzWVSmxLpump,2026-09-03 13:28:57.724318+00,MONITORING_STARTED,"Quarantine ended, monitoring started",1.2.0
132dfc48-6b37-4e1b-97d6-2d6f59369936,BXQbXYAE4J7jjhR9XS8S3PAoMHprQ8FoUagFDbhgpump,2026-09-03 13:28:59.118179+00,MONITORING_STARTED,"Quarantine ended, monitoring started",1.2.0
0576b28c-e31a-4ccc-a335-bc80a4cbae6c,5sZ5ZN8r4JMWHoBeoYrTfnTgD6C5uoKUag5Aqx6zpump,2026-09-03 13:29:00.524882+00,MONITORING_STARTED,"Quarantine ended, monitoring started",1.2.0
b1fabbe7-8a98-4744-94ce-db93bb4d48be,HY8VSijYgZTfKLceYYVj5ZFzxTY1cgBD8FeN3echpump,2026-09-03 13:29:02.016096+00,MONITORING_STARTED,"Quarantine ended, monitoring started",1.2.0
634d94dc-8d54-4823-8e9f-e7b0158b74d9,H4cNyJDjDHpke6z9xfDpYPkBU49xB16Uqf5JQ6Dipump,2026-09-03 13:29:03.441185+00,MONITORING_STARTED,"Quarantine ended, monitoring started",1.2.0
f8db99b5-ff22-496b-b0dc-a2cc8b98990c,DaHGnhzLWZLfFUcnKVd73MF2ynkTiSyC9gRm7mYpump,2026-09-03 13:29:04.878986+00,MONITORING_STARTED,"Quarantine ended, monitoring started",1.2.0
1179c98b-9e1e-4b5f-a489-f90e89c498ba,HVmMDtGcUPH3rHpjeu44kJ2jb6S15jTib8h58g3Gpump,2026-09-03 13:29:06.301374+00,MONITORING_STARTED,"Quarantine ended, monitoring started",1.2.0
ea77a98b-ff44-421d-b281-37044b4f81bf,8QCfSRQBFNwUS6u5EFkDmNjChUZGp8ufDi72GQ5hpump,2026-09-03 13:29:07.702745+00,MONITORING_STARTED,"Quarantine ended, monitoring started",1.2.0
4aa541d2-2b08-4e43-b41d-bbb168b0c23d,5KZUh7teDXkxgTerDQR2io6CtMRky7ybcWstWiBTpump,2026-09-03 13:29:09.086896+00,MONITORING_STARTED,"Quarantine ended, monitoring started",1.2.0
8b6f47ee-ed84-403d-8343-4c9327a27c09,3vn6fEkC6tp9mxyJNQEbmr4VhZ5i9Gh2nwhbDhKzpump,2026-09-03 13:29:10.538564+00,MONITORING_STARTED,"Quarantine ended, monitoring started",1.2.0
af1156ba-fb7c-4269-a609-0c943bc777b8,4Le4foYoNGdLDJdQ5YG2Spju4xEFdGz6XVhdD37ypump,2026-09-03 13:29:11.991614+00,MONITORING_STARTED,"Quarantine ended, monitoring started",1.2.0
6444bd2a-f878-427e-8182-c7fd0e17d571,GojfuKTiXBnFuMbF98g5W8q1byuwkiVchxus3SaMpump,2026-09-03 13:29:13.458439+00,MONITORING_STARTED,"Quarantine ended, monitoring started",1.2.0
9b0d5161-8494-4057-8682-0e49c2bfd479,9hMGXfFkxY3Pu5q6oNwTHGeCnXfFrkweZdvk1BfQpump,2026-09-03 13:29:14.895044+00,MONITORING_STARTED,"Quarantine ended, monitoring started",1.2.0
093ad351-327c-4edb-a628-faa27980f710,2mWYps9VzsWtBBsm9G3NM7NDC382sHJtuqXqi65dB7Bk,2026-09-03 13:29:16.337125+00,MONITORING_STARTED,"Quarantine ended, monitoring started",1.2.0
1a930163-beae-4bd7-a7de-7fbb0300fda6,2EV7EChMXQTscWtMKQx6DPt5fU9DVEnrvMYjjuaKpump,2026-09-03 13:29:17.735096+00,MONITORING_STARTED,"Quarantine ended, monitoring started",1.2.0
5f21c5fd-63f1-480c-b577-64777884de4b,ByBLSc8GQa3MqjYF2KgXuMBMtRs5rWYaXFGwppZupump,2026-09-03 13:29:19.157581+00,MONITORING_STARTED,"Quarantine ended, monitoring started",1.2.0
889eed97-7a49-4a9b-80f9-cc0915f598a2,HzWBsJ6qQo7reGHfene1XeA9eeZXNCr3FE93QMTTpump,2026-09-03 13:29:20.544705+00,MONITORING_STARTED,"Quarantine ended, monitoring started",1.2.0
75de069d-658a-45a1-b7b2-894541fa06ca,43nS2WbBYgwUot7nSWZeik8nCpDkUksDADMwa81Ppump,2026-09-03 13:29:21.947049+00,MONITORING_STARTED,"Quarantine ended, monitoring started",1.2.0
38350bbd-8276-4e85-a25f-ff88ee4ac93d,BjdehyoDQKp5dgrv2p1j4daknV6m7DVV9JKzh2Lzpump,2026-09-03 13:29:23.387893+00,MONITORING_STARTED,"Quarantine ended, monitoring started",1.2.0
0a1e9857-969e-456d-bbc5-fc0fadeba21a,E3wjzR8bPHv2pYc5Ck7pLi66vRKT8XmzkeFqMtoFpump,2026-09-03 13:29:24.810084+00,MONITORING_STARTED,"Quarantine ended, monitoring started",1.2.0
5d03a330-922d-4cb7-882b-ee1634f425d9,bZHgYjvS1AjBJRDwf2LLH97LHT3sDk6eV33DViBdgq8,2026-09-03 13:29:26.21174+00,MONITORING_STARTED,"Quarantine ended, monitoring started",1.2.0
0a82659e-ae9d-4f91-9285-c4865d41288a,Gd5JcKzFfDDUr8vjjgqMeYQZKWW8ZzDWYQQogWjQpump,2026-09-03 13:29:27.621228+00,MONITORING_STARTED,"Quarantine ended, monitoring started",1.2.0
685734c6-eff4-4d5f-8ac2-54f1e6dd73d4,5gwYEP7Zf7VLUvvEyXqHzCUbTAJAf8rYvmH7GbSmpump,2026-09-03 13:29:29.013564+00,MONITORING_STARTED,"Quarantine ended, monitoring started",1.2.0
0bcbe82a-3c49-4a0d-b353-d8aa52858991,8yn9BwwDUvb8fCozrtza5bEgiGLFdpwtLJKXt2sHpump,2026-09-03 13:29:30.40609+00,MONITORING_STARTED,"Quarantine ended, monitoring started",1.2.0
973fd9eb-689d-44a3-9a80-2dd3bce34e30,Hf8msFKLGJu6wUc4NsNFHafmh4K8LFW2qy8ZmT4vpump,2026-09-03 13:29:31.757396+00,MONITORING_STARTED,"Quarantine ended, monitoring started",1.2.0
1edcbf22-23f9-49cc-8b88-28c3d83fc24d,EsJUp6aEgFzqPoqM6mLPDJ1KmCkqA7zGXp4QSjkJFaZF,2026-09-03 13:29:33.153536+00,MONITORING_STARTED,"Quarantine ended, monitoring started",1.2.0
c3abbe2a-3441-48ca-8650-fff413f55e5a,28qTgAWraGg5ziXjTHm6ArDAvNBV9W3B2Y6DgYJTpump,2026-09-03 13:29:34.579465+00,MONITORING_STARTED,"Quarantine ended, monitoring started",1.2.0
ebb69be5-f06d-4a11-b133-e6af9a5acd83,7Q2PF5cJg6nwm97GhiyQ6FFrxEEnXC7P9S5hPp9Zpump,2026-09-03 13:29:35.995233+00,MONITORING_STARTED,"Quarantine ended, monitoring started",1.2.0
eca13361-f9e6-4edc-bc1f-831be3d32cb5,Ephzcbbtna99giZwCXtxSFviycVgbtAny1CDVuTdpump,2026-09-03 13:29:37.41332+00,MONITORING_STARTED,"Quarantine ended, monitoring started",1.2.0
808a8d1c-6e5e-4dcd-aebc-3f54bf1bc0cf,P3Eb2GNkvb3Dp8oWYXKMJMWPHeMcUG6uGeB12aupump,2026-09-03 13:29:39.078943+00,MONITORING_STARTED,"Quarantine ended, monitoring started",1.2.0
8d4ef977-0884-4a7a-8998-315937365b09,K3Li2jWiQ1NQi7LsxDW1wFZT7cv3K1W84UR7TVepump,2026-09-03 13:29:40.504132+00,MONITORING_STARTED,"Quarantine ended, monitoring started",1.2.0
2c104017-b8a3-4296-a85c-198a330e2ae9,JAuN3RKZR9KSKdmBCH83VXGmTvkbobuLrawZ5G3upump,2026-09-03 13:29:41.937451+00,MONITORING_STARTED,"Quarantine ended, monitoring started",1.2.0
5a64d834-2bc0-44d2-b536-ae1e9467af3f,FSvjwqWJoYCcRp2gvATGjSVzPQxNkRr4MNKzrdKupump,2026-09-03 13:29:43.34959+00,MONITORING_STARTED,"Quarantine ended, monitoring started",1.2.0
9f5712ba-1673-46bd-bb30-32bb7d25e75a,AHAzrLgX9nwtMtUvkGVHg2xvtMaopKt6gVe3a3E4DaxR,2026-09-03 13:29:44.794946+00,MONITORING_STARTED,"Quarantine ended, monitoring started",1.2.0
299f8a1a-94bc-4ca2-9081-7315f122e0ac,6zSqTexgmm25guNRjXUv3ZiGrzV94kodXrNcJ4T3stok,2026-09-03 13:29:46.193403+00,MONITORING_STARTED,"Quarantine ended, monitoring started",1.2.0
88544070-9903-4f74-b748-f236e69f3848,FgoCy7MTA9zymaY9YXFZ7quwsjtoBi7fvUp4jn7apump,2026-09-03 13:29:47.611396+00,MONITORING_STARTED,"Quarantine ended, monitoring started",1.2.0
033c8345-07b5-4dae-aafc-f4a9b2390346,EDY1j37JHSYbfaDXAAKfB5zhy7n5MqnAQTQd1GSLpump,2026-09-03 13:29:49.018612+00,MONITORING_STARTED,"Quarantine ended, monitoring started",1.2.0
653566fb-0a89-4af4-821c-6b401d610d15,33shNmhNU1FjtAjVmNPD2FR9Kuk2uMTHFgyYjaPtpump,2026-09-03 13:29:50.424375+00,MONITORING_STARTED,"Quarantine ended, monitoring started",1.2.0
e81998b8-4379-49a5-88ed-3a1c72e1b61f,9M6UYDWNX7Q16smL796mkKSCCb4dEmcmFLLEBJZspump,2026-09-03 13:29:51.765371+00,MONITORING_STARTED,"Quarantine ended, monitoring started",1.2.0
455c6ebb-9466-4500-aae9-32944a50e68e,Ck377NeTAQ1ayhBtNjm3umscNkpekBtcJHjPJrtNpump,2026-09-03 13:29:53.142988+00,MONITORING_STARTED,"Quarantine ended, monitoring started",1.2.0
3f2d4f7d-69d8-4dd6-a07c-d6c34d4fa0c6,AykP15ZuLonepva4Hm5YvPC56zJ32Rdju2gScKwRpump,2026-09-03 13:29:54.518253+00,MONITORING_STARTED,"Quarantine ended, monitoring started",1.2.0
b7d78c27-a9ec-4209-8db9-2a4785fff1cc,3tnzx2WWX5fhvZH9pc5TjP247E5ufR4uG48wPn6Dpump,2026-09-03 13:29:55.913744+00,MONITORING_STARTED,"Quarantine ended, monitoring started",1.2.0
c9144f19-6570-4a95-ba08-76818b233bee,2r6pXr3kiu1rhpDYJHbf2DjvWhuAdZvcKXnynME8pump,2026-09-03 13:29:57.276882+00,MONITORING_STARTED,"Quarantine ended, monitoring started",1.2.0
626b2684-11a7-44ae-9333-2e38f77fa1b5,13NdXgxxrxhjhJ7BPr7MGT5GjDJXn6A4NMZHowpMpump,2026-09-03 13:29:58.722786+00,MONITORING_STARTED,"Quarantine ended, monitoring started",1.2.0
8745a390-70f2-47a5-88e5-894b0db2b1e0,HUQ8tBGdgq2uUDcUPxUyiXaxf4Ytvprv8AhYkeh1pump,2026-09-03 13:30:00.199891+00,MONITORING_STARTED,"Quarantine ended, monitoring started",1.2.0
8e717ea0-7bd8-41f4-a632-3a8f788f2e78,DRMmkdvdnCxdPqqwxZkSnwiTEsF2czW361BwE8fhFdex,2026-09-03 13:30:01.672328+00,MONITORING_STARTED,"Quarantine ended, monitoring started",1.2.0
5a943cfb-a836-494b-a49b-9ba6e24d30bd,NjGzCD9aJhiUAixHnSh5GqHnSxoAPKsvLjzchQ8pump,2026-09-03 13:30:03.163858+00,MONITORING_STARTED,"Quarantine ended, monitoring started",1.2.0
3982b908-71d9-42d8-8423-e9be936da5e5,GGpRUMfk4YNeYn84YJ4iKPxzWCdu6xTKZLqmqUTLpump,2026-09-03 13:30:04.605625+00,MONITORING_STARTED,"Quarantine ended, monitoring started",1.2.0
c2d39101-473a-496e-bbc1-58df06d5b44e,7Q59LtM8TMVCysdjCAd1r5s3hKxvzRc9mjTNUsdcpump,2026-09-03 13:30:06.005759+00,MONITORING_STARTED,"Quarantine ended, monitoring started",1.2.0
97180086-4001-4313-afa5-e3db732767d6,4dmxsK1t1Fz6eTiH3p35K8gdB2hpSXmMFe1w1mWBpump,2026-09-03 13:30:07.433568+00,MONITORING_STARTED,"Quarantine ended, monitoring started",1.2.0
e57ea429-ed41-4e95-817b-bd6133b39a77,9LHNJercroLqBMfq2V2Dmx3VmF5CR8n1Nn1ctipspump,2026-09-03 13:30:08.853268+00,MONITORING_STARTED,"Quarantine ended, monitoring started",1.2.0
cff423bf-4a77-479e-90df-75f2e79745db,DHtaU4F9k9YdhmSY6aFvABgHKVJXqiMXv9GXwAzuGbgN,2026-09-03 13:30:10.286408+00,MONITORING_STARTED,"Quarantine ended, monitoring started",1.2.0
c76cf056-0884-4a01-a18c-7521d3370645,27tbGc7DGrjnA3sz1XZgd524pCtmrLFWTfJaNutvLNKR,2026-09-03 13:30:11.742326+00,MONITORING_STARTED,"Quarantine ended, monitoring started",1.2.0
1930df61-e5cd-4ddd-b722-775ac5f62012,EwJi9RdHKTf6wq2qD3Z3Yn4vh42kKuMyXAZzKMKipump,2026-09-03 13:30:13.176576+00,MONITORING_STARTED,"Quarantine ended, monitoring started",1.2.0
e6f90f29-b307-4aa2-8dc3-3dffc8a47dfd,9gDAFjCfxPVcMrJMpQu4zEpuPRRKQdX93MBUWnjApump,2026-09-03 13:30:14.626707+00,MONITORING_STARTED,"Quarantine ended, monitoring started",1.2.0
4bd07587-cb6f-4ff3-b4fa-2761aaca95d4,75mRwR45Wb5UDTgazRYBzzKyF6nFNxVjVHffR8t7pump,2026-09-03 13:30:16.045111+00,MONITORING_STARTED,"Quarantine ended, monitoring started",1.2.0
fbfa1dca-aeb1-42ac-931f-a6d594dc2ccb,Hs7N63fmuC2yBp6LAnoHkFwfHu2n4eCf3AEWDAtnpump,2026-09-03 13:30:17.483255+00,MONITORING_STARTED,"Quarantine ended, monitoring started",1.2.0
b324e0c6-ac97-4912-a7e7-28dc27dc9f19,HvvnKT6zZiS8Kkd3ZMhr73M1KiYu7QYMNjq3b8Xjpump,2026-09-03 13:30:18.969114+00,MONITORING_STARTED,"Quarantine ended, monitoring started",1.2.0
e155d5aa-3d2d-44c6-a24f-34d74a0e860c,F6gfM5bsh8Wx8rFsVJpzuYJoZZ5gTUc4WiYAPdAUpump,2026-09-03 13:30:20.429628+00,MONITORING_STARTED,"Quarantine ended, monitoring started",1.2.0
fbff4981-8851-41eb-a764-27183f1b651e,EGGxzLiFNcceaoyvQuZH6pGKPQSUW2EihC5YapPdK5yN,2026-09-03 13:30:21.852148+00,MONITORING_STARTED,"Quarantine ended, monitoring started",1.2.0
ffb0fe59-8b50-476d-adcc-732598079cc2,HSftPqKfWrJAQ8tw8NVgsnXthc9BnRU9iHR4tthzv9QT,2026-09-03 13:30:23.284453+00,MONITORING_STARTED,"Quarantine ended, monitoring started",1.2.0
90c539c3-6905-4a49-a5df-04176c08ed48,8RvUhjZ5MV7hH9XUks4PEGvkQcCPmx6C9Xaqx3uZpump,2026-09-03 13:30:24.696175+00,MONITORING_STARTED,"Quarantine ended, monitoring started",1.2.0
6fa7a5ad-63bf-4aad-9435-4537ee048416,65w6xwuKfhFpj5XVoJEqrfN5xJN6gAkGzVrkzH12LouU,2026-09-03 13:30:26.099552+00,MONITORING_STARTED,"Quarantine ended, monitoring started",1.2.0
5e0df8da-b990-4ae8-ba29-2dc3ed7faa47,BKDiVXDYd4Y3x1dKRiSHZKShSbu4PRm5sW1PuHgCpump,2026-09-03 13:30:27.525249+00,MONITORING_STARTED,"Quarantine ended, monitoring started",1.2.0
84c28476-4d23-4b1f-b849-58a29f856f51,7sQcnoRsVisys1wUApDqukUmDRJUe1aZ77CaiKwarVbF,2026-09-03 13:30:28.925601+00,MONITORING_STARTED,"Quarantine ended, monitoring started",1.2.0
420d3260-83b1-48d0-8c0f-936d096f5a42,928jRD8A4hcqad24TwrtQuZkrqXUTZKcydH32rZxaCgD,2026-09-03 13:30:30.31951+00,MONITORING_STARTED,"Quarantine ended, monitoring started",1.2.0
820d55d8-b08b-41b9-b899-e55eba7f3849,2HvhMud2Vbjfyydsx5uPhZVpZ3gsq5M7hXzFrZfBpump,2026-09-03 13:30:31.725282+00,MONITORING_STARTED,"Quarantine ended, monitoring started",1.2.0
1651c02d-1994-4485-8910-788a2a6ddcc7,8PyYPTa1gEVvk2JQ3LhX1aM7zg8kSAw5qeUyS1Lpump,2026-09-03 13:30:33.124756+00,MONITORING_STARTED,"Quarantine ended, monitoring started",1.2.0
a2309a95-1655-4aee-8ccf-bf0c03708fea,7VPrGu8dwLK7YFZu3Z6FmAwRmUqKuBRzBSNvuUvCuNwV,2026-09-03 13:30:34.576216+00,MONITORING_STARTED,"Quarantine ended, monitoring started",1.2.0
319cf0e8-741e-47b6-a225-ed9eea499c1a,7psiMbnC4xVRs5vB2BesbSk8myhRZ4d8G29X63QZpump,2026-09-03 13:30:36.076074+00,MONITORING_STARTED,"Quarantine ended, monitoring started",1.2.0
99fa5aa7-dbd4-4f89-a1b3-9c0db2bf69d9,3PZAe766xNghoLyASMuYgx2mFDW2u3qnsU8MYknQTEwp,2026-09-03 13:30:37.472244+00,MONITORING_STARTED,"Quarantine ended, monitoring started",1.2.0
e39b6727-4819-4f64-99de-f7454fdd5ed2,E94YopQRTBLk91Nq2FJgPWy81dq1bqNaj96otUcgTdE7,2026-09-03 13:30:38.902321+00,MONITORING_STARTED,"Quarantine ended, monitoring started",1.2.0
3f6bdfb5-da81-410c-bb44-a0c4a119791f,RucUi81TqyAxLLSNePYBbP26MNDrCXWrCJsfqKPpump,2026-09-03 13:30:40.335135+00,MONITORING_STARTED,"Quarantine ended, monitoring started",1.2.0
61cf803e-6427-4d4f-b2c3-a4e2112452da,5iWSgThgfajnAsUXeYjnZE2966tdW9kitmHyUuy9pump,2026-09-03 13:30:41.751115+00,MONITORING_STARTED,"Quarantine ended, monitoring started",1.2.0
453ab92d-0fd9-46a5-9133-22ef2302ee6d,9ykE4HYhijFXhk11CoWBdEBuQ78dYp3qqbFK5oRVpump,2026-09-03 13:30:43.233773+00,MONITORING_STARTED,"Quarantine ended, monitoring started",1.2.0
5002ec65-906d-4181-b71b-b3f0a0697542,Cd2b8guD4a4fgNng43Wk9sHDJ11tB8ie3EGABjWdpump,2026-09-03 13:30:44.625084+00,MONITORING_STARTED,"Quarantine ended, monitoring started",1.2.0
9a44b4af-e0be-42de-a2be-9d43a529b484,5CYBqT5kaoAtJia9ubmDZ7ThSjNDhXERfKhSC2q9pump,2026-09-03 13:30:46.08086+00,MONITORING_STARTED,"Quarantine ended, monitoring started",1.2.0
9d30abe9-0c21-4520-92a7-f951ebfd3e54,CSRRgTwf9o5KLgguS2M16aEAhV5PUUzfshrAAQ8opump,2026-09-03 13:30:47.525415+00,MONITORING_STARTED,"Quarantine ended, monitoring started",1.2.0
38f85505-b9f2-45e9-a21c-4f957c8abdd2,H7aKCfh4uX5do7rE5pRCqfXskuMM4M9T1HAGSEYfpump,2026-09-03 13:30:48.918879+00,MONITORING_STARTED,"Quarantine ended, monitoring started",1.2.0
e39cfcdf-b038-453a-ae0c-519fa1e4adb5,B71Lm9jzY8Urkrqf7Td7W8mcRX5ha4mym3UW5JG6pump,2026-09-03 13:30:50.266207+00,MONITORING_STARTED,"Quarantine ended, monitoring started",1.2.0
ce081eec-aa21-4525-8cb1-760211f96dfc,93MSmvh53AcGFuBQah25zU1w4MoH6HXdtHx1aqwesXwD,2026-09-03 13:30:51.672797+00,MONITORING_STARTED,"Quarantine ended, monitoring started",1.2.0
635fa4f1-431d-439b-99fc-538c449710a7,E5YkB2XFsi8GHZ2CLoaowcZeFftsjm1MreMraPbZVGKz,2026-09-03 13:30:53.111888+00,MONITORING_STARTED,"Quarantine ended, monitoring started",1.2.0
b06c2f41-3a0c-40c6-bd97-09d66e9078ff,MzuosvncXoJAHaem7JtWoek8NXGojFWyM8ZGwsZpump,2026-09-03 13:30:54.513873+00,MONITORING_STARTED,"Quarantine ended, monitoring started",1.2.0
55f88cff-b8a5-4d81-9ed2-08a842e8a56e,AU92uCTRJVjAW7eSfW5t8asMxqjaPM8v6X9ByZQGZfcJ,2026-09-03 13:30:55.940429+00,MONITORING_STARTED,"Quarantine ended, monitoring started",1.2.0
1600e482-6c97-4be0-8dcc-bea68530c730,3ggU45hkA1h14175yh9z9bxXaYGKoZES7fNEYxUb6hw4,2026-09-03 13:30:57.335948+00,MONITORING_STARTED,"Quarantine ended, monitoring started",1.2.0
822ed3ed-de66-4032-9f32-d826f2c24c70,5PntZAEaNrCKpaHC334b9pATnUELsYE2WRyhdBYMpump,2026-09-03 13:30:58.7601+00,MONITORING_STARTED,"Quarantine ended, monitoring started",1.2.0
957444cd-54a2-4645-b521-3e5eb55bf6df,HRwUUJXBpW9zjY3oUb8cgzqoby3ozpwuSCRW7tUHNdpg,2026-09-03 13:31:00.181315+00,MONITORING_STARTED,"Quarantine ended, monitoring started",1.2.0
557dffc5-2779-4526-a642-78063a39ac22,3bDHhpewuWbWZcGCgUbmEyvQuhbeaKBKzBuKJgkXpump,2026-09-03 13:31:01.607413+00,MONITORING_STARTED,"Quarantine ended, monitoring started",1.2.0
063afd42-f35d-4d8b-898b-6dd9107715a6,HtHME5mpfBa6PT8cc9JULtzYDWTNYX4husuMKsTxpump,2026-09-03 13:31:03.053462+00,MONITORING_STARTED,"Quarantine ended, monitoring started",1.2.0
6fc9175d-a4e1-4704-b420-29ef62a3b120,JAMgixLafTHLCXp6DZp6vzGcoo7BATtftn5MLNMedjFP,2026-09-03 13:31:04.564656+00,MONITORING_STARTED,"Quarantine ended, monitoring started",1.2.0
09fffc01-d8e8-4b6d-a591-bbd9cd8facf8,tC4iY6ym1HfvS2RCzVovhJGbf6MkxcXSsuV7Rbbfd7y,2026-09-03 13:31:06.503841+00,MONITORING_STARTED,"Quarantine ended, monitoring started",1.2.0
5993f2c1-c5d9-424b-8098-1aaf80ea3e57,GiaVByahUb73UdNtx46tDtUpBt5XJqLYc7w73RdVpump,2026-09-03 13:31:07.909457+00,MONITORING_STARTED,"Quarantine ended, monitoring started",1.2.0
7529d10f-0db3-496f-88c2-3977c2f8af8a,Ft7Zin87WaHMTsJRz9k9ZsPhfVuTXGbkAxxRui2WZph2,2026-09-03 13:31:09.310691+00,MONITORING_STARTED,"Quarantine ended, monitoring started",1.2.0
3c6a25e8-cf45-431d-a9ac-a14910ed9668,EgTDnuUcbAvhS1DdRFqsML9PD5xtBhDQs4uSDs9tpump,2026-09-03 13:31:10.709189+00,MONITORING_STARTED,"Quarantine ended, monitoring started",1.2.0
f4cb9442-7198-46f8-ada9-af5e274708fc,9XnjNoaqgqMkVeNAUwz2xs6jvphyRvxmTDsAqskLdEnA,2026-09-03 13:31:12.144061+00,MONITORING_STARTED,"Quarantine ended, monitoring started",1.2.0
478baf3a-8931-411b-9879-03db4898efaf,CG8yDDsP5PqhixEbLjZvG2tAxtcfsfxmSVqsx3Kxpump,2026-09-03 13:31:13.542625+00,MONITORING_STARTED,"Quarantine ended, monitoring started",1.2.0
c2787692-4355-4fb0-bf20-4b6b21bac553,8R5eqpK7rQofoLnmHNsnBBADDgcGhBNCnr1Ducf2pump,2026-09-03 13:31:14.966057+00,MONITORING_STARTED,"Quarantine ended, monitoring started",1.2.0
3339c1d4-2b5a-48b6-98b6-2312bed60b43,DYAaCD3sdRpwbf1hFxe8E9AnPHVynGbfnuDEPALKpump,2026-09-03 13:31:16.48708+00,MONITORING_STARTED,"Quarantine ended, monitoring started",1.2.0
bbc60129-90b2-4761-ab82-f336900a31a1,t1smJzZt9aUEWjaGJYpqStJ3yLYPcqSwaHGh83ubjRP,2026-09-03 13:31:17.894624+00,MONITORING_STARTED,"Quarantine ended, monitoring started",1.2.0
839cf761-08e7-48cf-8a53-b1cc0523a65c,64PAAiijqQACMH3nbWsFtqQ2TZaqrT3WLF2tkbeEpump,2026-09-03 13:31:19.314634+00,MONITORING_STARTED,"Quarantine ended, monitoring started",1.2.0
15f07a55-d6dc-4b9e-b7ce-885723d9a8d1,6mYykKMQwMm2UQBoJFcQpwKgJD71jQZ2L8ncNDT9pump,2026-09-03 13:31:20.700436+00,MONITORING_STARTED,"Quarantine ended, monitoring started",1.2.0
8fbd9f03-a6e5-4212-b7f7-4708734ef4ad,2Q8tHSimZLBb2v3BfNNSVbs4bKYxNJ84NpzuajG6p1aQ,2026-09-03 13:31:22.108322+00,MONITORING_STARTED,"Quarantine ended, monitoring started",1.2.0
4edc3c44-4d4e-411f-937c-1735a7363c1b,G8wFeagXt6jt6mY9M2kNujsRqQX6NHZNUzDNx1Q5pump,2026-09-03 13:31:23.500748+00,MONITORING_STARTED,"Quarantine ended, monitoring started",1.2.0
6b9bbb8b-f9d5-4d4e-ab24-ce8eeb2ab9f5,ERvGimpyqnuiZ5vaBjd3bWA8GEtM2erT4c5SoiPPWv7k,2026-09-03 13:31:24.895965+00,MONITORING_STARTED,"Quarantine ended, monitoring started",1.2.0
ad607235-724b-48f1-aa1c-5c2623854162,CnRbeGkMFK5jprNUjyzdcnYgPB6CJk9VccmjmWEmiJtC,2026-09-03 13:31:26.27326+00,MONITORING_STARTED,"Quarantine ended, monitoring started",1.2.0
d26acfd3-8169-474c-90b9-7cd8fc37469b,Dp4SHtcvzDqZ8ozg4NTTekQskPi2MWNK2GFx1F6Kpump,2026-09-03 13:31:27.723199+00,MONITORING_STARTED,"Quarantine ended, monitoring started",1.2.0
31efeb71-535d-4dd8-8405-51cdb60b6ef5,Afos4Rke9x64UqVnf9ZF9TvHRUMMFdGe1JXYxt8z3HK7,2026-09-03 13:31:29.10804+00,MONITORING_STARTED,"Quarantine ended, monitoring started",1.2.0
aeb3e3d5-df8f-4eab-9014-60b74b187686,CXG11xiLJVf8umnmXXGUobBKmb1p85ptkikMmSNEpump,2026-09-03 13:31:30.539313+00,MONITORING_STARTED,"Quarantine ended, monitoring started",1.2.0
09cfa2af-8005-438e-9a7c-5ad269247ff7,5rDauqJEKodE7cJMbKUJHPFY793qUbgYUfrWNo5Kpump,2026-09-03 13:31:31.936568+00,MONITORING_STARTED,"Quarantine ended, monitoring started",1.2.0
2bc3c3b5-3ef1-4a68-acde-e2772d1bbb9b,62MqxAoeEJQBZMMKrbcLUkAvohHEsq88hjAqhBV6pump,2026-09-03 13:31:33.314957+00,MONITORING_STARTED,"Quarantine ended, monitoring started",1.2.0
b075fca9-c5ba-43be-9ebb-29bf3e27c1c3,Hw4PvsbCbgKevJc9iyMgbwevoqU1SiejGesuVF8JA8ee,2026-09-03 13:31:34.801437+00,MONITORING_STARTED,"Quarantine ended, monitoring started",1.2.0
08bef50e-5c96-49ba-a70d-27ad356d2461,9LZ3UaDM8rS8AMv8VCLg9BnWw5JN4JFxbzbPjVHHFsjo,2026-09-03 13:31:36.221712+00,MONITORING_STARTED,"Quarantine ended, monitoring started",1.2.0
adf38ff8-b260-4ff1-b9d9-4b018bb1e019,Ee1LDwvfA99CvFRxTZi93kj3A9AvN6wuryiffp3Dpump,2026-09-03 13:31:37.621075+00,MONITORING_STARTED,"Quarantine ended, monitoring started",1.2.0
1d71c638-dd75-4e09-aaaa-290d9bf2e754,6PipCS2EJ5fH9boGbJxStcsRpNh5WbN3dSZycLWPdbi4,2026-09-03 13:31:39.031974+00,MONITORING_STARTED,"Quarantine ended, monitoring started",1.2.0
bb1692f7-4b7b-42c4-9a2c-2e7724044c83,81voyUHfuimgHQWkHS4e1nbu94pn54TGbqXYwh4gpump,2026-09-03 13:31:40.433751+00,MONITORING_STARTED,"Quarantine ended, monitoring started",1.2.0
6b2cfcca-c8df-4efd-b354-70def64cc8cf,CkH8iAKJhdAvLj9EijKdYwpbhrq6wjmFRZLSu5Rgsjrp,2026-09-03 13:31:41.900696+00,MONITORING_STARTED,"Quarantine ended, monitoring started",1.2.0
8557434c-5cc2-4593-bb12-5fe43547dcdc,EhGX4E2sNWuDsxWRmVRyUMTdvdDJp3Rj7pvm969dpump,2026-09-03 13:31:43.346547+00,MONITORING_STARTED,"Quarantine ended, monitoring started",1.2.0
2cb4ea33-f9e4-4a1d-b900-7fb4b2e5b079,7MyRpZSmxFFKTcCDg9aK3ziZnzwPiwqn7szBKJXHpump,2026-09-03 13:31:44.780395+00,MONITORING_STARTED,"Quarantine ended, monitoring started",1.2.0
d0e10052-8c71-4251-8f15-20cc9757d731,8ntHtE7k2xGT8xvQm4iECpA1zxjUypCAm3Go7pmMpump,2026-09-03 13:31:46.213685+00,MONITORING_STARTED,"Quarantine ended, monitoring started",1.2.0
82f33325-720a-44a8-b795-dfc8f21235ce,C1JVw9Eecb13VRiVyV4QpXFpQNaJjmXWAXoFaGynpump,2026-09-03 13:31:47.648579+00,MONITORING_STARTED,"Quarantine ended, monitoring started",1.2.0
56493e23-9cd3-4ba1-9a86-217c2ef6b890,7NkRWvEog93ogp7CoU1xoAyB3kpPGCzDurgy2Y2Kpump,2026-09-03 13:31:49.082745+00,MONITORING_STARTED,"Quarantine ended, monitoring started",1.2.0
300c86de-91c1-414d-b325-86118de02347,2WG6mgKMx97jYCCoiHGcJndvQXjwDgyFeVRAnKH2pump,2026-09-03 13:31:50.461189+00,MONITORING_STARTED,"Quarantine ended, monitoring started",1.2.0
83e82543-fe90-4ad8-8246-5a5feb3e295b,F98TCwNAQuz7JtP6ScZaKddepDjnCwmQ5TxkfcgcYaVC,2026-09-03 13:31:51.925859+00,MONITORING_STARTED,"Quarantine ended, monitoring started",1.2.0
faf09991-a271-488c-9748-f017be63acab,6n55pXa3ZKa2rnNotEPog1SRspWeGiNxU5WkqEkSpump,2026-09-03 13:31:53.386349+00,MONITORING_STARTED,"Quarantine ended, monitoring started",1.2.0
a32c87d6-dac2-467c-ac04-4e15c11c8523,4KLo47obTpHj1XYMtMV42qjadaW2xWMAaLduwAwtEebA,2026-09-03 13:31:54.773051+00,MONITORING_STARTED,"Quarantine ended, monitoring started",1.2.0
1894c03f-d4ae-4678-835f-78063b636b4a,E8MnCtZVxk6EZAxQBAfzrWTPoCQfyEm7dghbSrMQpump,2026-09-03 13:31:56.180431+00,MONITORING_STARTED,"Quarantine ended, monitoring started",1.2.0
fe510224-c01f-465a-8f5b-fc24a10b9821,ALBFBJq9FQKAV7gC4Ud8A5HopqbLJGpV689jFerbpump,2026-09-03 13:31:57.600051+00,MONITORING_STARTED,"Quarantine ended, monitoring started",1.2.0
43d8561b-840f-4b29-9643-6a284e7295a3,Ak7JbLvKEFzkcfpvLErnnkQ8xoB2P3HNbLDp6Du2JVSW,2026-09-03 13:31:59.044582+00,MONITORING_STARTED,"Quarantine ended, monitoring started",1.2.0
edcf28a4-fb55-4b8b-87ac-bbb8241fe518,EZ3Kxv6kx7FAyXgYok1rwGBy2Y9FrsYuc3U7FzWSpump,2026-09-03 13:32:00.471145+00,MONITORING_STARTED,"Quarantine ended, monitoring started",1.2.0
beeb4d6a-2e71-4283-a081-383f9874871c,BSKaWqQF9wddDHcZSdZRCASqetNBKNKDH5fm3Vihpump,2026-09-03 13:32:01.87714+00,MONITORING_STARTED,"Quarantine ended, monitoring started",1.2.0
6a534b60-c554-499b-93cf-3503cdc4bdc8,2wfpCZgazHdU9YGabBaALhvRHpcE5WY1vEXaQdxMeNWZ,2026-09-03 13:32:03.268+00,MONITORING_STARTED,"Quarantine ended, monitoring started",1.2.0
94362c66-5394-4dc7-aeee-57c61e2d02df,12XbaatU9FaTM78F5WcahY92gQ6ammCpAGBxgwAtpump,2026-09-03 13:32:04.72162+00,MONITORING_STARTED,"Quarantine ended, monitoring started",1.2.0
ca8d08d2-bb01-4d3b-856f-b74bf73b9618,qb4mvBUBcj3FEyrefJdwiaix5ZCUsFQZNzzDPrrpump,2026-09-03 13:32:06.080444+00,MONITORING_STARTED,"Quarantine ended, monitoring started",1.2.0
b121739d-8c3e-48f8-9c0a-fa5712dc4b5e,HpWnGa2UtSTmy5VU87XGm8yPKZc93P7F927LwjQ5pump,2026-09-03 13:32:07.462553+00,MONITORING_STARTED,"Quarantine ended, monitoring started",1.2.0
505bc51d-1164-4316-bb0f-5995c753caaa,79wqMK5SsGJc8mFLVG8RZUUzHVPXFcVKCj5aBkjyqs6D,2026-09-03 13:32:08.917764+00,MONITORING_STARTED,"Quarantine ended, monitoring started",1.2.0
35f32e34-72fd-4b7f-8e55-2efdf8beffab,DRDtQGgs2jpqkNNtahkXBf8km3zQ3TWYYV1EK6pEpump,2026-09-03 13:32:10.359922+00,MONITORING_STARTED,"Quarantine ended, monitoring started",1.2.0
c1181eef-dcdc-457f-9a4c-3b965cea158b,D93aSbr316fG39s8Jvqnqmcj39ZxFpJxutu6doVNpump,2026-09-03 13:32:11.900658+00,MONITORING_STARTED,"Quarantine ended, monitoring started",1.2.0
7415ce82-eaa6-444f-b835-81142d085cd0,9J6LmyS7TrsHjpDH84Jpw5vB7C8ZQ6LTL5wuSrPdpump,2026-09-03 13:32:13.341963+00,MONITORING_STARTED,"Quarantine ended, monitoring started",1.2.0
9760c385-4c4e-4716-a876-5ead2023559e,4fsEWifM7BNjAYj77o6ma2LFjz6cQ1vqGcGJyxxxpump,2026-09-03 13:32:14.845561+00,MONITORING_STARTED,"Quarantine ended, monitoring started",1.2.0
7f3ad7fe-3e82-4dc5-b0c2-55b188ad9925,2Ycyk4qGxPsUu9Hu2cKdMdaCqvZjcoz3gTPpMxX3pump,2026-09-03 13:32:16.196334+00,MONITORING_STARTED,"Quarantine ended, monitoring started",1.2.0
6b751e00-5410-4b43-8805-bf105a19ad08,46T1YG4nKhhWY4jiRPBmSV5aU6TN1KUV9BKqcq2K97wY,2026-09-03 13:32:17.586147+00,MONITORING_STARTED,"Quarantine ended, monitoring started",1.2.0
7a276b81-085d-45ac-9275-a0aa487c7fa1,YHs69jqML9nxSM7vNEuT2HC3Q62MQdLRcz6fmdRpump,2026-09-03 13:32:19.024944+00,MONITORING_STARTED,"Quarantine ended, monitoring started",1.2.0
18963afc-0262-45bf-bb2f-7c67cee3e94a,4KNYU3H2FmuSWMpVeF4mkzGnGK5VRoDgsWYV6YFrpump,2026-09-03 13:32:20.463117+00,MONITORING_STARTED,"Quarantine ended, monitoring started",1.2.0
6c2a1b86-c7a6-4d2f-bfdb-7e883c25a9f2,59mXodQ31VyP5fj4uz9qsCkhL17k1Ec6irLeqPARpump,2026-09-03 13:32:21.925426+00,MONITORING_STARTED,"Quarantine ended, monitoring started",1.2.0
802583cc-2e09-435e-97cf-37b9de907f6d,4xRBUZCAq4kMsPLsfB3gSvzEYzeYJ4woUqkqc4GMpump,2026-09-03 13:32:23.391008+00,MONITORING_STARTED,"Quarantine ended, monitoring started",1.2.0
373986c3-44e2-41e4-9a4a-c0e5251b400a,4h5d9ejz8QSfzhAAVMLU5s9uFNzv3xmK6UuZK2PDpump,2026-09-03 13:32:24.829315+00,MONITORING_STARTED,"Quarantine ended, monitoring started",1.2.0
bee72898-8604-4d80-9857-de301b5b1e96,6z5ML9BDLDhvzCLeEdMyz5DHcC1nfsd9PtViu2Lpump,2026-09-03 13:32:26.326384+00,MONITORING_STARTED,"Quarantine ended, monitoring started",1.2.0
f1baf24a-16e3-4a35-aa4d-0a28aef4de15,XyLfqpzVuvpJ3Z9ThdcUdPHkGfnSaYNXdWDKaJGpump,2026-09-03 13:32:27.718016+00,MONITORING_STARTED,"Quarantine ended, monitoring started",1.2.0
128e87b2-d7a2-4f68-a4ac-772f1e91dc3a,FVvAfW3K7cBr1LpLZWMvgmwM3qsGMojdxJjNgKLJpump,2026-09-03 13:32:29.166981+00,MONITORING_STARTED,"Quarantine ended, monitoring started",1.2.0
0266514b-24b1-434a-a104-f631951dfa97,8cbS66zJp2mf7tNjgbkVtCWCb4kumnEduLpkQbFsburn,2026-09-03 13:32:30.587035+00,MONITORING_STARTED,"Quarantine ended, monitoring started",1.2.0
04e6da7e-3e61-40b5-b27a-89ba8a360da5,X2oB1Mp8ZbkQiUcMwzYbkehqtVq3MZfMANDCGarpump,2026-09-03 13:32:32.05177+00,MONITORING_STARTED,"Quarantine ended, monitoring started",1.2.0
7e506a5e-7323-47fd-b1ab-5b32f245f02e,A56ZES8x3vVQhi2YC7QwCiN9uyxixorYsmMT55MMpump,2026-09-03 13:32:33.5037+00,MONITORING_STARTED,"Quarantine ended, monitoring started",1.2.0
7c02521b-9c42-4dbc-a1da-6190b931d7c9,g7Mf4oATpA43aG46a49FarThR8CqPkgRNysQrnPx9oS,2026-09-03 13:32:34.958287+00,MONITORING_STARTED,"Quarantine ended, monitoring started",1.2.0
b8ff1093-734f-4c35-9a46-2c5b02331882,AU8ZmbsXDBuScnUyLuqtxtdaQER6M3LVtxdcfcmCpump,2026-09-03 13:32:36.370949+00,MONITORING_STARTED,"Quarantine ended, monitoring started",1.2.0
cef74cf0-0188-4ba7-af55-59c2c3757509,8ahGYNWnE1QGxptZLSymeYuVpxX7Ed39YhFyjPy3pump,2026-09-03 13:32:37.818185+00,MONITORING_STARTED,"Quarantine ended, monitoring started",1.2.0
afc62657-8114-4521-b0ce-9b807adc7354,NFA2vkDtr3ghgKasVNqJKGknWB7PGTiMS2oLWWR53V6,2026-09-03 13:32:39.235463+00,MONITORING_STARTED,"Quarantine ended, monitoring started",1.2.0
38574d01-ab7f-4b0f-93aa-fe4a1bbf8886,BB5VU7LxXrB2p3dZnQeeBE6fmCpYMf5vR6K8tRFqpump,2026-09-03 13:32:40.656124+00,MONITORING_STARTED,"Quarantine ended, monitoring started",1.2.0
e1203ea8-9ea0-493b-8f3b-b711b1314111,7W8uumZvFWDegwhSLiZjUng8wouwiVXhUV9A1DPPpump,2026-09-03 13:32:42.051889+00,MONITORING_STARTED,"Quarantine ended, monitoring started",1.2.0
07f8e373-be1e-4677-a6fe-beec5457a007,AoEHGTFvykuV9Nhk5Tb5fSbKnS7zgUN5zw3TUgpJpump,2026-09-03 13:32:43.486352+00,MONITORING_STARTED,"Quarantine ended, monitoring started",1.2.0
4837bf66-1faf-4002-9377-9991008dd15e,3kwDUuS5f1QtSgiypuLvnXMyxp74sn9PCinh4h9Vpump,2026-09-03 13:32:44.927674+00,MONITORING_STARTED,"Quarantine ended, monitoring started",1.2.0
f53a6146-ca7e-4fdd-8e91-c45b6a9f0ec1,tahKR4TA337akDkgfGZ5Qaeng4ABdov49rVePABpump,2026-09-03 13:32:46.344802+00,MONITORING_STARTED,"Quarantine ended, monitoring started",1.2.0
e571976d-f243-4789-a467-ae299def4eed,6Bd2opj5LteW6hvdJUjYw8SdfVQYAJ2NeonfgEHMpump,2026-09-03 13:32:47.728469+00,MONITORING_STARTED,"Quarantine ended, monitoring started",1.2.0
ff10abf0-cdbc-4444-bfd7-0fe37806af24,E22f92KYQgo4cu6pTpBVTVvnBDcWyAJGwGB9i5mNpump,2026-09-03 13:32:49.197516+00,MONITORING_STARTED,"Quarantine ended, monitoring started",1.2.0
c2314f05-4466-4829-b981-807a33492216,46kwQaZdcuSNuyqjWJsiWBxsUFbAxWFDYWwx9ePipump,2026-09-03 13:32:50.583439+00,MONITORING_STARTED,"Quarantine ended, monitoring started",1.2.0
7ebf2886-59d7-44cf-93d0-9c270526831e,648CgFCcFXCPUWhaa5V5W1tFDDfuEtCVVp3EQjTmpump,2026-09-03 13:32:51.974254+00,MONITORING_STARTED,"Quarantine ended, monitoring started",1.2.0
485d29fc-d174-4d96-8361-a6b892bbda3d,Fw6ksDUW7agYgvJuAMMa5zw9C9Qe2RV85j4j3oXipump,2026-09-03 13:32:53.401426+00,MONITORING_STARTED,"Quarantine ended, monitoring started",1.2.0
5487036f-5fac-4b67-b851-2d3589b7819f,2gdGXkBriQ87rGT3LWGUJr3NrUTbSWdCJgHbTnBNpump,2026-09-03 13:32:54.845102+00,MONITORING_STARTED,"Quarantine ended, monitoring started",1.2.0
20116b72-601f-4862-bbc1-a71f482667f1,EzksuFJL96xtnhqam9YowehVPqGu5wv9ixStJ8pHpump,2026-09-03 13:32:56.237187+00,MONITORING_STARTED,"Quarantine ended, monitoring started",1.2.0
68cd3a2f-3b28-46fd-a2e7-89b1f1b9b6fc,BWrSJTzFnGALx2VimQu6D5Xt81G5DBMQ3pGgeen3pump,2026-09-03 13:32:57.623168+00,MONITORING_STARTED,"Quarantine ended, monitoring started",1.2.0
0d33cc73-642c-4e5d-a149-d9632d8b8b22,7mvAKaG39HWm7RtKj9zkgYG21uKFuyHCjJkbuQp5pump,2026-09-03 13:32:59.02269+00,MONITORING_STARTED,"Quarantine ended, monitoring started",1.2.0
ac715ca7-aef3-4e2c-9946-16bbf950abe2,FZsih1z71YYmcb6saJKiLPQj7hxovSgbiUZ9kxrJpump,2026-09-03 13:33:00.438299+00,MONITORING_STARTED,"Quarantine ended, monitoring started",1.2.0
013c36d1-262b-46f9-be4e-92b5791f0f93,6Fmy4h78tXFyLqHxjspAmh4vnw4U2VEzFoGL3kBNpump,2026-09-03 13:33:01.895845+00,MONITORING_STARTED,"Quarantine ended, monitoring started",1.2.0
e9bed1a8-a2d9-4470-84c9-9e9005b8cbcc,GiUHYs5Hsv94P8bR9m26DsXsX8E786rQsFsPK6spump,2026-09-03 13:33:03.335186+00,MONITORING_STARTED,"Quarantine ended, monitoring started",1.2.0
daa3f027-abc5-4679-839b-252f7692b94e,DR34YVxd8VXUmW685DLgDvnmgTzVVsTM2toTNtfWpump,2026-09-03 13:33:04.781209+00,MONITORING_STARTED,"Quarantine ended, monitoring started",1.2.0
56a726c6-a0bb-4b34-bc37-d478b2082ce8,9sW8VYpSRp3aJV1tV2q9EqFzJyUu2WX3C9paQ4KSpump,2026-09-03 13:33:06.196549+00,MONITORING_STARTED,"Quarantine ended, monitoring started",1.2.0
bbba5654-5276-4af8-bbd8-71fbe69a2765,7Zo7tPm77cPekJmPXh6E3ykrox6toZNDSrSwnGC1pump,2026-09-03 13:33:07.637879+00,MONITORING_STARTED,"Quarantine ended, monitoring started",1.2.0
5a1da4a2-30e6-4f37-a813-8558df176b8a,Dz37RVhUVgguLoxCyfFQLDX3Dw4VBZvQJNvZx4Szpump,2026-09-03 13:33:09.069688+00,MONITORING_STARTED,"Quarantine ended, monitoring started",1.2.0
333fe508-00a4-432f-b5c1-03ea7e797447,pcBeadR2nwPNjvvCVM26kfFt7GsuvSwsxGtAiWPNiBL,2026-09-03 13:33:10.491865+00,MONITORING_STARTED,"Quarantine ended, monitoring started",1.2.0
072ba06e-5c60-45bf-86e0-9ce66ef7619e,CfBYu1dsy6nC3oiYmxE3Kxds6auwpoxcErvSMVykVEPH,2026-09-03 13:33:11.925029+00,MONITORING_STARTED,"Quarantine ended, monitoring started",1.2.0
fdd9f712-b27f-4e1c-b321-503a90f1375f,GyDBBBhXrUGVpbCzWouixLRYokjQAgHZhDC572Z5pump,2026-09-03 13:33:13.306631+00,MONITORING_STARTED,"Quarantine ended, monitoring started",1.2.0
276d0fae-e9f0-44e2-a68e-b90afe2b7df3,C6VLbXq2Rzi2KMKmZQgRJFZ6hUe1RFgoyCgxhUFgpump,2026-09-03 13:33:14.690309+00,MONITORING_STARTED,"Quarantine ended, monitoring started",1.2.0
464403ac-3362-4406-92d5-fe704aeb00ac,D79PMY3svBfF56PpCkd2MYJx9LPrwCxYkmSFV8aTpump,2026-09-03 13:33:16.128401+00,MONITORING_STARTED,"Quarantine ended, monitoring started",1.2.0
d8a805bc-5d71-4fff-ad53-923e6849529f,73roMdHCGSL1KAeuz5rz7pNd45H4THAJgV6YidswTMoe,2026-09-03 13:33:17.523321+00,MONITORING_STARTED,"Quarantine ended, monitoring started",1.2.0
4803fc6a-40e6-476e-a820-50ab1e7d826b,D7vb5sxgYsbqnGmvrenJXwaQb5ctmmwEs7mXRQkkMnaX,2026-09-03 13:33:18.957805+00,MONITORING_STARTED,"Quarantine ended, monitoring started",1.2.0
06b0bedc-1bae-471b-be79-174c769ce6e5,9ikk3mAGGXYJWgm4j1WZ49yC87iEU5VsMU9fKZrspump,2026-09-03 13:33:20.29835+00,MONITORING_STARTED,"Quarantine ended, monitoring started",1.2.0
