snapshot_id,token_address,timestamp,price_usd,liquidity_usd,market_cap_usd,raw_dexscreener_json,score_breakdown
3dddcae5-131c-4291-9cf4-8091e1d6731c,Dzddja1BqGN18kks2Zqdg4iXRw5NnHvmYy1h1qdKpump,2026-09-03 13:03:38.449066+00,2.202e-06,2208.51,2104,{},"{""total"": 19.5, ""market"": 30.0, ""wallet"": 0.0, ""momentum"": 0.0, ""security"": 20.0, ""liquidity"": 25.0, ""data_quality"": 100.0}"
3911ff0d-3e9f-40c5-ae3b-117baf0d415a,7LK6hiKa6SEDVLehpFzx1nw6RAA76d91Q8pNiyVJpump,2026-09-03 13:03:40.317692+00,4.378e-06,,4378.53,{},"{""total"": 12.5, ""market"": 30.0, ""wallet"": 0.0, ""momentum"": 0.0, ""security"": 20.0, ""liquidity"": 0.0, ""data_quality"": 60.0}"
4dd4e9be-cc75-4598-b13b-1210ee59d7cc,4X8fMRgXTCdTNk9ndfkqpxGDKEj6TVhVXL5V9dcc1GhT,2026-09-03 13:03:42.235469+00,2.38e-05,,23800.66,{},"{""total"": 24.5, ""market"": 30.0, ""wallet"": 30.0, ""momentum"": 0.0, ""security"": 50.0, ""liquidity"": 0.0, ""data_quality"": 60.0}"
8a5147e0-6fd8-435c-92e1-9e08206ed5d0,25dMkuq48c36iAw5XonRa2G4qqCEkdLptEmJFmjmpump,2026-09-03 13:03:44.035122+00,2.852e-06,,2852.59,{},"{""total"": 12.5, ""market"": 30.0, ""wallet"": 0.0, ""momentum"": 0.0, ""security"": 20.0, ""liquidity"": 0.0, ""data_quality"": 60.0}"
2bd1a62c-d991-4b4a-b627-2bf759bda3dd,2ddMcFkjrhdpQhJ3ZmG4DyPnkF3wZ36heCrNRGoppump,2026-09-03 13:03:46.038734+00,2.222e-05,13186.06,21099,{},"{""total"": 47.2, ""market"": 45.0, ""wallet"": 30.0, ""momentum"": 70.0, ""security"": 40.0, ""liquidity"": 35.0, ""data_quality"": 100.0}"
aff92d96-d788-4dd8-904e-90c46e77792c,5vhw96LZoKA4K8kbBkTJXBYvJSN1RWJzJgJbYEorBChv,2026-09-03 13:03:47.745823+00,76.064,1597167516.06,1597357236,{},"{""total"": 28.5, ""market"": 30.0, ""wallet"": 0.0, ""momentum"": 0.0, ""security"": 20.0, ""liquidity"": 70.0, ""data_quality"": 100.0}"
e4f6114d-cfcb-4a48-8066-82a6dc979bc0,GqR98CsEbPtV2zcEGMbHpbL2BDEURG5poH5cAVNqmwey,2026-09-03 13:03:49.548344+00,85.48,1795109621.01,1795250824,{},"{""total"": 30.5, ""market"": 30.0, ""wallet"": 0.0, ""momentum"": 0.0, ""security"": 20.0, ""liquidity"": 80.0, ""data_quality"": 100.0}"
8aafe357-509d-4339-965f-629e6aab068d,4CX9pg8hTJCqAnpY3Xqkvt6i7aQ6UtNPPifE64vMM8r1,2026-09-03 13:03:51.336753+00,100.54,50270053.09,4926464141740,{},"{""total"": 27.5, ""market"": 10.0, ""wallet"": 0.0, ""momentum"": 0.0, ""security"": 20.0, ""liquidity"": 80.0, ""data_quality"": 100.0}"
9c6b69f0-cd72-434d-a3c7-6cf6853d4ffc,Ghd7yhW6b1Uqv1eaG5hQKBN9AoqWzjmUx227VrRdpump,2026-09-03 13:03:53.134424+00,4.586e-06,,4586.68,{},"{""total"": 12.5, ""market"": 30.0, ""wallet"": 0.0, ""momentum"": 0.0, ""security"": 20.0, ""liquidity"": 0.0, ""data_quality"": 60.0}"
af4749b0-04df-45c9-9147-fb5eee05d936,7AEEdoP2zhMad1tkFNYyDnDB9Hjy7sb1LSB2KxAQr3EV,2026-09-03 13:03:55.010357+00,85.019,1219101.02,1275204,{},"{""total"": 30.5, ""market"": 30.0, ""wallet"": 0.0, ""momentum"": 0.0, ""security"": 20.0, ""liquidity"": 80.0, ""data_quality"": 100.0}"
afede3af-56ed-4af3-af27-d428360c735b,HHfdkSjJLzwAjcFTsYAz8t8oQArYt2Jo737pDYPbpump,2026-09-03 13:03:56.745869+00,3.808e-06,,3808.71,{},"{""total"": 12.5, ""market"": 30.0, ""wallet"": 0.0, ""momentum"": 0.0, ""security"": 20.0, ""liquidity"": 0.0, ""data_quality"": 60.0}"
3e24d257-e024-4680-a7c6-d69002c1089a,3sUubhHpm3kqH4ZU2osRScce5wEqUPTCptUjm5brpump,2026-09-03 13:03:58.591286+00,2.842e-06,,2842.08,{},"{""total"": 12.5, ""market"": 30.0, ""wallet"": 0.0, ""momentum"": 0.0, ""security"": 20.0, ""liquidity"": 0.0, ""data_quality"": 60.0}"
040ccdbd-fc58-4980-b405-87f0212c4707,Gffw364rz4r93aYum3BHynoi5iw1gsq2m4P2Py6gpump,2026-09-03 13:04:00.420835+00,4.675e-06,4365.23,4593,{},"{""total"": 31.5, ""market"": 30.0, ""wallet"": 0.0, ""momentum"": 60.0, ""security"": 20.0, ""liquidity"": 25.0, ""data_quality"": 100.0}"
05535d93-270d-4f06-b409-8ff4a31f68f5,F59cEB3A7RAKHGtkvR577swnPSP6EsdaBoL5AcVZpump,2026-09-03 13:04:02.264214+00,2.967e-06,,2967.94,{},"{""total"": 12.5, ""market"": 30.0, ""wallet"": 0.0, ""momentum"": 0.0, ""security"": 20.0, ""liquidity"": 0.0, ""data_quality"": 60.0}"
23374e42-415d-471f-a55a-8988e94b4f58,3srxCNyuzwtT6LodQJs1xf4fwYAG9qYXUv1WDiNVpump,2026-09-03 13:04:04.11461+00,3.047e-06,,3047.94,{},"{""total"": 12.5, ""market"": 30.0, ""wallet"": 0.0, ""momentum"": 0.0, ""security"": 20.0, ""liquidity"": 0.0, ""data_quality"": 60.0}"
0f71eb72-2f19-4c2f-a6c4-5008ee850355,zUwDFNFSCCK9c3uA2H3UoEjJA6Cha7nBvJZBTZFpump,2026-09-03 13:04:05.883679+00,2.566e-06,2502.6,2241,{},"{""total"": 24.5, ""market"": 30.0, ""wallet"": 0.0, ""momentum"": 0.0, ""security"": 20.0, ""liquidity"": 50.0, ""data_quality"": 100.0}"
98527809-52da-42a9-8df5-cfe2433d73e1,DUvzkkEqabsf1U8jZvbrBp38RieQXBzpoqLka61hpump,2026-09-03 13:04:07.655028+00,2.874e-06,,2874.46,{},"{""total"": 12.5, ""market"": 30.0, ""wallet"": 0.0, ""momentum"": 0.0, ""security"": 20.0, ""liquidity"": 0.0, ""data_quality"": 60.0}"
20e93875-401a-4c50-93a8-bbd55b03db22,68bkvddGS1FKC1BoxFcfbAkaunjxixZ5CK7Hob8qpump,2026-09-03 13:04:09.583753+00,3.453e-06,,3453.93,{},"{""total"": 12.5, ""market"": 30.0, ""wallet"": 0.0, ""momentum"": 0.0, ""security"": 20.0, ""liquidity"": 0.0, ""data_quality"": 60.0}"
d947a66b-c45a-45fc-af6b-0de35f757cf6,EFSy2VB3gymYe6tmTzkvqVuqcYQziqogCN4jcN23pump,2026-09-03 13:04:11.45313+00,3.769e-06,3432.61,3586,{},"{""total"": 34.5, ""market"": 50.0, ""wallet"": 0.0, ""momentum"": 60.0, ""security"": 20.0, ""liquidity"": 25.0, ""data_quality"": 100.0}"
a7c262d9-e0b2-4ad3-ab3b-822eca552ca3,GTr7KTPznLyaLyTaXJ2f1dWrph5CXRDnC734nWZLpump,2026-09-03 13:04:13.247977+00,1.867e-06,1901.47,1843,{},"{""total"": 18.5, ""market"": 30.0, ""wallet"": 0.0, ""momentum"": 0.0, ""security"": 20.0, ""liquidity"": 20.0, ""data_quality"": 100.0}"
3baf2f70-80ad-4c5a-a151-36b51d983634,GJ5HefCCD3zW3GeBEUjSyEmoEz8jsZVt5NmPLSDDpump,2026-09-03 13:04:15.059819+00,4.735e-06,4335.89,4577,{},"{""total"": 22.5, ""market"": 30.0, ""wallet"": 0.0, ""momentum"": 15.0, ""security"": 20.0, ""liquidity"": 25.0, ""data_quality"": 100.0}"
876f27fe-04ad-4934-a193-2c4dddd7a378,C8pd5Ak9TQZDG36USAbAidXd38DZLURjuorQB3KApump,2026-09-03 13:04:16.807159+00,2.908e-06,,2908.65,{},"{""total"": 12.5, ""market"": 30.0, ""wallet"": 0.0, ""momentum"": 0.0, ""security"": 20.0, ""liquidity"": 0.0, ""data_quality"": 60.0}"
5be39ff1-6a14-467a-9271-c63a60add084,2LZVYtmknWbgKvbDXxuPbzuqjc2w58KknfXT6WL2pump,2026-09-03 13:04:18.528586+00,3.322e-06,,3322.91,{},"{""total"": 12.5, ""market"": 30.0, ""wallet"": 0.0, ""momentum"": 0.0, ""security"": 20.0, ""liquidity"": 0.0, ""data_quality"": 60.0}"
54f99bf1-2714-4060-8762-727bb3d145d1,EWNq2MZsfzJoM9j6Ec8cLve6jdUn8gBSDUAHrWSJpump,2026-09-03 13:04:20.306695+00,2.809e-06,,2809.87,{},"{""total"": 12.5, ""market"": 30.0, ""wallet"": 0.0, ""momentum"": 0.0, ""security"": 20.0, ""liquidity"": 0.0, ""data_quality"": 60.0}"
27d4339d-3b3b-4997-941f-f92e1cd8c970,GdQJ6PNLEjM53Enyinfbi6hxppeHPcPJJ7ToaQRapump,2026-09-03 13:04:22.220829+00,2.819e-06,,2819.87,{},"{""total"": 12.5, ""market"": 30.0, ""wallet"": 0.0, ""momentum"": 0.0, ""security"": 20.0, ""liquidity"": 0.0, ""data_quality"": 60.0}"
a188e3e0-94bd-4b93-b413-9cb8aed9d2e9,6m6hkSNrZ1FxuLLdbcf9UAraPvUZMgfcCSsx3hh4pump,2026-09-03 13:04:24.10292+00,4.722e-06,,4722.34,{},"{""total"": 15.5, ""market"": 30.0, ""wallet"": 0.0, ""momentum"": 15.0, ""security"": 20.0, ""liquidity"": 0.0, ""data_quality"": 60.0}"
6bb8524a-c44a-42fe-b943-df0b2cf4e35a,Dj2WeeaTWdPJHMYqzKBwHJBU27XDVBfGmtiPvQzzpump,2026-09-03 13:04:25.873344+00,3.087e-06,,3087.78,{},"{""total"": 12.5, ""market"": 30.0, ""wallet"": 0.0, ""momentum"": 0.0, ""security"": 20.0, ""liquidity"": 0.0, ""data_quality"": 60.0}"
892aeb5a-e7f1-492e-9c62-ab33181225c6,EoKqyKksc4ekiPVuBD9FiztYQHkV59x8KTcZ3ReLpump,2026-09-03 13:04:27.69062+00,4.403e-06,3996.85,4302,{},"{""total"": 19.5, ""market"": 30.0, ""wallet"": 0.0, ""momentum"": 0.0, ""security"": 20.0, ""liquidity"": 25.0, ""data_quality"": 100.0}"
c76f3ce5-6c4a-4e0d-ab6b-d802a236c043,8c99wy5pUgbw7hQ27EN2p2D8qPHiDKfR5uLRK4vkHL2r,2026-09-03 13:04:29.535897+00,4.183e-06,,4183.15,{},"{""total"": 12.5, ""market"": 30.0, ""wallet"": 0.0, ""momentum"": 0.0, ""security"": 20.0, ""liquidity"": 0.0, ""data_quality"": 60.0}"
f59a96a4-6dec-4ca2-9baf-b3045b9b48c5,HfZJvsgbL78txPpfioZNGy8nH5bL8BBBaYJ3JYZfpump,2026-09-03 13:04:31.475763+00,2.823e-06,,2823.52,{},"{""total"": 12.5, ""market"": 30.0, ""wallet"": 0.0, ""momentum"": 0.0, ""security"": 20.0, ""liquidity"": 0.0, ""data_quality"": 60.0}"
ab2455a2-0e02-45b0-8813-e48f362b7a7b,AZuW2zqu3wb9kWvgbWud5bYgJeDrzfgb6nGRHDG7pump,2026-09-03 13:04:33.317144+00,2.882e-06,,2882.5,{},"{""total"": 12.5, ""market"": 30.0, ""wallet"": 0.0, ""momentum"": 0.0, ""security"": 20.0, ""liquidity"": 0.0, ""data_quality"": 60.0}"
284b364c-e3d1-49c4-a329-ca0218091f96,ApTCvzxRPJEeicnS9gx7fLZDTJLM4av2vtnmXL9Xpump,2026-09-03 13:04:35.139597+00,2.024e-06,2093.36,1954,{},"{""total"": 24.5, ""market"": 30.0, ""wallet"": 0.0, ""momentum"": 0.0, ""security"": 20.0, ""liquidity"": 50.0, ""data_quality"": 100.0}"
b5467ca1-4098-4e7b-9f66-10db4d217697,GpvRM8XQ5QisXkP4BHDyBa85Bbijg7wEYkXTkZupump,2026-09-03 13:04:36.905609+00,1.892e-06,2018.03,1871,{},"{""total"": 19.5, ""market"": 30.0, ""wallet"": 0.0, ""momentum"": 0.0, ""security"": 20.0, ""liquidity"": 25.0, ""data_quality"": 100.0}"
4f3b2b6f-caa9-4d19-8580-0e7c73a9bd1b,A4cnthYJkeGoYKQiNpX3P56GK5p2rh4pjcTXZJUgKkNt,2026-09-03 13:04:38.682532+00,2.874e-06,,2874.09,{},"{""total"": 12.5, ""market"": 30.0, ""wallet"": 0.0, ""momentum"": 0.0, ""security"": 20.0, ""liquidity"": 0.0, ""data_quality"": 60.0}"
06ee7be9-6748-48e5-b39c-32488acc98f7,6JZfJw1ufSgU9Bt3mAsKQBCo5rtHi6hJuGzmKwhGwv8,2026-09-03 13:04:40.584415+00,2.659e-06,2630.16,2338,{},"{""total"": 19.5, ""market"": 30.0, ""wallet"": 0.0, ""momentum"": 0.0, ""security"": 20.0, ""liquidity"": 25.0, ""data_quality"": 100.0}"
d6ef47ef-de5c-4ccb-8e78-f99ce205fe0d,HmaHhC9vBh43gZnNTUFGNGP1A72jH1MXKjhHRWw2Ja8F,2026-09-03 13:04:42.46713+00,2.693e-06,2645.36,2561,{},"{""total"": 19.5, ""market"": 30.0, ""wallet"": 0.0, ""momentum"": 0.0, ""security"": 20.0, ""liquidity"": 25.0, ""data_quality"": 100.0}"
48b73c13-4f7e-4e50-89f5-52c33bb3b45b,HxYDzq3yaEceE5j4Va2ageC2MzPZW1FtYexd82Uupump,2026-09-03 13:04:44.330762+00,2.862e-06,,2862.53,{},"{""total"": 12.5, ""market"": 30.0, ""wallet"": 0.0, ""momentum"": 0.0, ""security"": 20.0, ""liquidity"": 0.0, ""data_quality"": 60.0}"
cfc4e701-0c6e-4e69-ad2c-c8856051a234,4otmDELcUnFZRoCJCmVmxWZtTXcpf1avid1EPSCtt7P2,2026-09-03 13:04:46.26069+00,3.438e-06,,3438.61,{},"{""total"": 12.5, ""market"": 30.0, ""wallet"": 0.0, ""momentum"": 0.0, ""security"": 20.0, ""liquidity"": 0.0, ""data_quality"": 60.0}"
99e61a29-5c52-4b95-a14d-b4111a6ea143,AtHFFHmSQeNQiMpH9GKsv9nf8LtLMAkyhrHpX7633MVe,2026-09-03 13:04:48.24245+00,2.809e-06,,2809.9,{},"{""total"": 12.5, ""market"": 30.0, ""wallet"": 0.0, ""momentum"": 0.0, ""security"": 20.0, ""liquidity"": 0.0, ""data_quality"": 60.0}"
325c572d-2a48-467d-a911-1a99d8edccdd,ERRK7hxgLBmkMaEFprtLiQB6rHKvGBDN4Ayjg72Mpump,2026-09-03 13:04:50.033773+00,2.383e-06,2630.72,2350,{},"{""total"": 19.5, ""market"": 30.0, ""wallet"": 0.0, ""momentum"": 0.0, ""security"": 20.0, ""liquidity"": 25.0, ""data_quality"": 100.0}"
e0454df1-115e-4344-84ad-b019ce572b05,FrrucGKCp6JcFjVnMcbEHa2cagfpZ8uFFCE5NrSnkjuT,2026-09-03 13:04:51.882661+00,4.18e-06,,4180.66,{},"{""total"": 12.5, ""market"": 30.0, ""wallet"": 0.0, ""momentum"": 0.0, ""security"": 20.0, ""liquidity"": 0.0, ""data_quality"": 60.0}"
6dac7d8d-bd01-4d83-b8f0-b74f0453298d,21ZJyBxMr4DwT6WJw36pEQ2Ft2hqTmZ7gkdv8Wvdpump,2026-09-03 13:04:53.756896+00,3.008e-06,,3008.41,{},"{""total"": 12.5, ""market"": 30.0, ""wallet"": 0.0, ""momentum"": 0.0, ""security"": 20.0, ""liquidity"": 0.0, ""data_quality"": 60.0}"
7e1aa598-48b6-4fb9-8480-5aa60feb366e,3gU4JJPy93ufQGMEWRfgjkRpSWyT2LgGW7zgYaVtcCTP,2026-09-03 13:04:55.632701+00,2.55e-06,2511.85,2436,{},"{""total"": 19.5, ""market"": 30.0, ""wallet"": 0.0, ""momentum"": 0.0, ""security"": 20.0, ""liquidity"": 25.0, ""data_quality"": 100.0}"
aea58d6d-34f0-4881-b09f-34bd05292bfd,cxFSZUy649fuK6rNEPnbgbxaXPMgRLaWv83ueNbpump,2026-09-03 13:04:57.46886+00,4.456e-06,,4456.84,{},"{""total"": 12.5, ""market"": 30.0, ""wallet"": 0.0, ""momentum"": 0.0, ""security"": 20.0, ""liquidity"": 0.0, ""data_quality"": 60.0}"
526837ed-6490-42c4-a9d4-a795c83d199f,CFgnMXqJS556XF1UQWyB92BtTDt2XWGpVLTKkPiKCA9D,2026-09-03 13:04:59.267178+00,3.401e-06,,3401.15,{},"{""total"": 12.5, ""market"": 30.0, ""wallet"": 0.0, ""momentum"": 0.0, ""security"": 20.0, ""liquidity"": 0.0, ""data_quality"": 60.0}"
27bfef05-7838-45d8-b93c-f0034cf84f65,4qTuQFoCMQDJij6ZQZRHntC6sNMx9yHeyiG7GHngqHoY,2026-09-03 13:05:01.184736+00,6.424e-06,5300.65,6012,{},"{""total"": 22.0, ""market"": 30.0, ""wallet"": 0.0, ""momentum"": 0.0, ""security"": 30.0, ""liquidity"": 25.0, ""data_quality"": 100.0}"
3dc4f39c-83b9-4fc5-a0ca-06a2efeb1246,5BDsmq87FgUKkqW29vberYorfPWD8NL9va5t1zCYpump,2026-09-03 13:05:03.055563+00,4.084e-06,,4084.27,{},"{""total"": 12.5, ""market"": 30.0, ""wallet"": 0.0, ""momentum"": 0.0, ""security"": 20.0, ""liquidity"": 0.0, ""data_quality"": 60.0}"
6c369edd-372f-4dd5-a71c-59cbf047ce27,ECUyKMBoz5HLjNWCnZNDTR2aLyt26t4eyGNMjae2eiWm,2026-09-03 13:05:05.093568+00,3.039e-06,,3039.83,{},"{""total"": 12.5, ""market"": 30.0, ""wallet"": 0.0, ""momentum"": 0.0, ""security"": 20.0, ""liquidity"": 0.0, ""data_quality"": 60.0}"
c0036a25-9ae3-437d-99bb-af71b99c227d,GirvMauAG3rkaL2stHLVZdduTv9a5m8KvGj32pVJMMiD,2026-09-03 13:05:07.01265+00,4.865e-05,,48651.39,{},"{""total"": 12.5, ""market"": 30.0, ""wallet"": 0.0, ""momentum"": 0.0, ""security"": 20.0, ""liquidity"": 0.0, ""data_quality"": 60.0}"
03b6e50d-3928-4552-915a-23a87784035a,GVXhTtjmabMHtN8J7VmyYUHV13zn9MQhNDcoDBbmpump,2026-09-03 13:05:08.834254+00,2.895e-06,,2895.9,{},"{""total"": 12.5, ""market"": 30.0, ""wallet"": 0.0, ""momentum"": 0.0, ""security"": 20.0, ""liquidity"": 0.0, ""data_quality"": 60.0}"
3dae4529-d525-46d9-97fe-4ea9358a1525,Hmy49dJRNzqfKv1Q2W6iYw6yjUbzB35pJv9j5o2mf5aX,2026-09-03 13:05:10.824129+00,4.817e-05,,48175.67,{},"{""total"": 12.5, ""market"": 30.0, ""wallet"": 0.0, ""momentum"": 0.0, ""security"": 20.0, ""liquidity"": 0.0, ""data_quality"": 60.0}"
03ec29b3-4c12-454f-9fbe-e6fc550e3333,HV9xeQdj3RnszuCkoqcTe78SiQpzgU2rKaJZpEZcKQZ1,2026-09-03 13:05:12.794463+00,4.847e-05,,48471.49,{},"{""total"": 12.5, ""market"": 30.0, ""wallet"": 0.0, ""momentum"": 0.0, ""security"": 20.0, ""liquidity"": 0.0, ""data_quality"": 60.0}"
14bfa5b9-8571-4430-af61-7d914c14dad2,Fq17uNNQgwJG5szmaEheVrQXUnoZn1BuFiDKFACLpump,2026-09-03 13:05:14.724069+00,2.061e-06,2260.43,2037,{},"{""total"": 19.5, ""market"": 30.0, ""wallet"": 0.0, ""momentum"": 0.0, ""security"": 20.0, ""liquidity"": 25.0, ""data_quality"": 100.0}"
4df29192-34c5-4df6-854d-f8c85c17eb23,F86tVWTd5CZaU3PnXDfb1Rsx6XmnzL1uq2t12xswpump,2026-09-03 13:05:16.572114+00,2.807e-06,,2807.4,{},"{""total"": 12.5, ""market"": 30.0, ""wallet"": 0.0, ""momentum"": 0.0, ""security"": 20.0, ""liquidity"": 0.0, ""data_quality"": 60.0}"
b352e919-c82e-4faf-ab38-4f4a31bb37a5,DzwioiVutS4DxRXVtvnT4o9CvSg1BXxi5iMxi4oMpump,2026-09-03 13:05:18.435732+00,1.874e-06,1919.3,1852,{},"{""total"": 18.5, ""market"": 30.0, ""wallet"": 0.0, ""momentum"": 0.0, ""security"": 20.0, ""liquidity"": 20.0, ""data_quality"": 100.0}"
2a3b414d-100a-469f-b168-c5be000ebe15,6cYvt6hM4PU4hfTusvuXXr1gdVwSRYVXzZh41ecNpump,2026-09-03 13:05:20.28905+00,5.132e-06,,5132.47,{},"{""total"": 12.5, ""market"": 30.0, ""wallet"": 0.0, ""momentum"": 0.0, ""security"": 20.0, ""liquidity"": 0.0, ""data_quality"": 60.0}"
754ed795-e901-41f6-a5a3-ec743f369f7e,8P5D3QE7Ly2cL6dcay5SRodNACmfWDfPEk6pThb4pump,2026-09-03 13:05:22.247309+00,2.011e-06,2061.64,1937,{},"{""total"": 24.5, ""market"": 30.0, ""wallet"": 0.0, ""momentum"": 0.0, ""security"": 20.0, ""liquidity"": 50.0, ""data_quality"": 100.0}"
46405363-5a7d-49f1-b8dd-bf4abcfab019,CZ5K6VYWk7BJxKy7QUn3nUo2jYrZ3hNMjdp9vYjcpump,2026-09-03 13:05:23.992708+00,2.409e-06,2531.42,2376,{},"{""total"": 19.5, ""market"": 30.0, ""wallet"": 0.0, ""momentum"": 0.0, ""security"": 20.0, ""liquidity"": 25.0, ""data_quality"": 100.0}"
41f4969c-07f9-48d5-91f8-1813190c5822,232BE9YxiJ1qHAJH8ymCojmX7BjePxKcitaJ6dqopump,2026-09-03 13:05:25.937355+00,2.715e-05,13093.22,26863,{},"{""total"": 55.5, ""market"": 65.0, ""wallet"": 45.0, ""momentum"": 60.0, ""security"": 60.0, ""liquidity"": 35.0, ""data_quality"": 100.0}"
e5579f59-54a7-4266-be9c-34588f12c8bc,9UY5tJCzmJRyLgyiJJYAnmEaDwWdsCzvNpVhP5rbpump,2026-09-03 13:05:27.816989+00,2.88e-06,,2880.92,{},"{""total"": 12.5, ""market"": 30.0, ""wallet"": 0.0, ""momentum"": 0.0, ""security"": 20.0, ""liquidity"": 0.0, ""data_quality"": 60.0}"
11c66c32-677e-4518-937d-dda8fc9523e7,64RZYAWaiNDGDjMMZM1c3idzPRnQEdKfPVwuww25pump,2026-09-03 13:05:29.676878+00,2.878e-06,,2878.75,{},"{""total"": 12.5, ""market"": 30.0, ""wallet"": 0.0, ""momentum"": 0.0, ""security"": 20.0, ""liquidity"": 0.0, ""data_quality"": 60.0}"
6fcccea2-9550-4a30-879a-3edd699e17ae,4EVGGsR3X3CU6XUeKu6gXrFGwo5hEQgA1bzBoCGgpump,2026-09-03 13:05:31.557522+00,3.212e-06,3163.68,3167,{},"{""total"": 19.5, ""market"": 30.0, ""wallet"": 0.0, ""momentum"": 0.0, ""security"": 20.0, ""liquidity"": 25.0, ""data_quality"": 100.0}"
55d2f49e-e135-481a-9883-434eb993a531,4YiRcFFUcmkjQp8R87mZJvtNRZbzYvgP3n3tnVBapump,2026-09-03 13:05:33.401892+00,2.804e-06,,2804.75,{},"{""total"": 12.5, ""market"": 30.0, ""wallet"": 0.0, ""momentum"": 0.0, ""security"": 20.0, ""liquidity"": 0.0, ""data_quality"": 60.0}"
43a6e351-4dcb-4ca3-ac6b-d11662c9c319,CUnwTKdCPMGghbciEuBcS4T1w2zYv25rrCq8z1cvpump,2026-09-03 13:05:35.385187+00,3.508e-06,3212.32,2517,{},"{""total"": 24.5, ""market"": 30.0, ""wallet"": 0.0, ""momentum"": 0.0, ""security"": 20.0, ""liquidity"": 50.0, ""data_quality"": 100.0}"
ee714d1a-0c1f-4411-814b-b179ff70a721,9gyMnBvZTQi8ZrSWBeSKPkRjAweQhsrwHSoMDz6KtKaa,2026-09-03 13:05:37.197862+00,2.83e-06,,2830.64,{},"{""total"": 12.5, ""market"": 30.0, ""wallet"": 0.0, ""momentum"": 0.0, ""security"": 20.0, ""liquidity"": 0.0, ""data_quality"": 60.0}"
da168ef9-12dc-45cf-b892-4739e9407abf,C7nPqs1zLqBMxybaBorzD1jau2Stwv4H7ipEVw9gpump,2026-09-03 13:05:39.067684+00,4.29e-06,,4290.33,{},"{""total"": 12.5, ""market"": 30.0, ""wallet"": 0.0, ""momentum"": 0.0, ""security"": 20.0, ""liquidity"": 0.0, ""data_quality"": 60.0}"
92b905c5-c164-4da3-b820-6fa80ad41061,eqnidra8rp8UttMDx67GrWuHjKuzkiayEsXB9wBpump,2026-09-03 13:05:41.016844+00,1.196e-05,,11965.91,{},"{""total"": 20.2, ""market"": 30.0, ""wallet"": 15.0, ""momentum"": 15.0, ""security"": 30.0, ""liquidity"": 0.0, ""data_quality"": 60.0}"
7a522fd9-ea9e-41a4-9169-aa223da8eb5f,HTxbgkRZ4CkioKebc4Dj3K4BhfpGVtcW8JK867i5oyYU,2026-09-03 13:05:42.834767+00,2.99e-06,,2990.45,{},"{""total"": 12.5, ""market"": 30.0, ""wallet"": 0.0, ""momentum"": 0.0, ""security"": 20.0, ""liquidity"": 0.0, ""data_quality"": 60.0}"
b6d0492b-3904-4db6-8854-1b29d9384283,HQEm36fjBb9vCa4ngMSrUyMi5ijRUgLABU8P2YJJpump,2026-09-03 13:05:44.644291+00,3.069e-05,,30693.69,{},"{""total"": 39.5, ""market"": 50.0, ""wallet"": 30.0, ""momentum"": 60.0, ""security"": 50.0, ""liquidity"": 0.0, ""data_quality"": 60.0}"
400e2ab9-c9f0-4166-bd4a-6b3622bb9b89,JAXDPeV7FkZ9niKckjLEoX7WixGf5SJR3TprmDcswr1d,2026-09-03 13:05:46.444146+00,0.0001583,36984,158381,{},"{""total"": 54.2, ""market"": 45.0, ""wallet"": 60.0, ""momentum"": 0.0, ""security"": 70.0, ""liquidity"": 80.0, ""data_quality"": 100.0}"
ee87446c-28cd-4408-a713-05e714e9dc59,DGxNfqdqQLxCdrNZrbcA9AutX2cobj7Nx4dpJmDVpump,2026-09-03 13:05:48.400058+00,2.416e-06,2771.02,2387,{},"{""total"": 19.5, ""market"": 30.0, ""wallet"": 0.0, ""momentum"": 0.0, ""security"": 20.0, ""liquidity"": 25.0, ""data_quality"": 100.0}"
e3d75c6c-7be4-45e2-8cad-e3aa84a18a7a,GaCoj6Ft8Uu6pc2rUviXzTwAtazum3dDc6tFTA8Vpump,2026-09-03 13:05:50.246639+00,3.634e-06,,3634.26,{},"{""total"": 12.5, ""market"": 30.0, ""wallet"": 0.0, ""momentum"": 0.0, ""security"": 20.0, ""liquidity"": 0.0, ""data_quality"": 60.0}"
3c348dd1-5082-4639-ab16-dd239063f2cc,39XNfvzXq89BKWx4sM6gZna7kWnxvVrnXrmEmaJhpump,2026-09-03 13:05:52.186689+00,2.291e-06,2336.05,2213,{},"{""total"": 19.5, ""market"": 30.0, ""wallet"": 0.0, ""momentum"": 0.0, ""security"": 20.0, ""liquidity"": 25.0, ""data_quality"": 100.0}"
a6c25d77-c55a-4604-ae47-b5ba062c5b96,6npD7JFinCDKedYm5Tfi9h3u7NFSt3KYdCt2PyAFpump,2026-09-03 13:05:54.156886+00,2.906e-06,,2906.98,{},"{""total"": 12.5, ""market"": 30.0, ""wallet"": 0.0, ""momentum"": 0.0, ""security"": 20.0, ""liquidity"": 0.0, ""data_quality"": 60.0}"
4ab1294e-d130-4a73-8969-04b901635aab,CHn3zYfh2MVLCwhu2B73eZk1B1BQnBtrmJ89J4aQpump,2026-09-03 13:05:56.091769+00,2.853e-06,,2853.2,{},"{""total"": 12.5, ""market"": 30.0, ""wallet"": 0.0, ""momentum"": 0.0, ""security"": 20.0, ""liquidity"": 0.0, ""data_quality"": 60.0}"
f8542de6-c1a8-4253-917a-c1a5d734bdf8,HqrKm4mLL99zkKBkbdwAHzVCMm2Te72dbH6PDyrVpump,2026-09-03 13:05:57.948854+00,4.553e-06,,4553.49,{},"{""total"": 12.5, ""market"": 30.0, ""wallet"": 0.0, ""momentum"": 0.0, ""security"": 20.0, ""liquidity"": 0.0, ""data_quality"": 60.0}"
1acdf905-af4f-4f13-aec2-7e5de7bdab8b,96Bmof5NVfchK2cKXZjaKJAZRAT2DVebMWHsAh6Cpump,2026-09-03 13:05:59.816875+00,2.037e-06,2032.37,1948,{},"{""total"": 22.5, ""market"": 30.0, ""wallet"": 0.0, ""momentum"": 0.0, ""security"": 20.0, ""liquidity"": 40.0, ""data_quality"": 100.0}"
0ca44a4c-344a-40d7-9cc3-a9885597c37f,9A4dAuE1jud9cuFAze8teepCmJbed29ALsfgJMorpump,2026-09-03 13:06:01.666583+00,2.074e-06,2179.83,2007,{},"{""total"": 24.5, ""market"": 30.0, ""wallet"": 0.0, ""momentum"": 0.0, ""security"": 20.0, ""liquidity"": 50.0, ""data_quality"": 100.0}"
9e4e5f3c-6e19-4fee-9675-35d85e184891,2VTWzALAyGsH7exbmA8oqHLw9kSjgTaiiE2PnGfpZCnL,2026-09-03 13:06:03.491316+00,1.393e-06,1599.48,1394,{},"{""total"": 18.5, ""market"": 30.0, ""wallet"": 0.0, ""momentum"": 0.0, ""security"": 20.0, ""liquidity"": 20.0, ""data_quality"": 100.0}"
477b5b56-6db7-4673-82dc-75e087a58bc9,8xDVUokXPGDUDcooFkcUpZ1HL58K5QjfACJhPDo1PpDg,2026-09-03 13:06:05.330683+00,1.685e-05,9420.04,16001,{},"{""total"": 32.8, ""market"": 65.0, ""wallet"": 0.0, ""momentum"": 15.0, ""security"": 40.0, ""liquidity"": 25.0, ""data_quality"": 100.0}"
69940fa3-3870-46c6-857a-a40796a8b5b7,GZ7R7WSrDGhUAp6oH55k5UxWt5jhHoiiUu88rphXpump,2026-09-03 13:06:07.180198+00,3.084e-06,,3084.59,{},"{""total"": 12.5, ""market"": 30.0, ""wallet"": 0.0, ""momentum"": 0.0, ""security"": 20.0, ""liquidity"": 0.0, ""data_quality"": 60.0}"
47bb7c54-3a14-4231-be6d-d41445a74895,ZAgEZP9RbYiEESgH9mYJ14Rcvkbm6guYTqCbXxupump,2026-09-03 13:06:09.075331+00,2.03e-06,2179.34,2001,{},"{""total"": 24.5, ""market"": 30.0, ""wallet"": 0.0, ""momentum"": 0.0, ""security"": 20.0, ""liquidity"": 50.0, ""data_quality"": 100.0}"
ee2d6b1d-16d3-4509-9d22-cfa642536d4d,54gMw1f5X2DMmkaUb6V5PMZZoBxQYN1W6yq9LtKwpump,2026-09-03 13:06:10.905721+00,2.883e-06,,2883.72,{},"{""total"": 12.5, ""market"": 30.0, ""wallet"": 0.0, ""momentum"": 0.0, ""security"": 20.0, ""liquidity"": 0.0, ""data_quality"": 60.0}"
ab81d2ea-d0b5-4cd5-a0fe-2adbee510fa4,6w8VHx63RJ74AQvMbStk7fatPbaDgAj9b7k7B74vpump,2026-09-03 13:06:12.793999+00,2.721e-06,2629.1,2514,{},"{""total"": 19.5, ""market"": 30.0, ""wallet"": 0.0, ""momentum"": 0.0, ""security"": 20.0, ""liquidity"": 25.0, ""data_quality"": 100.0}"
958fdcd1-574a-4cf2-823c-199db8552574,FpS5of6eNLQpEGMaUQcSmdWoSoRewXJw9rZZwD61pump,2026-09-03 13:06:14.82521+00,4.892e-06,,4892.65,{},"{""total"": 12.5, ""market"": 30.0, ""wallet"": 0.0, ""momentum"": 0.0, ""security"": 20.0, ""liquidity"": 0.0, ""data_quality"": 60.0}"
dfad15e6-c2f0-4362-ae48-cb7683865420,BPV8KZF87PSQq9C57YRtkdcuZhWgR9cuUtt1xGDRpump,2026-09-03 13:06:16.672193+00,9.378e-06,,9378.67,{},"{""total"": 17.2, ""market"": 30.0, ""wallet"": 15.0, ""momentum"": 0.0, ""security"": 30.0, ""liquidity"": 0.0, ""data_quality"": 60.0}"
7ff43c82-6158-43aa-b35f-5db6222ca665,FgRgwauQLYscbN4z5D8osPR516g2uEc6aUDajqH5pump,2026-09-03 13:06:18.615304+00,3.066e-06,,3066.35,{},"{""total"": 12.5, ""market"": 30.0, ""wallet"": 0.0, ""momentum"": 0.0, ""security"": 20.0, ""liquidity"": 0.0, ""data_quality"": 60.0}"
40738250-da43-493a-94f9-944ca88d21d4,Mpsj9DSEUT8gJsRfcVjXvvU6y6Vd7WsoczDySiRpump,2026-09-03 13:06:20.45073+00,2.973e-06,,2973.26,{},"{""total"": 12.5, ""market"": 30.0, ""wallet"": 0.0, ""momentum"": 0.0, ""security"": 20.0, ""liquidity"": 0.0, ""data_quality"": 60.0}"
53609b0f-30d8-432c-b31b-21b2268b31b1,CBftYjJC7XEwh1r2hD87zsLudwAb7Y3TyUvWcacXpump,2026-09-03 13:06:22.372396+00,3.154e-06,,3154.05,{},"{""total"": 12.5, ""market"": 30.0, ""wallet"": 0.0, ""momentum"": 0.0, ""security"": 20.0, ""liquidity"": 0.0, ""data_quality"": 60.0}"
8f0935cb-5f26-4fce-89b4-cf722e8c6536,CnyoWoCMxMv3ZaegyDHhndukdJQdri9kLw5vCZTwpump,2026-09-03 13:06:24.29766+00,2.805e-06,,2805.5,{},"{""total"": 12.5, ""market"": 30.0, ""wallet"": 0.0, ""momentum"": 0.0, ""security"": 20.0, ""liquidity"": 0.0, ""data_quality"": 60.0}"
8fc3a303-eee5-4216-b492-6b1be2b9ae19,3mCqbh9trfpuyYN8LogtYHXJmr2XAwSi9AhHKHe6n9XZ,2026-09-03 13:06:26.168768+00,3.201e-06,,3201.61,{},"{""total"": 12.5, ""market"": 30.0, ""wallet"": 0.0, ""momentum"": 0.0, ""security"": 20.0, ""liquidity"": 0.0, ""data_quality"": 60.0}"
005c2190-4053-4689-bb14-5c5346410815,Ae6iVUoV1z7MTNkBCRr3eawpw2cJRddiKP4ADy31pump,2026-09-03 13:06:28.163293+00,7.597e-06,,7597.83,{},"{""total"": 17.2, ""market"": 30.0, ""wallet"": 15.0, ""momentum"": 0.0, ""security"": 30.0, ""liquidity"": 0.0, ""data_quality"": 60.0}"
3a19e5cb-14c3-4650-99a9-d93ee8f63f90,GUbabaigWXb5GiMvUCA3QpZskxLMftSzw69qFfeSpump,2026-09-03 13:06:30.349765+00,1.916e-06,1985.31,1885,{},"{""total"": 20.5, ""market"": 30.0, ""wallet"": 0.0, ""momentum"": 0.0, ""security"": 20.0, ""liquidity"": 30.0, ""data_quality"": 100.0}"
78d07e8f-9cc7-4662-8da7-31413a572467,ugz49BvFW3yUxVjRAF1DgScSkQBWViLuK78zkW5pump,2026-09-03 13:06:32.906741+00,4.389e-06,3825.67,4083,{},"{""total"": 19.5, ""market"": 30.0, ""wallet"": 0.0, ""momentum"": 0.0, ""security"": 20.0, ""liquidity"": 25.0, ""data_quality"": 100.0}"
0bbf9400-f324-4efa-a821-7829ad320fc5,6Lqd9nRXgaFh6XgmrpdoHX1GxXs7kBooWm3GPvbwpump,2026-09-03 13:06:35.418817+00,2.307e-06,2408.79,2217,{},"{""total"": 24.5, ""market"": 30.0, ""wallet"": 0.0, ""momentum"": 0.0, ""security"": 20.0, ""liquidity"": 50.0, ""data_quality"": 100.0}"
6da11a4f-d38b-4bd8-be36-744deddf1551,Hk6HyH1vufV3BvivXYfpUu2DS9itTGVtGC5q41Uhpump,2026-09-03 13:06:37.899583+00,3.464e-06,3317.87,3357,{},"{""total"": 24.5, ""market"": 30.0, ""wallet"": 0.0, ""momentum"": 0.0, ""security"": 20.0, ""liquidity"": 50.0, ""data_quality"": 100.0}"
6a50dab5-fd83-43a0-b821-bb3ccc8ed494,2oMXVGgkdfRpVNgRePiZXDobjYdW9uEnWmYVXutopump,2026-09-03 13:06:40.449357+00,3.235e-06,,3235.53,{},"{""total"": 12.5, ""market"": 30.0, ""wallet"": 0.0, ""momentum"": 0.0, ""security"": 20.0, ""liquidity"": 0.0, ""data_quality"": 60.0}"
309f8a69-b453-4c1c-90b5-60b802a05479,3BH2e41XbJadAbCETXqTUmsvSbR5rxeNMxTU6JcKQ8mD,2026-09-03 13:06:42.973595+00,3.229e-06,3124.78,3045,{},"{""total"": 19.5, ""market"": 30.0, ""wallet"": 0.0, ""momentum"": 0.0, ""security"": 20.0, ""liquidity"": 25.0, ""data_quality"": 100.0}"
f0671f85-9bf7-4153-9b23-3a68d2372adb,34icVj6hyw5rUu6SXdemLTLzV6uodiCfDzWVSmxLpump,2026-09-03 13:06:45.421452+00,2.828e-06,,2828.64,{},"{""total"": 12.5, ""market"": 30.0, ""wallet"": 0.0, ""momentum"": 0.0, ""security"": 20.0, ""liquidity"": 0.0, ""data_quality"": 60.0}"
7ed14971-1ea9-4a95-8341-1221284ee4a0,BXQbXYAE4J7jjhR9XS8S3PAoMHprQ8FoUagFDbhgpump,2026-09-03 13:06:47.970806+00,3.761e-06,3403.31,3351,{},"{""total"": 24.5, ""market"": 30.0, ""wallet"": 0.0, ""momentum"": 0.0, ""security"": 20.0, ""liquidity"": 50.0, ""data_quality"": 100.0}"
278917e6-7ec4-4f0b-b327-1b36b0e5e49e,5sZ5ZN8r4JMWHoBeoYrTfnTgD6C5uoKUag5Aqx6zpump,2026-09-03 13:06:50.339581+00,2.931e-06,,2931.07,{},"{""total"": 12.5, ""market"": 30.0, ""wallet"": 0.0, ""momentum"": 0.0, ""security"": 20.0, ""liquidity"": 0.0, ""data_quality"": 60.0}"
4a78bd15-6517-4315-8ffa-1eb089a75dae,HY8VSijYgZTfKLceYYVj5ZFzxTY1cgBD8FeN3echpump,2026-09-03 13:06:52.977817+00,2.829e-06,,2829.14,{},"{""total"": 12.5, ""market"": 30.0, ""wallet"": 0.0, ""momentum"": 0.0, ""security"": 20.0, ""liquidity"": 0.0, ""data_quality"": 60.0}"
049fe143-a0c6-4df6-b1f6-1f2a20743d30,H4cNyJDjDHpke6z9xfDpYPkBU49xB16Uqf5JQ6Dipump,2026-09-03 13:06:55.47186+00,2.91e-06,,2910.7,{},"{""total"": 12.5, ""market"": 30.0, ""wallet"": 0.0, ""momentum"": 0.0, ""security"": 20.0, ""liquidity"": 0.0, ""data_quality"": 60.0}"
1fa2d22f-b8d8-4263-9edc-17e5110bb2cf,DaHGnhzLWZLfFUcnKVd73MF2ynkTiSyC9gRm7mYpump,2026-09-03 13:06:57.837695+00,2.884e-06,,2884.57,{},"{""total"": 12.5, ""market"": 30.0, ""wallet"": 0.0, ""momentum"": 0.0, ""security"": 20.0, ""liquidity"": 0.0, ""data_quality"": 60.0}"
b687888f-689c-4b21-b5f6-1d5072621c7b,HVmMDtGcUPH3rHpjeu44kJ2jb6S15jTib8h58g3Gpump,2026-09-03 13:07:00.326429+00,2.033e-06,2221.05,2005,{},"{""total"": 26.5, ""market"": 30.0, ""wallet"": 0.0, ""momentum"": 0.0, ""security"": 20.0, ""liquidity"": 60.0, ""data_quality"": 100.0}"
1e871f5c-4282-41df-8d92-1a4c87406323,8QCfSRQBFNwUS6u5EFkDmNjChUZGp8ufDi72GQ5hpump,2026-09-03 13:07:02.860779+00,3.606e-06,3292.11,3181,{},"{""total"": 19.5, ""market"": 30.0, ""wallet"": 0.0, ""momentum"": 0.0, ""security"": 20.0, ""liquidity"": 25.0, ""data_quality"": 100.0}"
8ac2bede-3fe5-480d-a339-69db90e82aeb,5KZUh7teDXkxgTerDQR2io6CtMRky7ybcWstWiBTpump,2026-09-03 13:07:05.48469+00,4.654e-06,,4654.87,{},"{""total"": 12.5, ""market"": 30.0, ""wallet"": 0.0, ""momentum"": 0.0, ""security"": 20.0, ""liquidity"": 0.0, ""data_quality"": 60.0}"
431acc04-3bee-45a5-bb1c-ae8701a145f9,3vn6fEkC6tp9mxyJNQEbmr4VhZ5i9Gh2nwhbDhKzpump,2026-09-03 13:07:07.930681+00,2.633e-06,2675.82,2542,{},"{""total"": 26.5, ""market"": 30.0, ""wallet"": 0.0, ""momentum"": 0.0, ""security"": 20.0, ""liquidity"": 60.0, ""data_quality"": 100.0}"
c52c6364-5b44-41d1-b911-e15351444c3b,4Le4foYoNGdLDJdQ5YG2Spju4xEFdGz6XVhdD37ypump,2026-09-03 13:07:10.46573+00,2.806e-06,,2806.59,{},"{""total"": 12.5, ""market"": 30.0, ""wallet"": 0.0, ""momentum"": 0.0, ""security"": 20.0, ""liquidity"": 0.0, ""data_quality"": 60.0}"
26164757-595b-469a-9ffe-5819ca72fbe6,GojfuKTiXBnFuMbF98g5W8q1byuwkiVchxus3SaMpump,2026-09-03 13:07:13.008744+00,4.472e-06,,4472.84,{},"{""total"": 12.5, ""market"": 30.0, ""wallet"": 0.0, ""momentum"": 0.0, ""security"": 20.0, ""liquidity"": 0.0, ""data_quality"": 60.0}"
b44766ea-78b5-4570-906f-06471ff347a2,9hMGXfFkxY3Pu5q6oNwTHGeCnXfFrkweZdvk1BfQpump,2026-09-03 13:07:15.48793+00,2.985e-06,,2985.54,{},"{""total"": 12.5, ""market"": 30.0, ""wallet"": 0.0, ""momentum"": 0.0, ""security"": 20.0, ""liquidity"": 0.0, ""data_quality"": 60.0}"
ff8f11b7-33eb-4de7-9c85-768b362065f7,2mWYps9VzsWtBBsm9G3NM7NDC382sHJtuqXqi65dB7Bk,2026-09-03 13:07:18.037883+00,3.003e-06,,3003.87,{},"{""total"": 12.5, ""market"": 30.0, ""wallet"": 0.0, ""momentum"": 0.0, ""security"": 20.0, ""liquidity"": 0.0, ""data_quality"": 60.0}"
342a63eb-6b24-41a0-a57e-e1476c9645f3,2EV7EChMXQTscWtMKQx6DPt5fU9DVEnrvMYjjuaKpump,2026-09-03 13:07:20.426641+00,2.831e-06,,2831.38,{},"{""total"": 12.5, ""market"": 30.0, ""wallet"": 0.0, ""momentum"": 0.0, ""security"": 20.0, ""liquidity"": 0.0, ""data_quality"": 60.0}"
570b3943-9af9-41f9-94b9-c5f177db253b,ByBLSc8GQa3MqjYF2KgXuMBMtRs5rWYaXFGwppZupump,2026-09-03 13:07:22.85657+00,2.867e-06,,2867.14,{},"{""total"": 12.5, ""market"": 30.0, ""wallet"": 0.0, ""momentum"": 0.0, ""security"": 20.0, ""liquidity"": 0.0, ""data_quality"": 60.0}"
a2f9f026-0465-40af-b20f-3549e1c34036,HzWBsJ6qQo7reGHfene1XeA9eeZXNCr3FE93QMTTpump,2026-09-03 13:07:25.463705+00,3.337e-06,3291.77,3204,{},"{""total"": 19.5, ""market"": 30.0, ""wallet"": 0.0, ""momentum"": 0.0, ""security"": 20.0, ""liquidity"": 25.0, ""data_quality"": 100.0}"
8254c66a-2890-4565-8a3f-1ba1846a39a8,43nS2WbBYgwUot7nSWZeik8nCpDkUksDADMwa81Ppump,2026-09-03 13:07:27.956875+00,2.689e-06,2618.95,2567,{},"{""total"": 19.5, ""market"": 30.0, ""wallet"": 0.0, ""momentum"": 0.0, ""security"": 20.0, ""liquidity"": 25.0, ""data_quality"": 100.0}"
146afcd9-874a-4727-ad4e-16fc45f4e1cd,BjdehyoDQKp5dgrv2p1j4daknV6m7DVV9JKzh2Lzpump,2026-09-03 13:07:30.428873+00,3.365e-06,,3365.21,{},"{""total"": 12.5, ""market"": 30.0, ""wallet"": 0.0, ""momentum"": 0.0, ""security"": 20.0, ""liquidity"": 0.0, ""data_quality"": 60.0}"
e2e44491-68b8-4f4c-b64d-ebdce89e1f2e,E3wjzR8bPHv2pYc5Ck7pLi66vRKT8XmzkeFqMtoFpump,2026-09-03 13:07:32.933054+00,7.392e-06,,7392.34,{},"{""total"": 18.0, ""market"": 30.0, ""wallet"": 0.0, ""momentum"": 15.0, ""security"": 30.0, ""liquidity"": 0.0, ""data_quality"": 60.0}"
3d88a114-15cd-47fb-85dd-c3dba283e229,bZHgYjvS1AjBJRDwf2LLH97LHT3sDk6eV33DViBdgq8,2026-09-03 13:07:35.412907+00,3.008e-06,,3008.2,{},"{""total"": 12.5, ""market"": 30.0, ""wallet"": 0.0, ""momentum"": 0.0, ""security"": 20.0, ""liquidity"": 0.0, ""data_quality"": 60.0}"
4b462246-7ff2-4803-8adb-80d25968f940,Gd5JcKzFfDDUr8vjjgqMeYQZKWW8ZzDWYQQogWjQpump,2026-09-03 13:07:37.839863+00,3.07e-06,,3070.1,{},"{""total"": 12.5, ""market"": 30.0, ""wallet"": 0.0, ""momentum"": 0.0, ""security"": 20.0, ""liquidity"": 0.0, ""data_quality"": 60.0}"
d5b84bb9-d0ed-47e6-92bf-7af2cc9959f8,5gwYEP7Zf7VLUvvEyXqHzCUbTAJAf8rYvmH7GbSmpump,2026-09-03 13:07:40.397516+00,2.889e-06,,2889.42,{},"{""total"": 12.5, ""market"": 30.0, ""wallet"": 0.0, ""momentum"": 0.0, ""security"": 20.0, ""liquidity"": 0.0, ""data_quality"": 60.0}"
99c03059-ac3b-4827-92f5-3992b8c91233,8yn9BwwDUvb8fCozrtza5bEgiGLFdpwtLJKXt2sHpump,2026-09-03 13:07:42.84089+00,2.106e-06,2313.76,2053,{},"{""total"": 24.5, ""market"": 30.0, ""wallet"": 0.0, ""momentum"": 0.0, ""security"": 20.0, ""liquidity"": 50.0, ""data_quality"": 100.0}"
7efe1f89-b9d0-4d8b-9ab5-94af281964f2,Hf8msFKLGJu6wUc4NsNFHafmh4K8LFW2qy8ZmT4vpump,2026-09-03 13:07:45.454292+00,2.351e-06,2317.97,2233,{},"{""total"": 24.5, ""market"": 30.0, ""wallet"": 0.0, ""momentum"": 0.0, ""security"": 20.0, ""liquidity"": 50.0, ""data_quality"": 100.0}"
76c0b9f7-68a6-4bbc-b14d-55415a834f2e,EsJUp6aEgFzqPoqM6mLPDJ1KmCkqA7zGXp4QSjkJFaZF,2026-09-03 13:07:47.981439+00,2.959e-06,,2959.11,{},"{""total"": 12.5, ""market"": 30.0, ""wallet"": 0.0, ""momentum"": 0.0, ""security"": 20.0, ""liquidity"": 0.0, ""data_quality"": 60.0}"
7147cefd-2514-4005-8ce4-128a39638e30,28qTgAWraGg5ziXjTHm6ArDAvNBV9W3B2Y6DgYJTpump,2026-09-03 13:07:50.419955+00,2.256e-06,2243,2149,{},"{""total"": 24.5, ""market"": 30.0, ""wallet"": 0.0, ""momentum"": 0.0, ""security"": 20.0, ""liquidity"": 50.0, ""data_quality"": 100.0}"
9d961d1e-0c87-49b6-acf7-011db45b5bf7,7Q2PF5cJg6nwm97GhiyQ6FFrxEEnXC7P9S5hPp9Zpump,2026-09-03 13:07:52.910368+00,2.867e-06,,2867.3,{},"{""total"": 12.5, ""market"": 30.0, ""wallet"": 0.0, ""momentum"": 0.0, ""security"": 20.0, ""liquidity"": 0.0, ""data_quality"": 60.0}"
c746a393-743c-406e-bc6b-78da9b38805d,Ephzcbbtna99giZwCXtxSFviycVgbtAny1CDVuTdpump,2026-09-03 13:07:55.477331+00,2.629e-06,2547.5,2452,{},"{""total"": 19.5, ""market"": 30.0, ""wallet"": 0.0, ""momentum"": 0.0, ""security"": 20.0, ""liquidity"": 25.0, ""data_quality"": 100.0}"
149d8b53-1eac-4f5b-96c2-7263ea766df5,P3Eb2GNkvb3Dp8oWYXKMJMWPHeMcUG6uGeB12aupump,2026-09-03 13:07:57.955991+00,2.824e-06,,2824.79,{},"{""total"": 12.5, ""market"": 30.0, ""wallet"": 0.0, ""momentum"": 0.0, ""security"": 20.0, ""liquidity"": 0.0, ""data_quality"": 60.0}"
92ca656a-d5ac-440b-a291-043784ee8a06,K3Li2jWiQ1NQi7LsxDW1wFZT7cv3K1W84UR7TVepump,2026-09-03 13:08:00.356387+00,2.034e-06,2143.62,2006,{},"{""total"": 19.5, ""market"": 30.0, ""wallet"": 0.0, ""momentum"": 0.0, ""security"": 20.0, ""liquidity"": 25.0, ""data_quality"": 100.0}"
f48019b2-83cb-4686-b9fb-87083a486aac,JAuN3RKZR9KSKdmBCH83VXGmTvkbobuLrawZ5G3upump,2026-09-03 13:08:02.817708+00,8.827e-05,25601.94,87278,{},"{""total"": 54.8, ""market"": 65.0, ""wallet"": 75.0, ""momentum"": 15.0, ""security"": 75.0, ""liquidity"": 35.0, ""data_quality"": 100.0}"
9ef93bbc-46c3-435c-ab80-4ec9a483564a,FSvjwqWJoYCcRp2gvATGjSVzPQxNkRr4MNKzrdKupump,2026-09-03 13:08:05.312049+00,2.019e-06,2229.14,1990,{},"{""total"": 26.5, ""market"": 30.0, ""wallet"": 0.0, ""momentum"": 0.0, ""security"": 20.0, ""liquidity"": 60.0, ""data_quality"": 100.0}"
147f4452-a034-483f-bd6b-694c4271780a,AHAzrLgX9nwtMtUvkGVHg2xvtMaopKt6gVe3a3E4DaxR,2026-09-03 13:08:07.970907+00,2.183e-06,2217.75,2087,{},"{""total"": 24.5, ""market"": 30.0, ""wallet"": 0.0, ""momentum"": 0.0, ""security"": 20.0, ""liquidity"": 50.0, ""data_quality"": 100.0}"
d7dc5569-59d2-4eba-9f71-21db56799cfd,6zSqTexgmm25guNRjXUv3ZiGrzV94kodXrNcJ4T3stok,2026-09-03 13:08:10.460186+00,2.399e-06,4154.98,2361,{},"{""total"": 26.5, ""market"": 30.0, ""wallet"": 0.0, ""momentum"": 0.0, ""security"": 20.0, ""liquidity"": 60.0, ""data_quality"": 100.0}"
6fd1720a-a131-41b4-93a4-3ed629311901,FgoCy7MTA9zymaY9YXFZ7quwsjtoBi7fvUp4jn7apump,2026-09-03 13:08:12.931723+00,3.463e-06,,3463.2,{},"{""total"": 12.5, ""market"": 30.0, ""wallet"": 0.0, ""momentum"": 0.0, ""security"": 20.0, ""liquidity"": 0.0, ""data_quality"": 60.0}"
71da5474-b9c8-48be-9736-63f589ae818e,EDY1j37JHSYbfaDXAAKfB5zhy7n5MqnAQTQd1GSLpump,2026-09-03 13:08:15.449264+00,2.389e-06,2347.88,2123,{},"{""total"": 24.5, ""market"": 30.0, ""wallet"": 0.0, ""momentum"": 0.0, ""security"": 20.0, ""liquidity"": 50.0, ""data_quality"": 100.0}"
55837dbb-8424-42e9-8ab9-0c9be59e0ffc,33shNmhNU1FjtAjVmNPD2FR9Kuk2uMTHFgyYjaPtpump,2026-09-03 13:08:17.92568+00,2.822e-06,,2822.17,{},"{""total"": 12.5, ""market"": 30.0, ""wallet"": 0.0, ""momentum"": 0.0, ""security"": 20.0, ""liquidity"": 0.0, ""data_quality"": 60.0}"
83b8b3a3-8a4f-46aa-9a62-62c5511defa0,9M6UYDWNX7Q16smL796mkKSCCb4dEmcmFLLEBJZspump,2026-09-03 13:08:20.462882+00,2.826e-06,,2826.55,{},"{""total"": 12.5, ""market"": 30.0, ""wallet"": 0.0, ""momentum"": 0.0, ""security"": 20.0, ""liquidity"": 0.0, ""data_quality"": 60.0}"
05e16c8c-63f4-4583-b9c6-b0f3444af22f,Ck377NeTAQ1ayhBtNjm3umscNkpekBtcJHjPJrtNpump,2026-09-03 13:08:22.962026+00,7.329e-06,5607.35,6969,{},"{""total"": 19.5, ""market"": 30.0, ""wallet"": 0.0, ""momentum"": 0.0, ""security"": 20.0, ""liquidity"": 25.0, ""data_quality"": 100.0}"
d408d455-c8e5-49e3-ba6b-2d4e92b2ce84,AykP15ZuLonepva4Hm5YvPC56zJ32Rdju2gScKwRpump,2026-09-03 13:08:25.451251+00,7.407e-06,,7407.41,{},"{""total"": 12.5, ""market"": 30.0, ""wallet"": 0.0, ""momentum"": 0.0, ""security"": 20.0, ""liquidity"": 0.0, ""data_quality"": 60.0}"
23c87d1a-5955-4f27-9766-1df8869e81a7,3tnzx2WWX5fhvZH9pc5TjP247E5ufR4uG48wPn6Dpump,2026-09-03 13:08:27.927736+00,2.604e-06,2539.7,2422,{},"{""total"": 24.5, ""market"": 30.0, ""wallet"": 0.0, ""momentum"": 0.0, ""security"": 20.0, ""liquidity"": 50.0, ""data_quality"": 100.0}"
fda7ceb8-d26f-45d0-88ff-ff6bcd4f109e,2r6pXr3kiu1rhpDYJHbf2DjvWhuAdZvcKXnynME8pump,2026-09-03 13:08:30.403345+00,2.87e-06,,2870.32,{},"{""total"": 12.5, ""market"": 30.0, ""wallet"": 0.0, ""momentum"": 0.0, ""security"": 20.0, ""liquidity"": 0.0, ""data_quality"": 60.0}"
0263e976-4ae7-4e47-9bd9-1bbe19b4c6dc,13NdXgxxrxhjhJ7BPr7MGT5GjDJXn6A4NMZHowpMpump,2026-09-03 13:08:32.884513+00,2.924e-06,,2924.12,{},"{""total"": 12.5, ""market"": 30.0, ""wallet"": 0.0, ""momentum"": 0.0, ""security"": 20.0, ""liquidity"": 0.0, ""data_quality"": 60.0}"
8104245b-5ba2-4cad-9955-51ab23dc79eb,HUQ8tBGdgq2uUDcUPxUyiXaxf4Ytvprv8AhYkeh1pump,2026-09-03 13:08:35.437135+00,2.995e-06,,2995.92,{},"{""total"": 12.5, ""market"": 30.0, ""wallet"": 0.0, ""momentum"": 0.0, ""security"": 20.0, ""liquidity"": 0.0, ""data_quality"": 60.0}"
18cf6113-cfbc-4d0c-b090-0322a8399f39,DRMmkdvdnCxdPqqwxZkSnwiTEsF2czW361BwE8fhFdex,2026-09-03 13:08:37.977527+00,2.94e-06,2868.57,2788,{},"{""total"": 19.5, ""market"": 30.0, ""wallet"": 0.0, ""momentum"": 0.0, ""security"": 20.0, ""liquidity"": 25.0, ""data_quality"": 100.0}"
c3df9114-36d0-46a4-9162-c7bd328da6b8,NjGzCD9aJhiUAixHnSh5GqHnSxoAPKsvLjzchQ8pump,2026-09-03 13:08:40.424637+00,2.588e-06,2532.92,2191,{},"{""total"": 26.5, ""market"": 30.0, ""wallet"": 0.0, ""momentum"": 0.0, ""security"": 20.0, ""liquidity"": 60.0, ""data_quality"": 100.0}"
7b0e01ab-02d4-49d6-bd5f-3c03c6b98832,GGpRUMfk4YNeYn84YJ4iKPxzWCdu6xTKZLqmqUTLpump,2026-09-03 13:08:42.918629+00,2.426e-06,2378.8,2140,{},"{""total"": 24.5, ""market"": 30.0, ""wallet"": 0.0, ""momentum"": 0.0, ""security"": 20.0, ""liquidity"": 50.0, ""data_quality"": 100.0}"
e588bbfa-d7cc-45b0-86dd-7edcd3475d9e,7Q59LtM8TMVCysdjCAd1r5s3hKxvzRc9mjTNUsdcpump,2026-09-03 13:08:45.29704+00,4.008e-06,3605.11,3831,{},"{""total"": 29.5, ""market"": 30.0, ""wallet"": 0.0, ""momentum"": 15.0, ""security"": 20.0, ""liquidity"": 60.0, ""data_quality"": 100.0}"
de65d8ed-2376-4aeb-8690-9959590f9464,4dmxsK1t1Fz6eTiH3p35K8gdB2hpSXmMFe1w1mWBpump,2026-09-03 13:08:47.961863+00,1.992e-06,2023.43,1915,{},"{""total"": 26.5, ""market"": 30.0, ""wallet"": 0.0, ""momentum"": 0.0, ""security"": 20.0, ""liquidity"": 60.0, ""data_quality"": 100.0}"
7103e161-af7b-4b49-aecf-0339e8ba7988,9LHNJercroLqBMfq2V2Dmx3VmF5CR8n1Nn1ctipspump,2026-09-03 13:08:50.423991+00,2.849e-06,,2849.28,{},"{""total"": 12.5, ""market"": 30.0, ""wallet"": 0.0, ""momentum"": 0.0, ""security"": 20.0, ""liquidity"": 0.0, ""data_quality"": 60.0}"
c1fc65b0-f7a9-40c2-af9d-627868e97905,DHtaU4F9k9YdhmSY6aFvABgHKVJXqiMXv9GXwAzuGbgN,2026-09-03 13:08:52.948302+00,2.965e-06,,2965.08,{},"{""total"": 12.5, ""market"": 30.0, ""wallet"": 0.0, ""momentum"": 0.0, ""security"": 20.0, ""liquidity"": 0.0, ""data_quality"": 60.0}"
3abbe680-4e07-44e5-a87b-971939f36980,27tbGc7DGrjnA3sz1XZgd524pCtmrLFWTfJaNutvLNKR,2026-09-03 13:08:55.33276+00,1.979e-05,,19793.01,{},"{""total"": 12.5, ""market"": 30.0, ""wallet"": 0.0, ""momentum"": 0.0, ""security"": 20.0, ""liquidity"": 0.0, ""data_quality"": 60.0}"
7c0d9c74-86e4-4cb4-878b-fa7222d4ddb5,EwJi9RdHKTf6wq2qD3Z3Yn4vh42kKuMyXAZzKMKipump,2026-09-03 13:08:57.941528+00,2.884e-06,2876.94,2809,{},"{""total"": 24.5, ""market"": 30.0, ""wallet"": 0.0, ""momentum"": 0.0, ""security"": 20.0, ""liquidity"": 50.0, ""data_quality"": 100.0}"
9426e144-cb62-469f-bd6a-a4c7429d532e,9gDAFjCfxPVcMrJMpQu4zEpuPRRKQdX93MBUWnjApump,2026-09-03 13:09:00.404439+00,6.331e-06,,6331.79,{},"{""total"": 12.5, ""market"": 30.0, ""wallet"": 0.0, ""momentum"": 0.0, ""security"": 20.0, ""liquidity"": 0.0, ""data_quality"": 60.0}"
d4d69f09-bb07-4158-a1f7-3f2d63fda381,75mRwR45Wb5UDTgazRYBzzKyF6nFNxVjVHffR8t7pump,2026-09-03 13:09:02.934135+00,2.967e-06,2826.06,2677,{},"{""total"": 24.5, ""market"": 30.0, ""wallet"": 0.0, ""momentum"": 0.0, ""security"": 20.0, ""liquidity"": 50.0, ""data_quality"": 100.0}"
2696168f-00b1-4598-93dd-a6e06e92455a,Hs7N63fmuC2yBp6LAnoHkFwfHu2n4eCf3AEWDAtnpump,2026-09-03 13:09:05.432293+00,2.365e-06,2335.9,2097,{},"{""total"": 24.5, ""market"": 30.0, ""wallet"": 0.0, ""momentum"": 0.0, ""security"": 20.0, ""liquidity"": 50.0, ""data_quality"": 100.0}"
02ccd5d8-c09c-41da-93a6-379ff0586135,HvvnKT6zZiS8Kkd3ZMhr73M1KiYu7QYMNjq3b8Xjpump,2026-09-03 13:09:07.970455+00,2.916e-06,,2916.41,{},"{""total"": 12.5, ""market"": 30.0, ""wallet"": 0.0, ""momentum"": 0.0, ""security"": 20.0, ""liquidity"": 0.0, ""data_quality"": 60.0}"
f34a31dc-1c47-4d1e-a14d-7d2a801f9d38,F6gfM5bsh8Wx8rFsVJpzuYJoZZ5gTUc4WiYAPdAUpump,2026-09-03 13:09:10.445221+00,5.43e-06,,5430.8,{},"{""total"": 12.5, ""market"": 30.0, ""wallet"": 0.0, ""momentum"": 0.0, ""security"": 20.0, ""liquidity"": 0.0, ""data_quality"": 60.0}"
7e9f040b-4aad-4c88-8882-ea4cf9f113e9,EGGxzLiFNcceaoyvQuZH6pGKPQSUW2EihC5YapPdK5yN,2026-09-03 13:09:12.948626+00,5.757e-06,5582.88,5758,{},"{""total"": 26.5, ""market"": 30.0, ""wallet"": 0.0, ""momentum"": 0.0, ""security"": 20.0, ""liquidity"": 60.0, ""data_quality"": 100.0}"
742799ba-975c-4d03-9eed-f8f366962086,HSftPqKfWrJAQ8tw8NVgsnXthc9BnRU9iHR4tthzv9QT,2026-09-03 13:09:15.48023+00,3.1e-06,2936.26,2793,{},"{""total"": 26.5, ""market"": 30.0, ""wallet"": 0.0, ""momentum"": 0.0, ""security"": 20.0, ""liquidity"": 60.0, ""data_quality"": 100.0}"
93105a8a-314a-49fa-9838-b2171e0108ce,8RvUhjZ5MV7hH9XUks4PEGvkQcCPmx6C9Xaqx3uZpump,2026-09-03 13:09:17.847651+00,3.233e-06,,3233.24,{},"{""total"": 12.5, ""market"": 30.0, ""wallet"": 0.0, ""momentum"": 0.0, ""security"": 20.0, ""liquidity"": 0.0, ""data_quality"": 60.0}"
dea96bb9-b0b8-4471-a48b-64fafca5d970,65w6xwuKfhFpj5XVoJEqrfN5xJN6gAkGzVrkzH12LouU,2026-09-03 13:09:20.424428+00,2.9e-06,,2900.15,{},"{""total"": 12.5, ""market"": 30.0, ""wallet"": 0.0, ""momentum"": 0.0, ""security"": 20.0, ""liquidity"": 0.0, ""data_quality"": 60.0}"
0665904c-586f-431c-9040-5dd38b0e9abd,BKDiVXDYd4Y3x1dKRiSHZKShSbu4PRm5sW1PuHgCpump,2026-09-03 13:09:22.978449+00,3.041e-06,,3041.14,{},"{""total"": 12.5, ""market"": 30.0, ""wallet"": 0.0, ""momentum"": 0.0, ""security"": 20.0, ""liquidity"": 0.0, ""data_quality"": 60.0}"
27976ba4-9b49-4b3a-8a01-707fe71ebc80,7sQcnoRsVisys1wUApDqukUmDRJUe1aZ77CaiKwarVbF,2026-09-03 13:09:25.432605+00,2.497e-06,2448.35,2354,{},"{""total"": 24.5, ""market"": 30.0, ""wallet"": 0.0, ""momentum"": 0.0, ""security"": 20.0, ""liquidity"": 50.0, ""data_quality"": 100.0}"
5b600b39-7f88-4b94-a80b-40d64d37dc93,928jRD8A4hcqad24TwrtQuZkrqXUTZKcydH32rZxaCgD,2026-09-03 13:09:27.926309+00,2.313e-06,2321.69,2217,{},"{""total"": 19.5, ""market"": 30.0, ""wallet"": 0.0, ""momentum"": 0.0, ""security"": 20.0, ""liquidity"": 25.0, ""data_quality"": 100.0}"
6f1b1d07-8efb-4189-8764-ac761304f3d7,2HvhMud2Vbjfyydsx5uPhZVpZ3gsq5M7hXzFrZfBpump,2026-09-03 13:09:30.337553+00,2.852e-06,,2852.75,{},"{""total"": 12.5, ""market"": 30.0, ""wallet"": 0.0, ""momentum"": 0.0, ""security"": 20.0, ""liquidity"": 0.0, ""data_quality"": 60.0}"
0214c0a5-e934-4867-b24f-d4adeb7e9a74,8PyYPTa1gEVvk2JQ3LhX1aM7zg8kSAw5qeUyS1Lpump,2026-09-03 13:09:32.890377+00,2.826e-06,,2826.07,{},"{""total"": 12.5, ""market"": 30.0, ""wallet"": 0.0, ""momentum"": 0.0, ""security"": 20.0, ""liquidity"": 0.0, ""data_quality"": 60.0}"
9460d950-fbcf-4644-bd72-83d954923103,7VPrGu8dwLK7YFZu3Z6FmAwRmUqKuBRzBSNvuUvCuNwV,2026-09-03 13:09:35.439415+00,2.838e-06,,2838.37,{},"{""total"": 12.5, ""market"": 30.0, ""wallet"": 0.0, ""momentum"": 0.0, ""security"": 20.0, ""liquidity"": 0.0, ""data_quality"": 60.0}"
e82cabe6-cc99-4e73-b22e-69a27a7b9b14,7psiMbnC4xVRs5vB2BesbSk8myhRZ4d8G29X63QZpump,2026-09-03 13:09:37.943266+00,2.808e-06,,2808.75,{},"{""total"": 12.5, ""market"": 30.0, ""wallet"": 0.0, ""momentum"": 0.0, ""security"": 20.0, ""liquidity"": 0.0, ""data_quality"": 60.0}"
e0f6d368-dc32-45eb-bdd5-738021ae52b0,3PZAe766xNghoLyASMuYgx2mFDW2u3qnsU8MYknQTEwp,2026-09-03 13:09:40.427295+00,4.893e-06,,4893.48,{},"{""total"": 12.5, ""market"": 30.0, ""wallet"": 0.0, ""momentum"": 0.0, ""security"": 20.0, ""liquidity"": 0.0, ""data_quality"": 60.0}"
0f22874a-d207-4fd1-b49c-d61e82efc80b,E94YopQRTBLk91Nq2FJgPWy81dq1bqNaj96otUcgTdE7,2026-09-03 13:09:42.934923+00,3.263e-06,,3263.3,{},"{""total"": 12.5, ""market"": 30.0, ""wallet"": 0.0, ""momentum"": 0.0, ""security"": 20.0, ""liquidity"": 0.0, ""data_quality"": 60.0}"
241118ac-8213-426e-97a8-5031d90db901,RucUi81TqyAxLLSNePYBbP26MNDrCXWrCJsfqKPpump,2026-09-03 13:09:45.424804+00,2.805e-06,,2805.06,{},"{""total"": 12.5, ""market"": 30.0, ""wallet"": 0.0, ""momentum"": 0.0, ""security"": 20.0, ""liquidity"": 0.0, ""data_quality"": 60.0}"
678f2f23-27a2-44dd-b1d7-6485e243e91f,5iWSgThgfajnAsUXeYjnZE2966tdW9kitmHyUuy9pump,2026-09-03 13:09:47.847734+00,3.247e-06,3075.74,3148,{},"{""total"": 24.5, ""market"": 30.0, ""wallet"": 0.0, ""momentum"": 0.0, ""security"": 20.0, ""liquidity"": 50.0, ""data_quality"": 100.0}"
fc604733-5e8f-4629-a2c9-3a29e836bab7,9ykE4HYhijFXhk11CoWBdEBuQ78dYp3qqbFK5oRVpump,2026-09-03 13:09:50.417919+00,3.457e-06,3204.85,3048,{},"{""total"": 24.5, ""market"": 30.0, ""wallet"": 0.0, ""momentum"": 0.0, ""security"": 20.0, ""liquidity"": 50.0, ""data_quality"": 100.0}"
3affd88f-c8a7-4275-9b0b-62305d1521b9,Cd2b8guD4a4fgNng43Wk9sHDJ11tB8ie3EGABjWdpump,2026-09-03 13:09:52.802279+00,9.63e-05,25153.11,94018,{},"{""total"": 69.8, ""market"": 65.0, ""wallet"": 55.0, ""momentum"": 70.0, ""security"": 75.0, ""liquidity"": 70.0, ""data_quality"": 100.0}"
8b81e981-5679-4d84-938c-666a402199e8,5CYBqT5kaoAtJia9ubmDZ7ThSjNDhXERfKhSC2q9pump,2026-09-03 13:09:55.313544+00,2.817e-06,,2817.47,{},"{""total"": 12.5, ""market"": 30.0, ""wallet"": 0.0, ""momentum"": 0.0, ""security"": 20.0, ""liquidity"": 0.0, ""data_quality"": 60.0}"
5ea3d850-c277-4dae-ab1f-890f3fd3a5e8,CSRRgTwf9o5KLgguS2M16aEAhV5PUUzfshrAAQ8opump,2026-09-03 13:09:57.90806+00,0.0002217,39744.67,214535,{},"{""total"": 36.2, ""market"": 45.0, ""wallet"": 0.0, ""momentum"": 15.0, ""security"": 30.0, ""liquidity"": 70.0, ""data_quality"": 100.0}"
9e781d08-1011-4859-a7ac-54c3c30c1b0b,H7aKCfh4uX5do7rE5pRCqfXskuMM4M9T1HAGSEYfpump,2026-09-03 13:10:00.485299+00,3.616e-06,,3616.68,{},"{""total"": 18.5, ""market"": 50.0, ""wallet"": 0.0, ""momentum"": 15.0, ""security"": 20.0, ""liquidity"": 0.0, ""data_quality"": 60.0}"
b0a352b0-cdf9-4391-a890-5c01c4a43f58,B71Lm9jzY8Urkrqf7Td7W8mcRX5ha4mym3UW5JG6pump,2026-09-03 13:10:02.82357+00,2.834e-06,,2834.3,{},"{""total"": 12.5, ""market"": 30.0, ""wallet"": 0.0, ""momentum"": 0.0, ""security"": 20.0, ""liquidity"": 0.0, ""data_quality"": 60.0}"
6c2cb8ab-93ad-48c7-917e-8733f7283abf,93MSmvh53AcGFuBQah25zU1w4MoH6HXdtHx1aqwesXwD,2026-09-03 13:10:05.476329+00,8.542e-06,,8542.47,{},"{""total"": 20.2, ""market"": 30.0, ""wallet"": 15.0, ""momentum"": 15.0, ""security"": 30.0, ""liquidity"": 0.0, ""data_quality"": 60.0}"
6ee08f6f-8aa3-43ef-aa1b-a8346d041ff9,E5YkB2XFsi8GHZ2CLoaowcZeFftsjm1MreMraPbZVGKz,2026-09-03 13:10:07.910472+00,6.552e-06,6450.43,6553,{},"{""total"": 24.5, ""market"": 30.0, ""wallet"": 0.0, ""momentum"": 0.0, ""security"": 20.0, ""liquidity"": 50.0, ""data_quality"": 100.0}"
4881d6c0-1eb9-4475-bf0b-c136ca0d0567,MzuosvncXoJAHaem7JtWoek8NXGojFWyM8ZGwsZpump,2026-09-03 13:10:10.402361+00,2.154e-06,2163.9,2000,{},"{""total"": 24.5, ""market"": 30.0, ""wallet"": 0.0, ""momentum"": 0.0, ""security"": 20.0, ""liquidity"": 50.0, ""data_quality"": 100.0}"
72a0b0e6-7acd-4ebc-b702-77a616cc1cc1,AU92uCTRJVjAW7eSfW5t8asMxqjaPM8v6X9ByZQGZfcJ,2026-09-03 13:10:12.973769+00,2.316e-06,2285.96,2093,{},"{""total"": 24.5, ""market"": 30.0, ""wallet"": 0.0, ""momentum"": 0.0, ""security"": 20.0, ""liquidity"": 50.0, ""data_quality"": 100.0}"
d110f529-539d-4891-910f-8f183c668e5a,3ggU45hkA1h14175yh9z9bxXaYGKoZES7fNEYxUb6hw4,2026-09-03 13:10:15.409089+00,2.805e-06,,2805.77,{},"{""total"": 12.5, ""market"": 30.0, ""wallet"": 0.0, ""momentum"": 0.0, ""security"": 20.0, ""liquidity"": 0.0, ""data_quality"": 60.0}"
ea6db019-afa4-492a-99a8-7c8e56bb0fe9,5PntZAEaNrCKpaHC334b9pATnUELsYE2WRyhdBYMpump,2026-09-03 13:10:17.921378+00,2.82e-06,,2820.64,{},"{""total"": 12.5, ""market"": 30.0, ""wallet"": 0.0, ""momentum"": 0.0, ""security"": 20.0, ""liquidity"": 0.0, ""data_quality"": 60.0}"
fa6d942d-e7a1-4cfa-b3e6-726d98d3c6f9,HRwUUJXBpW9zjY3oUb8cgzqoby3ozpwuSCRW7tUHNdpg,2026-09-03 13:10:20.486429+00,2.997e-06,,2997.9,{},"{""total"": 12.5, ""market"": 30.0, ""wallet"": 0.0, ""momentum"": 0.0, ""security"": 20.0, ""liquidity"": 0.0, ""data_quality"": 60.0}"
133ba152-4e9a-4ddc-81e2-2daca779b77b,3bDHhpewuWbWZcGCgUbmEyvQuhbeaKBKzBuKJgkXpump,2026-09-03 13:10:22.899806+00,2.52e-06,2479.48,2426,{},"{""total"": 24.5, ""market"": 30.0, ""wallet"": 0.0, ""momentum"": 0.0, ""security"": 20.0, ""liquidity"": 50.0, ""data_quality"": 100.0}"
ed8446ea-f7aa-430b-97f5-cd3b83a83a60,HtHME5mpfBa6PT8cc9JULtzYDWTNYX4husuMKsTxpump,2026-09-03 13:10:25.399599+00,1.329e-05,,13296.03,{},"{""total"": 15.0, ""market"": 30.0, ""wallet"": 0.0, ""momentum"": 0.0, ""security"": 30.0, ""liquidity"": 0.0, ""data_quality"": 60.0}"
86a3e412-beab-4417-bd78-a9bb9889a429,JAMgixLafTHLCXp6DZp6vzGcoo7BATtftn5MLNMedjFP,2026-09-03 13:10:27.920809+00,3.406e-06,,3406.14,{},"{""total"": 12.5, ""market"": 30.0, ""wallet"": 0.0, ""momentum"": 0.0, ""security"": 20.0, ""liquidity"": 0.0, ""data_quality"": 60.0}"
62b9be81-06ca-47b8-8336-bbf16f3b89eb,tC4iY6ym1HfvS2RCzVovhJGbf6MkxcXSsuV7Rbbfd7y,2026-09-03 13:10:30.403688+00,2.939e-06,,2939.49,{},"{""total"": 12.5, ""market"": 30.0, ""wallet"": 0.0, ""momentum"": 0.0, ""security"": 20.0, ""liquidity"": 0.0, ""data_quality"": 60.0}"
4dfa6e34-e19f-4604-9c65-38fb9a1682bc,GiaVByahUb73UdNtx46tDtUpBt5XJqLYc7w73RdVpump,2026-09-03 13:10:32.954372+00,2.449e-06,2400.34,2147,{},"{""total"": 24.5, ""market"": 30.0, ""wallet"": 0.0, ""momentum"": 0.0, ""security"": 20.0, ""liquidity"": 50.0, ""data_quality"": 100.0}"
2912d99d-bbd3-4ee4-b306-a4cd395bac87,Ft7Zin87WaHMTsJRz9k9ZsPhfVuTXGbkAxxRui2WZph2,2026-09-03 13:10:35.415884+00,2.842e-06,,2842.05,{},"{""total"": 12.5, ""market"": 30.0, ""wallet"": 0.0, ""momentum"": 0.0, ""security"": 20.0, ""liquidity"": 0.0, ""data_quality"": 60.0}"
4793021a-2cf8-4c20-aab3-bddaceb24e77,EgTDnuUcbAvhS1DdRFqsML9PD5xtBhDQs4uSDs9tpump,2026-09-03 13:10:37.974937+00,2.845e-06,,2845.52,{},"{""total"": 12.5, ""market"": 30.0, ""wallet"": 0.0, ""momentum"": 0.0, ""security"": 20.0, ""liquidity"": 0.0, ""data_quality"": 60.0}"
98ec5912-384f-4c92-a6de-9a730b61e99e,9XnjNoaqgqMkVeNAUwz2xs6jvphyRvxmTDsAqskLdEnA,2026-09-03 13:10:40.414125+00,2.481e-06,2432.98,2233,{},"{""total"": 24.5, ""market"": 30.0, ""wallet"": 0.0, ""momentum"": 0.0, ""security"": 20.0, ""liquidity"": 50.0, ""data_quality"": 100.0}"
3969582a-8653-4efb-939c-8879831248e4,CG8yDDsP5PqhixEbLjZvG2tAxtcfsfxmSVqsx3Kxpump,2026-09-03 13:10:42.879642+00,1.998e-06,2011.41,1930,{},"{""total"": 26.5, ""market"": 30.0, ""wallet"": 0.0, ""momentum"": 0.0, ""security"": 20.0, ""liquidity"": 60.0, ""data_quality"": 100.0}"
b192ca7c-4b5e-4f1c-8e8f-c501ad3c15b5,8R5eqpK7rQofoLnmHNsnBBADDgcGhBNCnr1Ducf2pump,2026-09-03 13:10:45.431642+00,2.436e-06,2467.61,2294,{},"{""total"": 24.5, ""market"": 30.0, ""wallet"": 0.0, ""momentum"": 0.0, ""security"": 20.0, ""liquidity"": 50.0, ""data_quality"": 100.0}"
c6da5734-8c93-4c1e-bc23-c622b2d7dcfa,DYAaCD3sdRpwbf1hFxe8E9AnPHVynGbfnuDEPALKpump,2026-09-03 13:10:47.953114+00,2.634e-06,2556.61,2235,{},"{""total"": 24.5, ""market"": 30.0, ""wallet"": 0.0, ""momentum"": 0.0, ""security"": 20.0, ""liquidity"": 50.0, ""data_quality"": 100.0}"
54c0a2c0-080b-4185-a419-bc1088c54aeb,t1smJzZt9aUEWjaGJYpqStJ3yLYPcqSwaHGh83ubjRP,2026-09-03 13:10:50.499777+00,2.856e-06,,2856.51,{},"{""total"": 12.5, ""market"": 30.0, ""wallet"": 0.0, ""momentum"": 0.0, ""security"": 20.0, ""liquidity"": 0.0, ""data_quality"": 60.0}"
af940bd4-259d-4cf4-9f3d-022ca80e228c,64PAAiijqQACMH3nbWsFtqQ2TZaqrT3WLF2tkbeEpump,2026-09-03 13:10:52.956573+00,3.002e-06,,3002.75,{},"{""total"": 12.5, ""market"": 30.0, ""wallet"": 0.0, ""momentum"": 0.0, ""security"": 20.0, ""liquidity"": 0.0, ""data_quality"": 60.0}"
383144ed-d746-4adf-be75-c2d015b541ad,6mYykKMQwMm2UQBoJFcQpwKgJD71jQZ2L8ncNDT9pump,2026-09-03 13:10:55.40916+00,1.966e-06,2073.53,1938,{},"{""total"": 24.5, ""market"": 30.0, ""wallet"": 0.0, ""momentum"": 0.0, ""security"": 20.0, ""liquidity"": 50.0, ""data_quality"": 100.0}"
74405180-b1cc-4de0-bc81-14c6bbc6af5a,2Q8tHSimZLBb2v3BfNNSVbs4bKYxNJ84NpzuajG6p1aQ,2026-09-03 13:10:57.924769+00,3.217e-06,3034.84,3000,{},"{""total"": 24.5, ""market"": 30.0, ""wallet"": 0.0, ""momentum"": 0.0, ""security"": 20.0, ""liquidity"": 50.0, ""data_quality"": 100.0}"
e0c5273a-457f-4b28-b304-7d3f6add0b36,G8wFeagXt6jt6mY9M2kNujsRqQX6NHZNUzDNx1Q5pump,2026-09-03 13:11:00.479891+00,2.943e-06,,2943.16,{},"{""total"": 12.5, ""market"": 30.0, ""wallet"": 0.0, ""momentum"": 0.0, ""security"": 20.0, ""liquidity"": 0.0, ""data_quality"": 60.0}"
c1151543-a75e-4928-af10-e986e828dca9,ERvGimpyqnuiZ5vaBjd3bWA8GEtM2erT4c5SoiPPWv7k,2026-09-03 13:11:02.927923+00,2.844e-06,,2844.84,{},"{""total"": 12.5, ""market"": 30.0, ""wallet"": 0.0, ""momentum"": 0.0, ""security"": 20.0, ""liquidity"": 0.0, ""data_quality"": 60.0}"
2a914821-1ef8-4217-8fd2-85c01bada036,CnRbeGkMFK5jprNUjyzdcnYgPB6CJk9VccmjmWEmiJtC,2026-09-03 13:11:05.426248+00,2.928e-06,,2928.86,{},"{""total"": 12.5, ""market"": 30.0, ""wallet"": 0.0, ""momentum"": 0.0, ""security"": 20.0, ""liquidity"": 0.0, ""data_quality"": 60.0}"
5bb3be93-78e8-4892-b31c-71714dd96464,Dp4SHtcvzDqZ8ozg4NTTekQskPi2MWNK2GFx1F6Kpump,2026-09-03 13:11:07.953416+00,2.848e-06,,2848.95,{},"{""total"": 12.5, ""market"": 30.0, ""wallet"": 0.0, ""momentum"": 0.0, ""security"": 20.0, ""liquidity"": 0.0, ""data_quality"": 60.0}"
9f260f98-3bc5-412f-a077-c964be6616f1,Afos4Rke9x64UqVnf9ZF9TvHRUMMFdGe1JXYxt8z3HK7,2026-09-03 13:11:10.413784+00,2.915e-06,,2915.94,{},"{""total"": 12.5, ""market"": 30.0, ""wallet"": 0.0, ""momentum"": 0.0, ""security"": 20.0, ""liquidity"": 0.0, ""data_quality"": 60.0}"
198b95ab-b9dc-455a-893e-46059ce459a1,CXG11xiLJVf8umnmXXGUobBKmb1p85ptkikMmSNEpump,2026-09-03 13:11:12.830277+00,9.34e-06,,9340.02,{},"{""total"": 15.5, ""market"": 30.0, ""wallet"": 0.0, ""momentum"": 15.0, ""security"": 20.0, ""liquidity"": 0.0, ""data_quality"": 60.0}"
a3552d4e-50b4-484f-8139-0026fb5741a7,5rDauqJEKodE7cJMbKUJHPFY793qUbgYUfrWNo5Kpump,2026-09-03 13:11:15.473254+00,2.822e-06,,2822.1,{},"{""total"": 12.5, ""market"": 30.0, ""wallet"": 0.0, ""momentum"": 0.0, ""security"": 20.0, ""liquidity"": 0.0, ""data_quality"": 60.0}"
b540d3d0-4090-499c-afb9-471292e2c584,62MqxAoeEJQBZMMKrbcLUkAvohHEsq88hjAqhBV6pump,2026-09-03 13:11:17.93902+00,6.369e-05,19593.77,60906,{},"{""total"": 68.8, ""market"": 85.0, ""wallet"": 50.0, ""momentum"": 60.0, ""security"": 70.0, ""liquidity"": 70.0, ""data_quality"": 100.0}"
ec464df0-cc72-4f5e-9e90-149719642615,Hw4PvsbCbgKevJc9iyMgbwevoqU1SiejGesuVF8JA8ee,2026-09-03 13:11:20.353615+00,2.821e-06,,2821.77,{},"{""total"": 12.5, ""market"": 30.0, ""wallet"": 0.0, ""momentum"": 0.0, ""security"": 20.0, ""liquidity"": 0.0, ""data_quality"": 60.0}"
8a775a81-3abf-4b2e-98de-d4ace4c67da0,9LZ3UaDM8rS8AMv8VCLg9BnWw5JN4JFxbzbPjVHHFsjo,2026-09-03 13:11:22.979206+00,2.874e-06,,2874.55,{},"{""total"": 12.5, ""market"": 30.0, ""wallet"": 0.0, ""momentum"": 0.0, ""security"": 20.0, ""liquidity"": 0.0, ""data_quality"": 60.0}"
532d5797-b643-4dc9-9da6-ef28f646456b,Ee1LDwvfA99CvFRxTZi93kj3A9AvN6wuryiffp3Dpump,2026-09-03 13:11:25.494015+00,3.29e-06,,3290.84,{},"{""total"": 12.5, ""market"": 30.0, ""wallet"": 0.0, ""momentum"": 0.0, ""security"": 20.0, ""liquidity"": 0.0, ""data_quality"": 60.0}"
67633c44-b079-4590-825a-0de1727fc30c,6PipCS2EJ5fH9boGbJxStcsRpNh5WbN3dSZycLWPdbi4,2026-09-03 13:11:27.957208+00,3.18e-06,,3180.99,{},"{""total"": 12.5, ""market"": 30.0, ""wallet"": 0.0, ""momentum"": 0.0, ""security"": 20.0, ""liquidity"": 0.0, ""data_quality"": 60.0}"
137c5e2a-e0f0-41cf-8398-8b70a7c2476c,81voyUHfuimgHQWkHS4e1nbu94pn54TGbqXYwh4gpump,2026-09-03 13:11:30.474631+00,3.44e-06,3211.33,3211,{},"{""total"": 26.5, ""market"": 30.0, ""wallet"": 0.0, ""momentum"": 0.0, ""security"": 20.0, ""liquidity"": 60.0, ""data_quality"": 100.0}"
e1485c08-f43d-4500-b6ef-cad5de020498,CkH8iAKJhdAvLj9EijKdYwpbhrq6wjmFRZLSu5Rgsjrp,2026-09-03 13:11:32.94327+00,102.83,2159227303.81,2159629169,{},"{""total"": 30.5, ""market"": 30.0, ""wallet"": 0.0, ""momentum"": 0.0, ""security"": 20.0, ""liquidity"": 80.0, ""data_quality"": 100.0}"
731ea668-2c9a-4f92-a4bf-5fb22c9b7b00,EhGX4E2sNWuDsxWRmVRyUMTdvdDJp3Rj7pvm969dpump,2026-09-03 13:11:35.316635+00,3.662e-06,,3662.58,{},"{""total"": 12.5, ""market"": 30.0, ""wallet"": 0.0, ""momentum"": 0.0, ""security"": 20.0, ""liquidity"": 0.0, ""data_quality"": 60.0}"
592d8c44-7f8d-4110-985b-c7adbc957a82,7MyRpZSmxFFKTcCDg9aK3ziZnzwPiwqn7szBKJXHpump,2026-09-03 13:11:37.947514+00,2.87e-06,,2870.94,{},"{""total"": 12.5, ""market"": 30.0, ""wallet"": 0.0, ""momentum"": 0.0, ""security"": 20.0, ""liquidity"": 0.0, ""data_quality"": 60.0}"
f755c8ea-72a8-4a73-8495-bb2bcb90727b,8ntHtE7k2xGT8xvQm4iECpA1zxjUypCAm3Go7pmMpump,2026-09-03 13:11:40.429238+00,3.01e-06,,3010.04,{},"{""total"": 12.5, ""market"": 30.0, ""wallet"": 0.0, ""momentum"": 0.0, ""security"": 20.0, ""liquidity"": 0.0, ""data_quality"": 60.0}"
eff314b4-83db-40df-8795-eaa7103dcf6b,C1JVw9Eecb13VRiVyV4QpXFpQNaJjmXWAXoFaGynpump,2026-09-03 13:11:42.943116+00,3.974e-05,16994.73,38120,{},"{""total"": 52.0, ""market"": 65.0, ""wallet"": 35.0, ""momentum"": 50.0, ""security"": 60.0, ""liquidity"": 35.0, ""data_quality"": 100.0}"
ff23c815-4ae9-48d5-aad9-972cbf785938,7NkRWvEog93ogp7CoU1xoAyB3kpPGCzDurgy2Y2Kpump,2026-09-03 13:11:45.437057+00,2.819e-06,,2819.54,{},"{""total"": 12.5, ""market"": 30.0, ""wallet"": 0.0, ""momentum"": 0.0, ""security"": 20.0, ""liquidity"": 0.0, ""data_quality"": 60.0}"
c6d0da5d-c561-4f47-98a1-67cbdbf33f6d,2WG6mgKMx97jYCCoiHGcJndvQXjwDgyFeVRAnKH2pump,2026-09-03 13:11:47.920109+00,2.943e-06,,2943.28,{},"{""total"": 12.5, ""market"": 30.0, ""wallet"": 0.0, ""momentum"": 0.0, ""security"": 20.0, ""liquidity"": 0.0, ""data_quality"": 60.0}"
f4dc9f8b-0f1f-4c88-aefc-5cbb69c3eed3,F98TCwNAQuz7JtP6ScZaKddepDjnCwmQ5TxkfcgcYaVC,2026-09-03 13:11:50.426846+00,2.691e-06,2627.36,2579,{},"{""total"": 19.5, ""market"": 30.0, ""wallet"": 0.0, ""momentum"": 0.0, ""security"": 20.0, ""liquidity"": 25.0, ""data_quality"": 100.0}"
e636ee56-dd51-45e8-a78a-49c60537f831,6n55pXa3ZKa2rnNotEPog1SRspWeGiNxU5WkqEkSpump,2026-09-03 13:11:52.938103+00,3.61e-06,,3610.51,{},"{""total"": 12.5, ""market"": 30.0, ""wallet"": 0.0, ""momentum"": 0.0, ""security"": 20.0, ""liquidity"": 0.0, ""data_quality"": 60.0}"
2be04cfb-202d-40c1-8bec-2c0cb4c1b3a9,4KLo47obTpHj1XYMtMV42qjadaW2xWMAaLduwAwtEebA,2026-09-03 13:11:55.426095+00,2.068e-05,14908.01,20684,{},"{""total"": 35.0, ""market"": 50.0, ""wallet"": 0.0, ""momentum"": 15.0, ""security"": 30.0, ""liquidity"": 60.0, ""data_quality"": 100.0}"
b4b5627c-4323-4f57-825a-7d2d7caa1dba,E8MnCtZVxk6EZAxQBAfzrWTPoCQfyEm7dghbSrMQpump,2026-09-03 13:11:57.979612+00,4.53e-06,3918.07,4389,{},"{""total"": 24.5, ""market"": 30.0, ""wallet"": 0.0, ""momentum"": 0.0, ""security"": 20.0, ""liquidity"": 50.0, ""data_quality"": 100.0}"
da3f5373-6e94-43d4-9ff1-4f7d8f2efd14,ALBFBJq9FQKAV7gC4Ud8A5HopqbLJGpV689jFerbpump,2026-09-03 13:12:00.484931+00,2.841e-06,,2841.94,{},"{""total"": 12.5, ""market"": 30.0, ""wallet"": 0.0, ""momentum"": 0.0, ""security"": 20.0, ""liquidity"": 0.0, ""data_quality"": 60.0}"
aa70017d-fe22-493c-bab8-73af7fb1ed74,Ak7JbLvKEFzkcfpvLErnnkQ8xoB2P3HNbLDp6Du2JVSW,2026-09-03 13:12:02.919253+00,5.534e-06,4707.09,5382,{},"{""total"": 27.0, ""market"": 30.0, ""wallet"": 0.0, ""momentum"": 0.0, ""security"": 30.0, ""liquidity"": 50.0, ""data_quality"": 100.0}"
67c75d99-fa30-4472-9c26-337b29e299d2,EZ3Kxv6kx7FAyXgYok1rwGBy2Y9FrsYuc3U7FzWSpump,2026-09-03 13:12:05.409052+00,2.925e-06,,2925.84,{},"{""total"": 12.5, ""market"": 30.0, ""wallet"": 0.0, ""momentum"": 0.0, ""security"": 20.0, ""liquidity"": 0.0, ""data_quality"": 60.0}"
7f192666-97d0-4dc0-8879-a45add4df699,BSKaWqQF9wddDHcZSdZRCASqetNBKNKDH5fm3Vihpump,2026-09-03 13:12:08.012566+00,2.827e-06,,2827.27,{},"{""total"": 12.5, ""market"": 30.0, ""wallet"": 0.0, ""momentum"": 0.0, ""security"": 20.0, ""liquidity"": 0.0, ""data_quality"": 60.0}"
dff1312b-9503-4afb-8946-b9daaff946ac,2wfpCZgazHdU9YGabBaALhvRHpcE5WY1vEXaQdxMeNWZ,2026-09-03 13:12:10.369215+00,3.055e-06,,3055.63,{},"{""total"": 12.5, ""market"": 30.0, ""wallet"": 0.0, ""momentum"": 0.0, ""security"": 20.0, ""liquidity"": 0.0, ""data_quality"": 60.0}"
0564707b-77ca-43a5-bd5d-d6099ab58892,12XbaatU9FaTM78F5WcahY92gQ6ammCpAGBxgwAtpump,2026-09-03 13:12:12.92537+00,2.84e-06,,2840.68,{},"{""total"": 12.5, ""market"": 30.0, ""wallet"": 0.0, ""momentum"": 0.0, ""security"": 20.0, ""liquidity"": 0.0, ""data_quality"": 60.0}"
b0eabb49-fea2-496d-8943-6a7827985652,qb4mvBUBcj3FEyrefJdwiaix5ZCUsFQZNzzDPrrpump,2026-09-03 13:12:15.385895+00,3.489e-06,,3489.61,{},"{""total"": 12.5, ""market"": 30.0, ""wallet"": 0.0, ""momentum"": 0.0, ""security"": 20.0, ""liquidity"": 0.0, ""data_quality"": 60.0}"
a0be5c79-be20-4b61-afd6-82358f9c5d09,HpWnGa2UtSTmy5VU87XGm8yPKZc93P7F927LwjQ5pump,2026-09-03 13:12:17.802297+00,1.313e-05,8346.84,12748,{},"{""total"": 56.0, ""market"": 85.0, ""wallet"": 15.0, ""momentum"": 70.0, ""security"": 40.0, ""liquidity"": 60.0, ""data_quality"": 100.0}"
0e5b7346-c7d1-4c71-b896-b2b203c43f4b,79wqMK5SsGJc8mFLVG8RZUUzHVPXFcVKCj5aBkjyqs6D,2026-09-03 13:12:20.479454+00,2.672e-06,2586.45,2314,{},"{""total"": 24.5, ""market"": 30.0, ""wallet"": 0.0, ""momentum"": 0.0, ""security"": 20.0, ""liquidity"": 50.0, ""data_quality"": 100.0}"
52e51bc9-0c15-418d-af9f-3a087cf264f3,DRDtQGgs2jpqkNNtahkXBf8km3zQ3TWYYV1EK6pEpump,2026-09-03 13:12:22.969949+00,3.227e-06,,3227.98,{},"{""total"": 12.5, ""market"": 30.0, ""wallet"": 0.0, ""momentum"": 0.0, ""security"": 20.0, ""liquidity"": 0.0, ""data_quality"": 60.0}"
17df798f-f77e-47a8-83a8-62bf958048c7,D93aSbr316fG39s8Jvqnqmcj39ZxFpJxutu6doVNpump,2026-09-03 13:12:25.432433+00,2.74e-06,2650.7,2531,{},"{""total"": 19.5, ""market"": 30.0, ""wallet"": 0.0, ""momentum"": 0.0, ""security"": 20.0, ""liquidity"": 25.0, ""data_quality"": 100.0}"
0eda388c-1ce8-4e37-925a-69f9a4c8c057,9J6LmyS7TrsHjpDH84Jpw5vB7C8ZQ6LTL5wuSrPdpump,2026-09-03 13:12:27.969289+00,6.072e-06,,6072.76,{},"{""total"": 12.5, ""market"": 30.0, ""wallet"": 0.0, ""momentum"": 0.0, ""security"": 20.0, ""liquidity"": 0.0, ""data_quality"": 60.0}"
f9e30435-5da7-45c2-a9a6-481eaffc0f7b,4fsEWifM7BNjAYj77o6ma2LFjz6cQ1vqGcGJyxxxpump,2026-09-03 13:12:30.339151+00,5.828e-06,4816.7,5639,{},"{""total"": 24.5, ""market"": 30.0, ""wallet"": 0.0, ""momentum"": 0.0, ""security"": 20.0, ""liquidity"": 50.0, ""data_quality"": 100.0}"
76088801-13c0-4eee-83c9-6c6a3bdd6578,2Ycyk4qGxPsUu9Hu2cKdMdaCqvZjcoz3gTPpMxX3pump,2026-09-03 13:12:32.918445+00,2.934e-06,,2934.97,{},"{""total"": 12.5, ""market"": 30.0, ""wallet"": 0.0, ""momentum"": 0.0, ""security"": 20.0, ""liquidity"": 0.0, ""data_quality"": 60.0}"
6c76c040-edfb-42e5-be2a-0c7c43fb90c8,46T1YG4nKhhWY4jiRPBmSV5aU6TN1KUV9BKqcq2K97wY,2026-09-03 13:12:35.372185+00,3.456e-06,,3456.12,{},"{""total"": 15.5, ""market"": 30.0, ""wallet"": 0.0, ""momentum"": 15.0, ""security"": 20.0, ""liquidity"": 0.0, ""data_quality"": 60.0}"
d09b92f6-dad3-433d-bdbe-50cc36ccf7e5,YHs69jqML9nxSM7vNEuT2HC3Q62MQdLRcz6fmdRpump,2026-09-03 13:12:37.905651+00,2.835e-06,,2835.84,{},"{""total"": 12.5, ""market"": 30.0, ""wallet"": 0.0, ""momentum"": 0.0, ""security"": 20.0, ""liquidity"": 0.0, ""data_quality"": 60.0}"
a550706d-c6c8-49ec-8a3e-40c8c63358c5,4KNYU3H2FmuSWMpVeF4mkzGnGK5VRoDgsWYV6YFrpump,2026-09-03 13:12:40.429555+00,2.973e-06,,2973.46,{},"{""total"": 12.5, ""market"": 30.0, ""wallet"": 0.0, ""momentum"": 0.0, ""security"": 20.0, ""liquidity"": 0.0, ""data_quality"": 60.0}"
ab24c28f-4f41-44fe-807c-3b0b65f16ed8,59mXodQ31VyP5fj4uz9qsCkhL17k1Ec6irLeqPARpump,2026-09-03 13:12:42.85595+00,2.15e-06,2455.07,2121,{},"{""total"": 26.5, ""market"": 30.0, ""wallet"": 0.0, ""momentum"": 0.0, ""security"": 20.0, ""liquidity"": 60.0, ""data_quality"": 100.0}"
4b52c1d2-2c96-4213-aa34-fccb52ce0d70,4xRBUZCAq4kMsPLsfB3gSvzEYzeYJ4woUqkqc4GMpump,2026-09-03 13:12:45.414156+00,2.932e-06,,2932.37,{},"{""total"": 12.5, ""market"": 30.0, ""wallet"": 0.0, ""momentum"": 0.0, ""security"": 20.0, ""liquidity"": 0.0, ""data_quality"": 60.0}"
fd20181b-7908-40ef-9db9-afffb9ffe28a,4h5d9ejz8QSfzhAAVMLU5s9uFNzv3xmK6UuZK2PDpump,2026-09-03 13:12:47.916301+00,2.123e-05,11626.67,20745,{},"{""total"": 41.2, ""market"": 65.0, ""wallet"": 0.0, ""momentum"": 35.0, ""security"": 50.0, ""liquidity"": 35.0, ""data_quality"": 100.0}"
e05393c9-0c12-4323-aaec-4069cd2b92da,6z5ML9BDLDhvzCLeEdMyz5DHcC1nfsd9PtViu2Lpump,2026-09-03 13:12:50.47314+00,2.473e-06,2452.36,2399,{},"{""total"": 24.5, ""market"": 30.0, ""wallet"": 0.0, ""momentum"": 0.0, ""security"": 20.0, ""liquidity"": 50.0, ""data_quality"": 100.0}"
9b863d06-e27b-4ceb-be04-c7eb61830928,XyLfqpzVuvpJ3Z9ThdcUdPHkGfnSaYNXdWDKaJGpump,2026-09-03 13:12:52.907029+00,2.083e-06,2254.51,2031,{},"{""total"": 26.5, ""market"": 30.0, ""wallet"": 0.0, ""momentum"": 0.0, ""security"": 20.0, ""liquidity"": 60.0, ""data_quality"": 100.0}"
8c71a9f5-388d-4661-8b35-76a57dd18c6a,FVvAfW3K7cBr1LpLZWMvgmwM3qsGMojdxJjNgKLJpump,2026-09-03 13:12:55.489029+00,5.192e-06,,5192.28,{},"{""total"": 12.5, ""market"": 30.0, ""wallet"": 0.0, ""momentum"": 0.0, ""security"": 20.0, ""liquidity"": 0.0, ""data_quality"": 60.0}"
0ebe20f3-2316-4c99-b7c1-6cf2114a8c42,8cbS66zJp2mf7tNjgbkVtCWCb4kumnEduLpkQbFsburn,2026-09-03 13:12:57.907542+00,2.887e-06,,2887.36,{},"{""total"": 12.5, ""market"": 30.0, ""wallet"": 0.0, ""momentum"": 0.0, ""security"": 20.0, ""liquidity"": 0.0, ""data_quality"": 60.0}"
7546fe81-a16f-4122-8c1d-29fbf1e37753,X2oB1Mp8ZbkQiUcMwzYbkehqtVq3MZfMANDCGarpump,2026-09-03 13:13:00.45961+00,4.092e-06,3694.61,3940,{},"{""total"": 29.5, ""market"": 30.0, ""wallet"": 0.0, ""momentum"": 15.0, ""security"": 20.0, ""liquidity"": 60.0, ""data_quality"": 100.0}"
ed378885-fb88-4fb9-b323-c09441efd187,A56ZES8x3vVQhi2YC7QwCiN9uyxixorYsmMT55MMpump,2026-09-03 13:13:02.914895+00,2.474e-06,2423.68,2135,{},"{""total"": 24.5, ""market"": 30.0, ""wallet"": 0.0, ""momentum"": 0.0, ""security"": 20.0, ""liquidity"": 50.0, ""data_quality"": 100.0}"
3205dec5-4c27-41d8-9903-22d642b367e0,g7Mf4oATpA43aG46a49FarThR8CqPkgRNysQrnPx9oS,2026-09-03 13:13:05.381091+00,2.869e-06,,2869.84,{},"{""total"": 12.5, ""market"": 30.0, ""wallet"": 0.0, ""momentum"": 0.0, ""security"": 20.0, ""liquidity"": 0.0, ""data_quality"": 60.0}"
5f0b6aad-3658-43f8-9be3-c285ef1d0bbf,AU8ZmbsXDBuScnUyLuqtxtdaQER6M3LVtxdcfcmCpump,2026-09-03 13:13:07.89122+00,2.888e-06,,2888.3,{},"{""total"": 12.5, ""market"": 30.0, ""wallet"": 0.0, ""momentum"": 0.0, ""security"": 20.0, ""liquidity"": 0.0, ""data_quality"": 60.0}"
00388b4c-30e5-493b-a537-ae010b29c1c3,8ahGYNWnE1QGxptZLSymeYuVpxX7Ed39YhFyjPy3pump,2026-09-03 13:13:10.297845+00,2.994e-06,,2994.38,{},"{""total"": 12.5, ""market"": 30.0, ""wallet"": 0.0, ""momentum"": 0.0, ""security"": 20.0, ""liquidity"": 0.0, ""data_quality"": 60.0}"
526de7d3-5b54-4edc-9c5b-a0a40418ce6b,NFA2vkDtr3ghgKasVNqJKGknWB7PGTiMS2oLWWR53V6,2026-09-03 13:13:12.924864+00,2.832e-06,,2832.15,{},"{""total"": 12.5, ""market"": 30.0, ""wallet"": 0.0, ""momentum"": 0.0, ""security"": 20.0, ""liquidity"": 0.0, ""data_quality"": 60.0}"
08337f25-ab88-4662-8008-0e4b6e265479,BB5VU7LxXrB2p3dZnQeeBE6fmCpYMf5vR6K8tRFqpump,2026-09-03 13:13:15.405876+00,1.814e-06,1911.89,1768,{},"{""total"": 18.5, ""market"": 30.0, ""wallet"": 0.0, ""momentum"": 0.0, ""security"": 20.0, ""liquidity"": 20.0, ""data_quality"": 100.0}"
c45a945b-80cf-441a-a4f2-30d2acab00eb,7W8uumZvFWDegwhSLiZjUng8wouwiVXhUV9A1DPPpump,2026-09-03 13:13:17.950866+00,2.895e-06,,2895.24,{},"{""total"": 12.5, ""market"": 30.0, ""wallet"": 0.0, ""momentum"": 0.0, ""security"": 20.0, ""liquidity"": 0.0, ""data_quality"": 60.0}"
ccefca18-0b38-4e8c-a7fd-f7cafae3476d,AoEHGTFvykuV9Nhk5Tb5fSbKnS7zgUN5zw3TUgpJpump,2026-09-03 13:13:20.412326+00,3.832e-06,3460.14,3125,{},"{""total"": 24.5, ""market"": 30.0, ""wallet"": 0.0, ""momentum"": 0.0, ""security"": 20.0, ""liquidity"": 50.0, ""data_quality"": 100.0}"
a5058062-eedf-4a70-a783-9ea013728836,3kwDUuS5f1QtSgiypuLvnXMyxp74sn9PCinh4h9Vpump,2026-09-03 13:13:22.941866+00,2.183e-06,2166.47,2026,{},"{""total"": 24.5, ""market"": 30.0, ""wallet"": 0.0, ""momentum"": 0.0, ""security"": 20.0, ""liquidity"": 50.0, ""data_quality"": 100.0}"
7fb32925-0a3c-4689-ab03-019e271ac174,tahKR4TA337akDkgfGZ5Qaeng4ABdov49rVePABpump,2026-09-03 13:13:25.451105+00,3.962e-06,3546.11,3734,{},"{""total"": 24.5, ""market"": 30.0, ""wallet"": 0.0, ""momentum"": 0.0, ""security"": 20.0, ""liquidity"": 50.0, ""data_quality"": 100.0}"
3eb249be-5ddf-43fc-9d56-1691040ba0fc,6Bd2opj5LteW6hvdJUjYw8SdfVQYAJ2NeonfgEHMpump,2026-09-03 13:13:27.977395+00,8.764e-06,,8764.38,{},"{""total"": 18.0, ""market"": 30.0, ""wallet"": 0.0, ""momentum"": 15.0, ""security"": 30.0, ""liquidity"": 0.0, ""data_quality"": 60.0}"
083dcea2-5d5a-412f-826f-2da5caa7f099,E22f92KYQgo4cu6pTpBVTVvnBDcWyAJGwGB9i5mNpump,2026-09-03 13:13:30.413687+00,2.561e-06,2570.54,2408,{},"{""total"": 19.5, ""market"": 30.0, ""wallet"": 0.0, ""momentum"": 0.0, ""security"": 20.0, ""liquidity"": 25.0, ""data_quality"": 100.0}"
369284e1-b9ee-4a6f-87a8-aaf85a771c81,46kwQaZdcuSNuyqjWJsiWBxsUFbAxWFDYWwx9ePipump,2026-09-03 13:13:32.989304+00,2.218e-06,2447.95,2162,{},"{""total"": 29.5, ""market"": 30.0, ""wallet"": 0.0, ""momentum"": 15.0, ""security"": 20.0, ""liquidity"": 60.0, ""data_quality"": 100.0}"
42558273-f9be-4d32-8acc-4a767f9a823b,648CgFCcFXCPUWhaa5V5W1tFDDfuEtCVVp3EQjTmpump,2026-09-03 13:13:35.416869+00,1.727e-06,1893.42,1676,{},"{""total"": 18.5, ""market"": 30.0, ""wallet"": 0.0, ""momentum"": 0.0, ""security"": 20.0, ""liquidity"": 20.0, ""data_quality"": 100.0}"
768cf2f5-b926-4424-bd7d-3174251c2ac2,Fw6ksDUW7agYgvJuAMMa5zw9C9Qe2RV85j4j3oXipump,2026-09-03 13:13:37.96966+00,2.064e-06,2096.58,1950,{},"{""total"": 26.5, ""market"": 30.0, ""wallet"": 0.0, ""momentum"": 0.0, ""security"": 20.0, ""liquidity"": 60.0, ""data_quality"": 100.0}"
bc77400c-0bfc-4ecb-92d3-b14c4dbb0744,2gdGXkBriQ87rGT3LWGUJr3NrUTbSWdCJgHbTnBNpump,2026-09-03 13:13:40.439329+00,1.447e-05,,14479.43,{},"{""total"": 25.0, ""market"": 30.0, ""wallet"": 30.0, ""momentum"": 15.0, ""security"": 40.0, ""liquidity"": 0.0, ""data_quality"": 60.0}"
0b6e3611-2506-4b8d-8d41-0be401fe3962,EzksuFJL96xtnhqam9YowehVPqGu5wv9ixStJ8pHpump,2026-09-03 13:13:42.981661+00,2.976e-06,,2976.25,{},"{""total"": 12.5, ""market"": 30.0, ""wallet"": 0.0, ""momentum"": 0.0, ""security"": 20.0, ""liquidity"": 0.0, ""data_quality"": 60.0}"
545e8186-b3e9-496c-a70f-68f28e2a3ab1,BWrSJTzFnGALx2VimQu6D5Xt81G5DBMQ3pGgeen3pump,2026-09-03 13:13:45.458902+00,4.129e-06,3653.09,3852,{},"{""total"": 19.5, ""market"": 30.0, ""wallet"": 0.0, ""momentum"": 0.0, ""security"": 20.0, ""liquidity"": 25.0, ""data_quality"": 100.0}"
5d4b09df-3da9-41e0-9511-5d0b6be2bbf1,7mvAKaG39HWm7RtKj9zkgYG21uKFuyHCjJkbuQp5pump,2026-09-03 13:13:47.977598+00,4.175e-06,3708.71,3782,{},"{""total"": 24.5, ""market"": 30.0, ""wallet"": 0.0, ""momentum"": 0.0, ""security"": 20.0, ""liquidity"": 50.0, ""data_quality"": 100.0}"
8fca0d0c-7610-404e-8183-dfb20f3a847c,FZsih1z71YYmcb6saJKiLPQj7hxovSgbiUZ9kxrJpump,2026-09-03 13:13:50.464182+00,2.828e-06,,2828.48,{},"{""total"": 12.5, ""market"": 30.0, ""wallet"": 0.0, ""momentum"": 0.0, ""security"": 20.0, ""liquidity"": 0.0, ""data_quality"": 60.0}"
496f3e0e-1aa3-45c8-b607-0917354ce81f,6Fmy4h78tXFyLqHxjspAmh4vnw4U2VEzFoGL3kBNpump,2026-09-03 13:13:52.949703+00,2.855e-06,,2855.03,{},"{""total"": 12.5, ""market"": 30.0, ""wallet"": 0.0, ""momentum"": 0.0, ""security"": 20.0, ""liquidity"": 0.0, ""data_quality"": 60.0}"
8e30ce86-2146-4e27-93bb-5799d9895e99,GiUHYs5Hsv94P8bR9m26DsXsX8E786rQsFsPK6spump,2026-09-03 13:13:55.393718+00,0.0002506,41963.05,246667,{},"{""total"": 62.2, ""market"": 45.0, ""wallet"": 90.0, ""momentum"": 15.0, ""security"": 80.0, ""liquidity"": 70.0, ""data_quality"": 100.0}"
b37edaf8-a111-429d-8aa6-d6b2fbff78b4,DR34YVxd8VXUmW685DLgDvnmgTzVVsTM2toTNtfWpump,2026-09-03 13:13:57.959584+00,1.208e-05,,12088.85,{},"{""total"": 17.2, ""market"": 30.0, ""wallet"": 15.0, ""momentum"": 0.0, ""security"": 30.0, ""liquidity"": 0.0, ""data_quality"": 60.0}"
cbc4382f-7c86-4d7d-a5a1-0102490677c2,9sW8VYpSRp3aJV1tV2q9EqFzJyUu2WX3C9paQ4KSpump,2026-09-03 13:14:00.387589+00,2.01e-06,2074.94,1983,{},"{""total"": 29.5, ""market"": 30.0, ""wallet"": 0.0, ""momentum"": 15.0, ""security"": 20.0, ""liquidity"": 60.0, ""data_quality"": 100.0}"
ca2aaa8a-0347-4cdb-b4b1-02699fd273f6,7Zo7tPm77cPekJmPXh6E3ykrox6toZNDSrSwnGC1pump,2026-09-03 13:14:02.86244+00,2.849e-06,,2849.77,{},"{""total"": 12.5, ""market"": 30.0, ""wallet"": 0.0, ""momentum"": 0.0, ""security"": 20.0, ""liquidity"": 0.0, ""data_quality"": 60.0}"
3aaa8d90-98dd-4d82-9fd6-cab6580bbe70,Dz37RVhUVgguLoxCyfFQLDX3Dw4VBZvQJNvZx4Szpump,2026-09-03 13:14:05.453544+00,3.092e-06,,3092.01,{},"{""total"": 12.5, ""market"": 30.0, ""wallet"": 0.0, ""momentum"": 0.0, ""security"": 20.0, ""liquidity"": 0.0, ""data_quality"": 60.0}"
0fe2f15e-76a1-45e2-8a5b-3bc6efb08484,pcBeadR2nwPNjvvCVM26kfFt7GsuvSwsxGtAiWPNiBL,2026-09-03 13:14:07.890138+00,4.163e-05,16336.41,41625,{},"{""total"": 42.8, ""market"": 45.0, ""wallet"": 30.0, ""momentum"": 0.0, ""security"": 50.0, ""liquidity"": 70.0, ""data_quality"": 100.0}"
dfda6f21-1926-49bf-b364-2a7283b7db8a,CfBYu1dsy6nC3oiYmxE3Kxds6auwpoxcErvSMVykVEPH,2026-09-03 13:14:10.521246+00,3.01e-06,2910.07,2909,{},"{""total"": 19.5, ""market"": 30.0, ""wallet"": 0.0, ""momentum"": 0.0, ""security"": 20.0, ""liquidity"": 25.0, ""data_quality"": 100.0}"
8670589d-bd88-4105-9166-f7cf36877be5,GyDBBBhXrUGVpbCzWouixLRYokjQAgHZhDC572Z5pump,2026-09-03 13:14:12.966372+00,2.094e-06,2174.21,2027,{},"{""total"": 19.5, ""market"": 30.0, ""wallet"": 0.0, ""momentum"": 0.0, ""security"": 20.0, ""liquidity"": 25.0, ""data_quality"": 100.0}"
16ccc8f6-0373-4cbe-83b4-123d0d4f71fe,C6VLbXq2Rzi2KMKmZQgRJFZ6hUe1RFgoyCgxhUFgpump,2026-09-03 13:14:15.429357+00,2.465e-05,11495.5,23164,{},"{""total"": 41.0, ""market"": 45.0, ""wallet"": 15.0, ""momentum"": 15.0, ""security"": 40.0, ""liquidity"": 70.0, ""data_quality"": 100.0}"
21318a28-328a-4883-8138-14277d26fdac,D79PMY3svBfF56PpCkd2MYJx9LPrwCxYkmSFV8aTpump,2026-09-03 13:14:17.862035+00,2.828e-06,,2828.17,{},"{""total"": 12.5, ""market"": 30.0, ""wallet"": 0.0, ""momentum"": 0.0, ""security"": 20.0, ""liquidity"": 0.0, ""data_quality"": 60.0}"
ee6358b3-3020-440e-96e0-63873708df4a,73roMdHCGSL1KAeuz5rz7pNd45H4THAJgV6YidswTMoe,2026-09-03 13:14:20.484678+00,3.385e-06,,3385.98,{},"{""total"": 12.5, ""market"": 30.0, ""wallet"": 0.0, ""momentum"": 0.0, ""security"": 20.0, ""liquidity"": 0.0, ""data_quality"": 60.0}"
80181722-fc94-47a1-a518-4a7d75a2d8e6,D7vb5sxgYsbqnGmvrenJXwaQb5ctmmwEs7mXRQkkMnaX,2026-09-03 13:14:22.912403+00,2.889e-06,,2889.11,{},"{""total"": 12.5, ""market"": 30.0, ""wallet"": 0.0, ""momentum"": 0.0, ""security"": 20.0, ""liquidity"": 0.0, ""data_quality"": 60.0}"
00c7d5ea-d4ab-4572-9e0c-14e2372065d3,9ikk3mAGGXYJWgm4j1WZ49yC87iEU5VsMU9fKZrspump,2026-09-03 13:14:25.363527+00,3.032e-06,,3032.8,{},"{""total"": 12.5, ""market"": 30.0, ""wallet"": 0.0, ""momentum"": 0.0, ""security"": 20.0, ""liquidity"": 0.0, ""data_quality"": 60.0}"
b4d5267a-e729-4bd5-838f-bb752c924abc,VVGmSQozMkuHM8B8LKs7ovig6Zdrv72jgcbcqudpump,2026-09-03 13:14:27.977315+00,1.727e-06,1842.45,1678,{},"{""total"": 18.5, ""market"": 30.0, ""wallet"": 0.0, ""momentum"": 0.0, ""security"": 20.0, ""liquidity"": 20.0, ""data_quality"": 100.0}"
06f7efd4-98f3-453b-a91d-3d0c91f73978,Cn7FeyvLrAoda8ufbSrb2rhjxwc4yRGwBBvsPrM8b3Eh,2026-09-03 13:14:30.427582+00,3.096e-06,,3096.28,{},"{""total"": 12.5, ""market"": 30.0, ""wallet"": 0.0, ""momentum"": 0.0, ""security"": 20.0, ""liquidity"": 0.0, ""data_quality"": 60.0}"
799b7fd1-84a2-4f15-9744-38232c6745f8,53ES5nUDRMYMLQXHyVYwntxvmWCyckVRXRWDkzUwpump,2026-09-03 13:14:32.914573+00,6.211e-06,4919.72,5906,{},"{""total"": 32.2, ""market"": 30.0, ""wallet"": 15.0, ""momentum"": 15.0, ""security"": 30.0, ""liquidity"": 50.0, ""data_quality"": 100.0}"
a8ea2b48-c99c-4a72-a2b2-ba3cd43a7b5a,96uv7R25f4vnyoiCFYJPozze9gyJJf5u3wRHRbEEpump,2026-09-03 13:14:35.346456+00,1.968e-06,2087.64,1940,{},"{""total"": 24.5, ""market"": 30.0, ""wallet"": 0.0, ""momentum"": 0.0, ""security"": 20.0, ""liquidity"": 50.0, ""data_quality"": 100.0}"
1f50b7da-234b-4166-8c1d-b6c2a97e202a,CYavHLucTZQ1kQqM1iVq4sZ4XPWpTfKSVS1PgKJXpump,2026-09-03 13:14:37.864769+00,2.025e-06,2112.9,1968,{},"{""total"": 26.5, ""market"": 30.0, ""wallet"": 0.0, ""momentum"": 0.0, ""security"": 20.0, ""liquidity"": 60.0, ""data_quality"": 100.0}"
6a942b30-7653-467a-a14f-0764d16c8851,eUcj3yg4zVv2hz6b4QS19Beg7y9GzARuphtCKm1pump,2026-09-03 13:14:40.41737+00,2.986e-06,,2986.5,{},"{""total"": 12.5, ""market"": 30.0, ""wallet"": 0.0, ""momentum"": 0.0, ""security"": 20.0, ""liquidity"": 0.0, ""data_quality"": 60.0}"
d2be850f-9a91-49ba-89e5-d392877781f7,9ZmpfSq4BjF3Ni5yfdSd9GJZqXAE2MZftzoxXXnzpump,2026-09-03 13:14:42.944886+00,2.7e-06,2617.31,2567,{},"{""total"": 24.5, ""market"": 30.0, ""wallet"": 0.0, ""momentum"": 0.0, ""security"": 20.0, ""liquidity"": 50.0, ""data_quality"": 100.0}"
cd38f808-ffe4-453b-b4cb-c6e0f2c4f812,Cnte2GpDMvhHJkAbpvCRiBfc3kd4LcuhVCa9puF9pump,2026-09-03 13:14:45.469788+00,2.837e-06,,2837.93,{},"{""total"": 12.5, ""market"": 30.0, ""wallet"": 0.0, ""momentum"": 0.0, ""security"": 20.0, ""liquidity"": 0.0, ""data_quality"": 60.0}"
aa9c1177-ad05-45f1-a886-1ec02f44f93f,7aFGQ7fDuHFcATwGGivdebcLsFkSi1b9emk2dGsxpump,2026-09-03 13:14:47.932952+00,3.35e-06,,3350.48,{},"{""total"": 12.5, ""market"": 30.0, ""wallet"": 0.0, ""momentum"": 0.0, ""security"": 20.0, ""liquidity"": 0.0, ""data_quality"": 60.0}"
a9900f77-f4fd-4902-b17c-85262adeeb6d,5Jmyc3aeLktVL5hEuLcdo7DvwiY2nc1D9Fxmi3Qrpump,2026-09-03 13:14:50.385001+00,2.893e-06,,2893.74,{},"{""total"": 12.5, ""market"": 30.0, ""wallet"": 0.0, ""momentum"": 0.0, ""security"": 20.0, ""liquidity"": 0.0, ""data_quality"": 60.0}"
9e842a7f-fd70-44e9-a023-01ea996d7c9c,DcxZYnRBF171nKzs1dd2gT2fCnLEJ6nqPRFt66WHpump,2026-09-03 13:14:52.821097+00,3.225e-06,3958.47,3136,{},"{""total"": 24.5, ""market"": 30.0, ""wallet"": 0.0, ""momentum"": 0.0, ""security"": 20.0, ""liquidity"": 50.0, ""data_quality"": 100.0}"
b230307a-f949-4fa0-9a9f-138863629452,9HC7yDTyznLNsedzNu1ra82FE3384tJdsBjk2UHPpump,2026-09-03 13:14:55.468443+00,8.539e-05,23495.64,80999,{},"{""total"": 63.8, ""market"": 85.0, ""wallet"": 30.0, ""momentum"": 50.0, ""security"": 70.0, ""liquidity"": 70.0, ""data_quality"": 100.0}"
dadf5364-6acf-4866-9969-2379eff50e91,HeJY3gwRvLZyknKv11qJ78cbt4aRPuKDy7YAHq3Apump,2026-09-03 13:14:57.855315+00,2.579e-06,2983.93,2555,{},"{""total"": 19.5, ""market"": 30.0, ""wallet"": 0.0, ""momentum"": 0.0, ""security"": 20.0, ""liquidity"": 25.0, ""data_quality"": 100.0}"
db2b6eaa-003c-4818-a424-2f0b23f74213,GVcTk121rBZqQ495qz4Vjx7LWVSGADdCm5BtPCnVpump,2026-09-03 13:15:00.50719+00,3.155e-06,,3155.57,{},"{""total"": 12.5, ""market"": 30.0, ""wallet"": 0.0, ""momentum"": 0.0, ""security"": 20.0, ""liquidity"": 0.0, ""data_quality"": 60.0}"
c02b76bb-e3bc-4ed2-9972-c614a3901f26,8nLN2B1xG2QTzffYFyjUxvum6V7MKwdKNE9rnQ4qpump,2026-09-03 13:15:02.986463+00,3.156e-06,,3156.1,{},"{""total"": 12.5, ""market"": 30.0, ""wallet"": 0.0, ""momentum"": 0.0, ""security"": 20.0, ""liquidity"": 0.0, ""data_quality"": 60.0}"
5a04cee9-0dc2-4bfb-9cdf-5811707d03ae,AdpzjgRPzrzQt5dEhJvLzhRmHWb3eQ6BUtVmxpQTpump,2026-09-03 13:15:05.385356+00,2.921e-06,,2921.98,{},"{""total"": 12.5, ""market"": 30.0, ""wallet"": 0.0, ""momentum"": 0.0, ""security"": 20.0, ""liquidity"": 0.0, ""data_quality"": 60.0}"
5e6c5476-5224-49a4-855d-e4bd2a7778b1,28fHmDG7CD7D1diVcF97gdjztUEc1mNRBvUNoagnpump,2026-09-03 13:15:07.899677+00,1.375e-05,8147.57,12944,{},"{""total"": 34.2, ""market"": 45.0, ""wallet"": 30.0, ""momentum"": 15.0, ""security"": 40.0, ""liquidity"": 25.0, ""data_quality"": 100.0}"
8ee4e947-eefb-41d7-8d93-3264e542c582,5uJ8rkiqEs5uzERCqVw9a1eC6BkP54MZAF3D229dyoME,2026-09-03 13:15:10.479775+00,0.1217,64898.44,30446249,{},"{""total"": 27.5, ""market"": 10.0, ""wallet"": 0.0, ""momentum"": 0.0, ""security"": 20.0, ""liquidity"": 80.0, ""data_quality"": 100.0}"
7ac7f22e-af6e-4f85-9307-bc01a695b835,CfvwFqrjDimhdMgY9uy25xQSu3LST4tv7u9ZxnRmpump,2026-09-03 13:15:12.885594+00,2.064e-06,2199.52,2038,{},"{""total"": 24.5, ""market"": 30.0, ""wallet"": 0.0, ""momentum"": 0.0, ""security"": 20.0, ""liquidity"": 50.0, ""data_quality"": 100.0}"
da5b0354-3a92-44d4-be33-6fceb7d1cfe8,GhfYVacYAE8bh99xK2eLNop6gEFnNpzor1XhdVrepump,2026-09-03 13:15:15.419602+00,3.15e-06,,3150.63,{},"{""total"": 12.5, ""market"": 30.0, ""wallet"": 0.0, ""momentum"": 0.0, ""security"": 20.0, ""liquidity"": 0.0, ""data_quality"": 60.0}"
d4c0608c-23c7-4d03-ab81-9acc6f8663fc,GTmRSuqENCavU5BZvaZoSYJnhCmWmKk7GeMmv75CRH4H,2026-09-03 13:15:17.90423+00,3.142e-06,3008.92,2980,{},"{""total"": 19.5, ""market"": 30.0, ""wallet"": 0.0, ""momentum"": 0.0, ""security"": 20.0, ""liquidity"": 25.0, ""data_quality"": 100.0}"
ccb4e0d3-fbff-4ebe-a3f1-6cd55f977449,Aio2SJ69afHaSZGF7tT9RdsNuDW4pouHoVD3HCcMpump,2026-09-03 13:15:20.485592+00,3.159e-06,,3159.14,{},"{""total"": 12.5, ""market"": 30.0, ""wallet"": 0.0, ""momentum"": 0.0, ""security"": 20.0, ""liquidity"": 0.0, ""data_quality"": 60.0}"
37a4105f-7357-44ee-821b-35e0f17c9635,6nWbQH6aSjG83JizxiYKwBRK5njaKvqgm1EWu7rPpump,2026-09-03 13:15:22.877609+00,1.588e-05,,15882.84,{},"{""total"": 34.0, ""market"": 50.0, ""wallet"": 30.0, ""momentum"": 45.0, ""security"": 40.0, ""liquidity"": 0.0, ""data_quality"": 60.0}"
28ba7413-0f31-49e2-bd66-ea946c6f5670,3MdTbRMscgVcDx5aVBXxmE9qznGVaK2gh8rAaKhUpump,2026-09-03 13:15:25.453397+00,3.513e-06,,3513.89,{},"{""total"": 12.5, ""market"": 30.0, ""wallet"": 0.0, ""momentum"": 0.0, ""security"": 20.0, ""liquidity"": 0.0, ""data_quality"": 60.0}"
14c5ae16-7096-4348-a116-26805afec2fd,HzBCGPxhTaN9rRxqFkJCCh8At1ZWudY8jDr3SswFpump,2026-09-03 13:15:27.866192+00,2.256e-06,2443.17,2224,{},"{""total"": 26.5, ""market"": 30.0, ""wallet"": 0.0, ""momentum"": 0.0, ""security"": 20.0, ""liquidity"": 60.0, ""data_quality"": 100.0}"
5bc8df3d-576c-420e-8380-8571e21fb52b,8hWPJYaste3GRRAWcwAV3JYdz6Lk4GkZ4nwLz3mgpump,2026-09-03 13:15:30.424026+00,3.19e-06,,3190.23,{},"{""total"": 12.5, ""market"": 30.0, ""wallet"": 0.0, ""momentum"": 0.0, ""security"": 20.0, ""liquidity"": 0.0, ""data_quality"": 60.0}"
6f08b365-8a31-4439-b4e9-f3204788bf7b,HnCBDvnM3RfSZHxXJpfJ9uVW4B4HTMbPdKdZf3XLpump,2026-09-03 13:15:32.938174+00,3.643e-06,,3643.46,{},"{""total"": 12.5, ""market"": 30.0, ""wallet"": 0.0, ""momentum"": 0.0, ""security"": 20.0, ""liquidity"": 0.0, ""data_quality"": 60.0}"
3b0263ee-db9e-421f-9592-ff951e6d8e00,8uSrp69f2Qt1WyUiGwfXNSv52JXbjJoA2FVWmmwapump,2026-09-03 13:15:35.370057+00,2.867e-06,2758.35,2652,{},"{""total"": 24.5, ""market"": 30.0, ""wallet"": 0.0, ""momentum"": 0.0, ""security"": 20.0, ""liquidity"": 50.0, ""data_quality"": 100.0}"
8097794a-5c46-4dd5-b2b8-c9a4c574d605,9ApS1vkNYMrdSibKoCud7gYX99soSBe9KHjoBWhDpump,2026-09-03 13:15:37.942944+00,2.805e-06,,2805.37,{},"{""total"": 12.5, ""market"": 30.0, ""wallet"": 0.0, ""momentum"": 0.0, ""security"": 20.0, ""liquidity"": 0.0, ""data_quality"": 60.0}"
3fe520ce-6086-4503-bcc2-65694dd9fe9f,GqrR58mZHKw6HK9bGLDVLyuu2EZfKUFSRU4p2sjJpump,2026-09-03 13:15:40.327304+00,2.073e-06,2317.71,2044,{},"{""total"": 24.5, ""market"": 30.0, ""wallet"": 0.0, ""momentum"": 0.0, ""security"": 20.0, ""liquidity"": 50.0, ""data_quality"": 100.0}"
eaed86fd-4daf-4fcd-aef0-6cd61244438b,5tuKbTVkV6Xkg4aL2F8iPBmY521GBbzVgeDmyExWpump,2026-09-03 13:15:42.908771+00,2.018e-06,2169.79,1967,{},"{""total"": 24.5, ""market"": 30.0, ""wallet"": 0.0, ""momentum"": 0.0, ""security"": 20.0, ""liquidity"": 50.0, ""data_quality"": 100.0}"
4c7faffa-41d3-4f71-add4-88cb074a56fb,E8AUxsLLavnwGQqEztqFY6XZwbHfvrgVgBaxcwi4pump,2026-09-03 13:15:45.351802+00,2.166e-06,2471.2,2136,{},"{""total"": 24.5, ""market"": 30.0, ""wallet"": 0.0, ""momentum"": 0.0, ""security"": 20.0, ""liquidity"": 50.0, ""data_quality"": 100.0}"
96b45222-f2dd-489f-855a-1c2c4ec9517e,7bdCY31Ajz3dGdiQkzL6VEtFHs1xhooW1134A6Bcpump,2026-09-03 13:15:47.850223+00,2.863e-06,,2863.29,{},"{""total"": 12.5, ""market"": 30.0, ""wallet"": 0.0, ""momentum"": 0.0, ""security"": 20.0, ""liquidity"": 0.0, ""data_quality"": 60.0}"
65ad54ea-f402-4435-aada-dbe4884094e4,EfxdVwr7vrHnM5G86JPdndVFVfMuB4YxtAzr1ppxpump,2026-09-03 13:15:50.460414+00,3.184e-06,,3184.91,{},"{""total"": 12.5, ""market"": 30.0, ""wallet"": 0.0, ""momentum"": 0.0, ""security"": 20.0, ""liquidity"": 0.0, ""data_quality"": 60.0}"
ec92c1f0-a71c-4b1b-8864-d3526888e2ba,3WqmgTAuonVeoGTFPc7pdPjuxz44JXsL9XhfZLbmpump,2026-09-03 13:15:52.913743+00,3.222e-06,,3222.32,{},"{""total"": 12.5, ""market"": 30.0, ""wallet"": 0.0, ""momentum"": 0.0, ""security"": 20.0, ""liquidity"": 0.0, ""data_quality"": 60.0}"
2bbd2cad-a367-45d8-a398-b786f3711541,DjVGs3rLy6GVPD9NxfaDqfSHfwXoxz52xRDgSR6mpump,2026-09-03 13:15:55.364816+00,4.554e-06,4028.97,4212,{},"{""total"": 27.5, ""market"": 30.0, ""wallet"": 0.0, ""momentum"": 15.0, ""security"": 20.0, ""liquidity"": 50.0, ""data_quality"": 100.0}"
a502b9a2-7397-46e6-94e5-b55761ac15df,XDv73xgiMsUKh811vQtf14dpBsFXapAEE8y5Hkhpump,2026-09-03 13:15:57.91085+00,2.833e-06,2713.19,2240,{},"{""total"": 24.5, ""market"": 30.0, ""wallet"": 0.0, ""momentum"": 0.0, ""security"": 20.0, ""liquidity"": 50.0, ""data_quality"": 100.0}"
52618f76-1b44-4acb-8aa4-c737173ffe97,HeKCjqtkcTxEXyLRiBoUT2RFvvgECpexbYGhQJuppump,2026-09-03 13:16:00.413012+00,3.242e-06,,3242.04,{},"{""total"": 12.5, ""market"": 30.0, ""wallet"": 0.0, ""momentum"": 0.0, ""security"": 20.0, ""liquidity"": 0.0, ""data_quality"": 60.0}"
47c7719a-7185-4bd6-aa35-85562231a1ee,3EFotDUaMcYTLTTtpGsu2ipF9zWpvHBL52CdiBTcpump,2026-09-03 13:16:02.847771+00,1.991e-06,2083.91,1962,{},"{""total"": 26.5, ""market"": 30.0, ""wallet"": 0.0, ""momentum"": 0.0, ""security"": 20.0, ""liquidity"": 60.0, ""data_quality"": 100.0}"
eafe32a9-d0a7-4228-ae29-0b7956763972,3PkXvrHSpbJB4wFryEXG8HrgiKmNJZASiEf28GBrpump,2026-09-03 13:16:05.435283+00,3.961e-06,3602.58,3793,{},"{""total"": 22.5, ""market"": 30.0, ""wallet"": 0.0, ""momentum"": 15.0, ""security"": 20.0, ""liquidity"": 25.0, ""data_quality"": 100.0}"
47031d3a-6f29-43c0-852b-1fc38217127b,DNJe1VctUNLzyEHLU9hpeTxx5TuYf13YSWmrhXbgpump,2026-09-03 13:16:07.948257+00,2.671e-06,2588.55,2501,{},"{""total"": 26.5, ""market"": 30.0, ""wallet"": 0.0, ""momentum"": 0.0, ""security"": 20.0, ""liquidity"": 60.0, ""data_quality"": 100.0}"
ee598791-763b-4d84-9f16-a799634cbc2b,DwnDpX8KHgS44fHKdYvS5rx2qSeDmwgxfFHFNmdQpump,2026-09-03 13:16:10.407799+00,2.566e-06,2495.88,2139,{},"{""total"": 26.5, ""market"": 30.0, ""wallet"": 0.0, ""momentum"": 0.0, ""security"": 20.0, ""liquidity"": 60.0, ""data_quality"": 100.0}"
86da335a-973f-49e0-912a-ddb347b23252,5XxS55TTZC5rEJwpzcK4hKvQ35N7BiE4cYXaEkjjpump,2026-09-03 13:16:12.922632+00,3.985e-06,,3985.18,{},"{""total"": 24.5, ""market"": 30.0, ""wallet"": 0.0, ""momentum"": 60.0, ""security"": 20.0, ""liquidity"": 0.0, ""data_quality"": 60.0}"
720e1a90-2795-4c04-867a-3da4440ac32e,s3Xi9Z2B5qjnkEPmwxJ451jGpjRpkAyjLzr7hQfpump,2026-09-03 13:16:15.355999+00,4.838e-06,4103.59,4532,{},"{""total"": 29.5, ""market"": 30.0, ""wallet"": 0.0, ""momentum"": 15.0, ""security"": 20.0, ""liquidity"": 60.0, ""data_quality"": 100.0}"
1f62c989-7494-4a80-bd54-144f884e7a9e,XhKjwneYqmTzCZW8Ru7fwBJMEBRhspw1kcHhnFppump,2026-09-03 13:16:17.820739+00,3.047e-06,,3047.63,{},"{""total"": 12.5, ""market"": 30.0, ""wallet"": 0.0, ""momentum"": 0.0, ""security"": 20.0, ""liquidity"": 0.0, ""data_quality"": 60.0}"
43b93268-aa1e-4be5-8f51-cbff665ad100,DRbEq7UUsyKKW4L1typPJtGXy8Pk8gm7P5HH8QCdpump,2026-09-03 13:16:20.419705+00,1.034e-05,,10347.78,{},"{""total"": 30.0, ""market"": 70.0, ""wallet"": 0.0, ""momentum"": 45.0, ""security"": 30.0, ""liquidity"": 0.0, ""data_quality"": 60.0}"
f57fe263-0aa0-40e2-a5c4-2e09dec083b7,97PbAqx6JbahfW7baF6k1Q7J4EkqUNY8M8HC7fDVpump,2026-09-03 13:16:22.820122+00,2.054e-06,2288.4,2025,{},"{""total"": 26.5, ""market"": 30.0, ""wallet"": 0.0, ""momentum"": 0.0, ""security"": 20.0, ""liquidity"": 60.0, ""data_quality"": 100.0}"
049d175f-26e7-4a29-882f-0ee0164e28ea,4Va9h3ipJZRtCt6v2EqPCcjJjFU8P1BeA3M3QSuXpump,2026-09-03 13:16:25.384824+00,5.747e-06,,5747.62,{},"{""total"": 15.5, ""market"": 30.0, ""wallet"": 0.0, ""momentum"": 15.0, ""security"": 20.0, ""liquidity"": 0.0, ""data_quality"": 60.0}"
9e433a83-8f19-4d63-99db-1817c6801c82,6qC3DiLML6MBMA61Fj7seicCBrc28FdzMub16zSRpump,2026-09-03 13:16:27.94319+00,3.282e-06,,3282.03,{},"{""total"": 12.5, ""market"": 30.0, ""wallet"": 0.0, ""momentum"": 0.0, ""security"": 20.0, ""liquidity"": 0.0, ""data_quality"": 60.0}"
49574039-2a39-4740-bbed-f50b68e6f7de,4dYpZESEYsKZDk3gKbw9mpd2aMfmHgie7wbKpkQdpump,2026-09-03 13:16:30.410597+00,1.072e-05,,10720.64,{},"{""total"": 15.0, ""market"": 30.0, ""wallet"": 0.0, ""momentum"": 0.0, ""security"": 30.0, ""liquidity"": 0.0, ""data_quality"": 60.0}"
f65130a4-63f6-46ba-ad3b-d6e8236784bb,EnYMMJKBdFMvx4WvajicJmktkSV4Zj4fcdD1w8LPpump,2026-09-03 13:16:32.846232+00,2.472e-06,2807.26,2439,{},"{""total"": 29.5, ""market"": 30.0, ""wallet"": 0.0, ""momentum"": 15.0, ""security"": 20.0, ""liquidity"": 60.0, ""data_quality"": 100.0}"
4c5d3783-56f9-4609-bd6f-b0975901afb8,7QEXsEr7az1micNWyvf7qmM9DpuBBKjBw27ry9rqpump,2026-09-03 13:16:35.276935+00,2.382e-06,2675.14,2314,{},"{""total"": 26.5, ""market"": 30.0, ""wallet"": 0.0, ""momentum"": 0.0, ""security"": 20.0, ""liquidity"": 60.0, ""data_quality"": 100.0}"
c3b78194-10ba-40be-8c35-c331ad366fac,71GRQ9GkECtsuP9s1ThTo4GrwVEmE5HUXyks7sA9pump,2026-09-03 13:16:37.961151+00,2.962e-06,,2962.18,{},"{""total"": 12.5, ""market"": 30.0, ""wallet"": 0.0, ""momentum"": 0.0, ""security"": 20.0, ""liquidity"": 0.0, ""data_quality"": 60.0}"
1404ec72-f3c8-4ce3-a2d8-fa01fe35e7e1,3fUJCmN9TKUndmB9JRGcGYtvxRDscBBAgrf8yacEpump,2026-09-03 13:16:40.422023+00,4.373e-06,,4373.12,{},"{""total"": 19.5, ""market"": 30.0, ""wallet"": 0.0, ""momentum"": 35.0, ""security"": 20.0, ""liquidity"": 0.0, ""data_quality"": 60.0}"
39164f36-9880-4cb3-ab7c-82a08f212e54,GU9G1rzYz5CAnW5G6gByWiCyLswdENhaYyjTbpSMpump,2026-09-03 13:16:42.943399+00,2.843e-06,,2843.05,{},"{""total"": 12.5, ""market"": 30.0, ""wallet"": 0.0, ""momentum"": 0.0, ""security"": 20.0, ""liquidity"": 0.0, ""data_quality"": 60.0}"
b9a1892f-6681-4ecc-be5b-7a13f84ba0d7,B9rWRpbpYRvDVbFZQwgvaneY55EpULxwLwXmjB1zpump,2026-09-03 13:16:45.441399+00,2.866e-06,,2866.15,{},"{""total"": 12.5, ""market"": 30.0, ""wallet"": 0.0, ""momentum"": 0.0, ""security"": 20.0, ""liquidity"": 0.0, ""data_quality"": 60.0}"
9df8de52-5537-41f1-bb1d-a64d1a1a4bfc,Fj8dD9KUPD9YAJFBc9a8J2YkLx1Q8WdTH9mR4ZWTpump,2026-09-03 13:16:47.85768+00,2.208e-06,2474.29,2176,{},"{""total"": 26.5, ""market"": 30.0, ""wallet"": 0.0, ""momentum"": 0.0, ""security"": 20.0, ""liquidity"": 60.0, ""data_quality"": 100.0}"
bf9eb3ae-eddd-4bed-a919-1347132f724b,HL8Pk5kSR2xKagGrCvmHFzURXdq6mu9idp6JTfbupump,2026-09-03 13:16:50.290128+00,6.014e-06,,6014.79,{},"{""total"": 27.5, ""market"": 70.0, ""wallet"": 0.0, ""momentum"": 45.0, ""security"": 20.0, ""liquidity"": 0.0, ""data_quality"": 60.0}"
284438a2-1213-480b-86a2-708a9947ae33,NEW37tshbEuVKPZ6et9SDoMpumEy1PfQpX55Vcr8fUL,2026-09-03 13:16:52.915444+00,5.747e-06,4716.2,5482,{},"{""total"": 41.2, ""market"": 30.0, ""wallet"": 15.0, ""momentum"": 50.0, ""security"": 30.0, ""liquidity"": 60.0, ""data_quality"": 100.0}"
806d5680-95f5-42ab-a266-7cc4cfa73853,J1yoS599NNaynhMw1EUMrHdCASg2fqjthViKEe9epump,2026-09-03 13:16:55.42105+00,3.02e-06,2866.05,3020,{},"{""total"": 26.5, ""market"": 30.0, ""wallet"": 0.0, ""momentum"": 0.0, ""security"": 20.0, ""liquidity"": 60.0, ""data_quality"": 100.0}"
02dbffd7-3f82-47cb-ac75-e3ba05355029,7orob1bbPVDr97vWHRSEhDQ7JAGGgFZ6uPEwHtZMpump,2026-09-03 13:16:57.876899+00,2.059e-06,2063.51,1982,{},"{""total"": 26.5, ""market"": 30.0, ""wallet"": 0.0, ""momentum"": 0.0, ""security"": 20.0, ""liquidity"": 60.0, ""data_quality"": 100.0}"
bad97d22-bd44-4d8b-9a5f-67a1789aed4a,Cf9mna8m7eSZ6qyCF3E9nnA55CBh2ei3a3WNMj6Xpump,2026-09-03 13:17:00.463362+00,4.131e-05,,41318.11,{},"{""total"": 12.5, ""market"": 30.0, ""wallet"": 0.0, ""momentum"": 0.0, ""security"": 20.0, ""liquidity"": 0.0, ""data_quality"": 60.0}"
b1a10292-fc80-4dc7-87f7-2f56d02f4b06,2eDSbV9rYTvqNkikbFNBn36HL4fYbQM4n5ZGxRG1pump,2026-09-03 13:17:02.947697+00,3.829e-05,14756.94,38294,{},"{""total"": 60.2, ""market"": 85.0, ""wallet"": 30.0, ""momentum"": 45.0, ""security"": 60.0, ""liquidity"": 70.0, ""data_quality"": 100.0}"
0eff85b5-966a-47e1-9b03-d71ad5b76de7,A2wVTmqTcyrBiXqexpskupvyd21ckqoydGtMyPXUpump,2026-09-03 13:17:05.460203+00,3.939e-06,,3939.37,{},"{""total"": 12.5, ""market"": 30.0, ""wallet"": 0.0, ""momentum"": 0.0, ""security"": 20.0, ""liquidity"": 0.0, ""data_quality"": 60.0}"
9327212c-6613-4793-8a83-f469a9ace56f,B33yWXo4uNSmZDkNMNCNi95DRAChEB2LVFpD1LqGpump,2026-09-03 13:17:07.921788+00,4.844e-06,4139.52,4612,{},"{""total"": 29.5, ""market"": 30.0, ""wallet"": 0.0, ""momentum"": 15.0, ""security"": 20.0, ""liquidity"": 60.0, ""data_quality"": 100.0}"
6c10948c-3cb2-4aa3-b4c3-b04c5e9a4690,4xGLW7ZzQXj1UfA1HtsjwDvQf8XoGvvhMYYx9x33pump,2026-09-03 13:17:10.445091+00,5.029e-06,,5029.49,{},"{""total"": 31.8, ""market"": 50.0, ""wallet"": 15.0, ""momentum"": 45.0, ""security"": 40.0, ""liquidity"": 0.0, ""data_quality"": 60.0}"
4d21a19f-910c-4636-9ff6-f831368d607b,9eECz3PAyTTYr1YR8B41EAzGCk6bQW6BkFMovLpCpump,2026-09-03 13:17:12.905893+00,0.0001132,27342.97,113230,{},"{""total"": 74.0, ""market"": 100.0, ""wallet"": 55.0, ""momentum"": 65.0, ""security"": 75.0, ""liquidity"": 70.0, ""data_quality"": 100.0}"
4b1f151d-9827-4513-9c58-7638ac80503d,EjdSHfdgTSvraKco5nDz1d9rX7W1wosKVG5MTwQ2sBM2,2026-09-03 13:17:15.442859+00,2.934e-06,,2934.77,{},"{""total"": 15.5, ""market"": 30.0, ""wallet"": 0.0, ""momentum"": 15.0, ""security"": 20.0, ""liquidity"": 0.0, ""data_quality"": 60.0}"
eeed37c0-1410-4307-8c0d-5b6d0c1ba692,CahoLMbXxyfX7C5UVeRKFrNSUysiXdq2x2u27D66pump,2026-09-03 13:17:17.938584+00,3.671e-06,,3671.02,{},"{""total"": 24.5, ""market"": 70.0, ""wallet"": 0.0, ""momentum"": 30.0, ""security"": 20.0, ""liquidity"": 0.0, ""data_quality"": 60.0}"
76a8bbdc-0627-4d11-bfd8-2ad89bdfd247,CLd4sKq53pWpjqwaUG3EBnqFMf8242GnZqvPyyqepump,2026-09-03 13:17:20.468295+00,2.935e-05,12746.91,27679,{},"{""total"": 59.2, ""market"": 85.0, ""wallet"": 20.0, ""momentum"": 60.0, ""security"": 50.0, ""liquidity"": 70.0, ""data_quality"": 100.0}"
2f96412e-0dd9-4af5-b070-8dbff23949af,GbYwBpr7USaSfpFZrrFE3ccWNpwFJjv5fJFbL8Pjpump,2026-09-03 13:17:22.951823+00,5.188e-06,4321.51,5189,{},"{""total"": 38.5, ""market"": 70.0, ""wallet"": 0.0, ""momentum"": 30.0, ""security"": 20.0, ""liquidity"": 60.0, ""data_quality"": 100.0}"
40411ae7-98c1-4fc5-9358-856faecefdeb,8G7aM6Gco4fHjVpmVvUdVvhKMKaWXJEqkCKRvPdepump,2026-09-03 13:17:25.412639+00,9.402e-06,,9402.07,{},"{""total"": 43.2, ""market"": 85.0, ""wallet"": 30.0, ""momentum"": 65.0, ""security"": 40.0, ""liquidity"": 0.0, ""data_quality"": 60.0}"
fe80392e-c69c-4c79-ad77-650584dcd7df,6cv61jKje9MazgEFeR8SQcjbT8eNGvov36nGSex3pump,2026-09-03 13:17:27.983183+00,3.693e-05,,36938.48,{},"{""total"": 30.8, ""market"": 85.0, ""wallet"": 0.0, ""momentum"": 50.0, ""security"": 20.0, ""liquidity"": 0.0, ""data_quality"": 60.0}"
7b8be434-b453-419f-be82-68af778722ae,7yJG5f4zJseh6VUGmxTHSGma8eLXJWQh5K4GygU6pump,2026-09-03 13:17:30.412792+00,1.422e-05,,14220.25,{},"{""total"": 45.2, ""market"": 85.0, ""wallet"": 10.0, ""momentum"": 65.0, ""security"": 60.0, ""liquidity"": 0.0, ""data_quality"": 60.0}"
87dd0c83-493e-4393-b98b-4065c55e778a,Dzddja1BqGN18kks2Zqdg4iXRw5NnHvmYy1h1qdKpump,2026-09-03 13:17:45.340251+00,2.202e-06,2208.51,2104,{},"{""total"": 19.5, ""market"": 30.0, ""wallet"": 0.0, ""momentum"": 0.0, ""security"": 20.0, ""liquidity"": 25.0, ""data_quality"": 100.0}"
225d4c1c-52e8-4c59-a32d-6430597dd678,7LK6hiKa6SEDVLehpFzx1nw6RAA76d91Q8pNiyVJpump,2026-09-03 13:17:46.723633+00,4.378e-06,,4378.53,{},"{""total"": 12.5, ""market"": 30.0, ""wallet"": 0.0, ""momentum"": 0.0, ""security"": 20.0, ""liquidity"": 0.0, ""data_quality"": 60.0}"
2a0722dc-5aef-4004-ae3c-985d53bb4e88,4X8fMRgXTCdTNk9ndfkqpxGDKEj6TVhVXL5V9dcc1GhT,2026-09-03 13:17:48.152441+00,2.38e-05,,23800.66,{},"{""total"": 24.5, ""market"": 30.0, ""wallet"": 30.0, ""momentum"": 0.0, ""security"": 50.0, ""liquidity"": 0.0, ""data_quality"": 60.0}"
6ba3ebbf-544a-487c-ad6b-a57a413a7aa4,25dMkuq48c36iAw5XonRa2G4qqCEkdLptEmJFmjmpump,2026-09-03 13:17:49.562875+00,2.852e-06,,2852.59,{},"{""total"": 12.5, ""market"": 30.0, ""wallet"": 0.0, ""momentum"": 0.0, ""security"": 20.0, ""liquidity"": 0.0, ""data_quality"": 60.0}"
ed51a011-c84e-441a-8cb7-c32adbf19a96,2ddMcFkjrhdpQhJ3ZmG4DyPnkF3wZ36heCrNRGoppump,2026-09-03 13:17:51.049182+00,2.071e-05,12643.31,19664,{},"{""total"": 36.2, ""market"": 45.0, ""wallet"": 30.0, ""momentum"": 15.0, ""security"": 40.0, ""liquidity"": 35.0, ""data_quality"": 100.0}"
86be3596-df2f-4e3b-b5d3-98ce57ec598c,5vhw96LZoKA4K8kbBkTJXBYvJSN1RWJzJgJbYEorBChv,2026-09-03 13:17:52.435778+00,76.064,1597167516.06,1597357236,{},"{""total"": 28.5, ""market"": 30.0, ""wallet"": 0.0, ""momentum"": 0.0, ""security"": 20.0, ""liquidity"": 70.0, ""data_quality"": 100.0}"
dc40de59-af28-4eb8-b512-0e6b9f6c3ed2,GqR98CsEbPtV2zcEGMbHpbL2BDEURG5poH5cAVNqmwey,2026-09-03 13:17:53.849384+00,85.48,1795109621.01,1795250824,{},"{""total"": 30.5, ""market"": 30.0, ""wallet"": 0.0, ""momentum"": 0.0, ""security"": 20.0, ""liquidity"": 80.0, ""data_quality"": 100.0}"
453de383-8644-4c87-85c2-c33696f1ecad,4CX9pg8hTJCqAnpY3Xqkvt6i7aQ6UtNPPifE64vMM8r1,2026-09-03 13:17:55.294077+00,100.54,50270053.09,4926464141740,{},"{""total"": 27.5, ""market"": 10.0, ""wallet"": 0.0, ""momentum"": 0.0, ""security"": 20.0, ""liquidity"": 80.0, ""data_quality"": 100.0}"
46487962-d64e-4248-9a37-a7240e0c62dd,Ghd7yhW6b1Uqv1eaG5hQKBN9AoqWzjmUx227VrRdpump,2026-09-03 13:17:56.68506+00,4.577e-06,,4577.68,{},"{""total"": 12.5, ""market"": 30.0, ""wallet"": 0.0, ""momentum"": 0.0, ""security"": 20.0, ""liquidity"": 0.0, ""data_quality"": 60.0}"
b6e57cb3-805a-4875-ba9c-ddc564c0ea08,7AEEdoP2zhMad1tkFNYyDnDB9Hjy7sb1LSB2KxAQr3EV,2026-09-03 13:17:58.078563+00,85.019,1219101.02,1275204,{},"{""total"": 30.5, ""market"": 30.0, ""wallet"": 0.0, ""momentum"": 0.0, ""security"": 20.0, ""liquidity"": 80.0, ""data_quality"": 100.0}"
2387aa99-6965-4f19-bfa1-5ed6aa8b4daf,HHfdkSjJLzwAjcFTsYAz8t8oQArYt2Jo737pDYPbpump,2026-09-03 13:17:59.457402+00,3.808e-06,,3808.71,{},"{""total"": 12.5, ""market"": 30.0, ""wallet"": 0.0, ""momentum"": 0.0, ""security"": 20.0, ""liquidity"": 0.0, ""data_quality"": 60.0}"
4f6f4045-bf79-4c23-8d17-1f1cca296b60,3sUubhHpm3kqH4ZU2osRScce5wEqUPTCptUjm5brpump,2026-09-03 13:18:00.902541+00,2.842e-06,,2842.08,{},"{""total"": 12.5, ""market"": 30.0, ""wallet"": 0.0, ""momentum"": 0.0, ""security"": 20.0, ""liquidity"": 0.0, ""data_quality"": 60.0}"
e24f3552-402f-4401-bc21-3e8d0318691b,Gffw364rz4r93aYum3BHynoi5iw1gsq2m4P2Py6gpump,2026-09-03 13:18:02.322769+00,4.543e-06,4278.31,4464,{},"{""total"": 19.5, ""market"": 30.0, ""wallet"": 0.0, ""momentum"": 0.0, ""security"": 20.0, ""liquidity"": 25.0, ""data_quality"": 100.0}"
ad1b4440-0965-4787-a9ff-0c6c6fb0db85,F59cEB3A7RAKHGtkvR577swnPSP6EsdaBoL5AcVZpump,2026-09-03 13:18:03.814942+00,2.971e-06,,2971.36,{},"{""total"": 12.5, ""market"": 30.0, ""wallet"": 0.0, ""momentum"": 0.0, ""security"": 20.0, ""liquidity"": 0.0, ""data_quality"": 60.0}"
ceb0b566-8e22-4ae5-b045-a6fc1f348a14,3srxCNyuzwtT6LodQJs1xf4fwYAG9qYXUv1WDiNVpump,2026-09-03 13:18:05.240321+00,3.047e-06,,3047.94,{},"{""total"": 12.5, ""market"": 30.0, ""wallet"": 0.0, ""momentum"": 0.0, ""security"": 20.0, ""liquidity"": 0.0, ""data_quality"": 60.0}"
f1c49493-29aa-4881-8435-c814a0f6c366,zUwDFNFSCCK9c3uA2H3UoEjJA6Cha7nBvJZBTZFpump,2026-09-03 13:18:06.648336+00,2.566e-06,2502.6,2241,{},"{""total"": 24.5, ""market"": 30.0, ""wallet"": 0.0, ""momentum"": 0.0, ""security"": 20.0, ""liquidity"": 50.0, ""data_quality"": 100.0}"
97e8056c-df55-45d2-92e2-bfd3cfc4096d,DUvzkkEqabsf1U8jZvbrBp38RieQXBzpoqLka61hpump,2026-09-03 13:18:08.059125+00,2.874e-06,,2874.46,{},"{""total"": 12.5, ""market"": 30.0, ""wallet"": 0.0, ""momentum"": 0.0, ""security"": 20.0, ""liquidity"": 0.0, ""data_quality"": 60.0}"
b87d4e88-4b86-4c13-8972-b319ddac0000,68bkvddGS1FKC1BoxFcfbAkaunjxixZ5CK7Hob8qpump,2026-09-03 13:18:09.47436+00,3.71e-06,,3710.92,{},"{""total"": 12.5, ""market"": 30.0, ""wallet"": 0.0, ""momentum"": 0.0, ""security"": 20.0, ""liquidity"": 0.0, ""data_quality"": 60.0}"
90d34640-de92-4d1b-9dd8-340616bc3537,EFSy2VB3gymYe6tmTzkvqVuqcYQziqogCN4jcN23pump,2026-09-03 13:18:10.86131+00,3.606e-06,3318.48,3431,{},"{""total"": 22.5, ""market"": 30.0, ""wallet"": 0.0, ""momentum"": 15.0, ""security"": 20.0, ""liquidity"": 25.0, ""data_quality"": 100.0}"
95916023-8e70-47a4-8fd9-56a4b1fd3302,GTr7KTPznLyaLyTaXJ2f1dWrph5CXRDnC734nWZLpump,2026-09-03 13:18:12.275275+00,1.867e-06,1901.47,1843,{},"{""total"": 18.5, ""market"": 30.0, ""wallet"": 0.0, ""momentum"": 0.0, ""security"": 20.0, ""liquidity"": 20.0, ""data_quality"": 100.0}"
508c3d3e-6d49-4361-a87e-03a10840a65c,GJ5HefCCD3zW3GeBEUjSyEmoEz8jsZVt5NmPLSDDpump,2026-09-03 13:18:13.725677+00,4.735e-06,4335.89,4577,{},"{""total"": 19.5, ""market"": 30.0, ""wallet"": 0.0, ""momentum"": 0.0, ""security"": 20.0, ""liquidity"": 25.0, ""data_quality"": 100.0}"
3bd6c582-2168-4b23-9ea2-f97c526e1079,C8pd5Ak9TQZDG36USAbAidXd38DZLURjuorQB3KApump,2026-09-03 13:18:15.182452+00,2.908e-06,,2908.65,{},"{""total"": 12.5, ""market"": 30.0, ""wallet"": 0.0, ""momentum"": 0.0, ""security"": 20.0, ""liquidity"": 0.0, ""data_quality"": 60.0}"
20f259d2-31d8-4346-aa2a-00791fa1933f,2LZVYtmknWbgKvbDXxuPbzuqjc2w58KknfXT6WL2pump,2026-09-03 13:18:16.654185+00,3.322e-06,,3322.91,{},"{""total"": 12.5, ""market"": 30.0, ""wallet"": 0.0, ""momentum"": 0.0, ""security"": 20.0, ""liquidity"": 0.0, ""data_quality"": 60.0}"
3949c4ec-97e4-4bd7-91b4-ce750c27853d,EWNq2MZsfzJoM9j6Ec8cLve6jdUn8gBSDUAHrWSJpump,2026-09-03 13:18:18.058513+00,2.809e-06,,2809.87,{},"{""total"": 12.5, ""market"": 30.0, ""wallet"": 0.0, ""momentum"": 0.0, ""security"": 20.0, ""liquidity"": 0.0, ""data_quality"": 60.0}"
34b0f62a-9505-46c7-877a-a74f4982fcfc,GdQJ6PNLEjM53Enyinfbi6hxppeHPcPJJ7ToaQRapump,2026-09-03 13:18:19.459851+00,2.819e-06,,2819.87,{},"{""total"": 12.5, ""market"": 30.0, ""wallet"": 0.0, ""momentum"": 0.0, ""security"": 20.0, ""liquidity"": 0.0, ""data_quality"": 60.0}"
5a462fac-2027-4aa0-8a7c-0bff7b850af3,6m6hkSNrZ1FxuLLdbcf9UAraPvUZMgfcCSsx3hh4pump,2026-09-03 13:18:20.898093+00,4.715e-06,,4715.67,{},"{""total"": 12.5, ""market"": 30.0, ""wallet"": 0.0, ""momentum"": 0.0, ""security"": 20.0, ""liquidity"": 0.0, ""data_quality"": 60.0}"
7e7344bc-eb14-4cb6-96dd-e30782ed4d06,Dj2WeeaTWdPJHMYqzKBwHJBU27XDVBfGmtiPvQzzpump,2026-09-03 13:18:22.285714+00,3.087e-06,,3087.78,{},"{""total"": 12.5, ""market"": 30.0, ""wallet"": 0.0, ""momentum"": 0.0, ""security"": 20.0, ""liquidity"": 0.0, ""data_quality"": 60.0}"
05f8ab66-bf93-4a8f-a553-f0c82ee1a1fe,EoKqyKksc4ekiPVuBD9FiztYQHkV59x8KTcZ3ReLpump,2026-09-03 13:18:23.715188+00,4.403e-06,3996.85,4302,{},"{""total"": 19.5, ""market"": 30.0, ""wallet"": 0.0, ""momentum"": 0.0, ""security"": 20.0, ""liquidity"": 25.0, ""data_quality"": 100.0}"
fc4087a7-cb3a-4aac-b4dc-fb1ac901975f,8c99wy5pUgbw7hQ27EN2p2D8qPHiDKfR5uLRK4vkHL2r,2026-09-03 13:18:25.096114+00,4.183e-06,,4183.15,{},"{""total"": 12.5, ""market"": 30.0, ""wallet"": 0.0, ""momentum"": 0.0, ""security"": 20.0, ""liquidity"": 0.0, ""data_quality"": 60.0}"
db9ab1ea-4833-4481-ac1f-0353f1c638ca,HfZJvsgbL78txPpfioZNGy8nH5bL8BBBaYJ3JYZfpump,2026-09-03 13:18:26.498969+00,2.823e-06,,2823.52,{},"{""total"": 12.5, ""market"": 30.0, ""wallet"": 0.0, ""momentum"": 0.0, ""security"": 20.0, ""liquidity"": 0.0, ""data_quality"": 60.0}"
cbffe654-5f33-4c35-9c3d-647ae9c95742,AZuW2zqu3wb9kWvgbWud5bYgJeDrzfgb6nGRHDG7pump,2026-09-03 13:18:27.892584+00,2.882e-06,,2882.5,{},"{""total"": 12.5, ""market"": 30.0, ""wallet"": 0.0, ""momentum"": 0.0, ""security"": 20.0, ""liquidity"": 0.0, ""data_quality"": 60.0}"
3ebfed58-9dfa-43d9-a267-352daac4795e,ApTCvzxRPJEeicnS9gx7fLZDTJLM4av2vtnmXL9Xpump,2026-09-03 13:18:29.343689+00,2.024e-06,2093.36,1954,{},"{""total"": 24.5, ""market"": 30.0, ""wallet"": 0.0, ""momentum"": 0.0, ""security"": 20.0, ""liquidity"": 50.0, ""data_quality"": 100.0}"
9ef8b951-191b-46ad-bed0-34108ffea467,GpvRM8XQ5QisXkP4BHDyBa85Bbijg7wEYkXTkZupump,2026-09-03 13:18:30.837073+00,1.892e-06,2018.03,1871,{},"{""total"": 19.5, ""market"": 30.0, ""wallet"": 0.0, ""momentum"": 0.0, ""security"": 20.0, ""liquidity"": 25.0, ""data_quality"": 100.0}"
bcb43d90-befc-49b2-aa40-f5ab762a3bab,A4cnthYJkeGoYKQiNpX3P56GK5p2rh4pjcTXZJUgKkNt,2026-09-03 13:18:32.277401+00,2.874e-06,,2874.09,{},"{""total"": 12.5, ""market"": 30.0, ""wallet"": 0.0, ""momentum"": 0.0, ""security"": 20.0, ""liquidity"": 0.0, ""data_quality"": 60.0}"
2734a8e3-19e1-4985-a74e-f774e5bfd28a,6JZfJw1ufSgU9Bt3mAsKQBCo5rtHi6hJuGzmKwhGwv8,2026-09-03 13:18:33.691383+00,2.667e-06,2639.28,2346,{},"{""total"": 19.5, ""market"": 30.0, ""wallet"": 0.0, ""momentum"": 0.0, ""security"": 20.0, ""liquidity"": 25.0, ""data_quality"": 100.0}"
532d57e5-b512-49c3-85e0-c22e88bad35b,HmaHhC9vBh43gZnNTUFGNGP1A72jH1MXKjhHRWw2Ja8F,2026-09-03 13:18:35.096732+00,2.693e-06,2645.36,2561,{},"{""total"": 19.5, ""market"": 30.0, ""wallet"": 0.0, ""momentum"": 0.0, ""security"": 20.0, ""liquidity"": 25.0, ""data_quality"": 100.0}"
eb8bc99b-c736-4eca-91f3-f3ab5d8add96,HxYDzq3yaEceE5j4Va2ageC2MzPZW1FtYexd82Uupump,2026-09-03 13:18:36.532412+00,2.862e-06,,2862.53,{},"{""total"": 12.5, ""market"": 30.0, ""wallet"": 0.0, ""momentum"": 0.0, ""security"": 20.0, ""liquidity"": 0.0, ""data_quality"": 60.0}"
cc7135b7-64c5-40d2-ad26-f998508fc4e0,4otmDELcUnFZRoCJCmVmxWZtTXcpf1avid1EPSCtt7P2,2026-09-03 13:18:37.911023+00,3.438e-06,,3438.61,{},"{""total"": 12.5, ""market"": 30.0, ""wallet"": 0.0, ""momentum"": 0.0, ""security"": 20.0, ""liquidity"": 0.0, ""data_quality"": 60.0}"
d16cdf19-b0cd-4585-850a-289300e9d5f3,AtHFFHmSQeNQiMpH9GKsv9nf8LtLMAkyhrHpX7633MVe,2026-09-03 13:18:39.294202+00,2.809e-06,,2809.9,{},"{""total"": 12.5, ""market"": 30.0, ""wallet"": 0.0, ""momentum"": 0.0, ""security"": 20.0, ""liquidity"": 0.0, ""data_quality"": 60.0}"
300c2dc6-9e86-4d72-9e71-3674bc72cebe,ERRK7hxgLBmkMaEFprtLiQB6rHKvGBDN4Ayjg72Mpump,2026-09-03 13:18:40.683854+00,2.383e-06,2630.72,2350,{},"{""total"": 19.5, ""market"": 30.0, ""wallet"": 0.0, ""momentum"": 0.0, ""security"": 20.0, ""liquidity"": 25.0, ""data_quality"": 100.0}"
4f73e86d-60b8-46bc-8ee8-85972127bc44,FrrucGKCp6JcFjVnMcbEHa2cagfpZ8uFFCE5NrSnkjuT,2026-09-03 13:18:42.135668+00,4.18e-06,,4180.66,{},"{""total"": 12.5, ""market"": 30.0, ""wallet"": 0.0, ""momentum"": 0.0, ""security"": 20.0, ""liquidity"": 0.0, ""data_quality"": 60.0}"
9a41e3f0-b24c-4a63-a839-4c33ad7b8dd8,21ZJyBxMr4DwT6WJw36pEQ2Ft2hqTmZ7gkdv8Wvdpump,2026-09-03 13:18:43.576909+00,3.008e-06,,3008.41,{},"{""total"": 12.5, ""market"": 30.0, ""wallet"": 0.0, ""momentum"": 0.0, ""security"": 20.0, ""liquidity"": 0.0, ""data_quality"": 60.0}"
21b923c0-6041-44b4-8c6c-8788c7775217,3gU4JJPy93ufQGMEWRfgjkRpSWyT2LgGW7zgYaVtcCTP,2026-09-03 13:18:44.989+00,2.55e-06,2511.85,2436,{},"{""total"": 19.5, ""market"": 30.0, ""wallet"": 0.0, ""momentum"": 0.0, ""security"": 20.0, ""liquidity"": 25.0, ""data_quality"": 100.0}"
782c4a99-1bd9-4cce-b392-c2394340c691,cxFSZUy649fuK6rNEPnbgbxaXPMgRLaWv83ueNbpump,2026-09-03 13:18:46.42879+00,4.456e-06,,4456.84,{},"{""total"": 12.5, ""market"": 30.0, ""wallet"": 0.0, ""momentum"": 0.0, ""security"": 20.0, ""liquidity"": 0.0, ""data_quality"": 60.0}"
c48cf9f5-8026-4fc9-bebf-82dda8426fe7,CFgnMXqJS556XF1UQWyB92BtTDt2XWGpVLTKkPiKCA9D,2026-09-03 13:18:47.851557+00,3.401e-06,,3401.15,{},"{""total"": 12.5, ""market"": 30.0, ""wallet"": 0.0, ""momentum"": 0.0, ""security"": 20.0, ""liquidity"": 0.0, ""data_quality"": 60.0}"
de061b20-83e7-4fb1-8693-ab99ed9647e3,4qTuQFoCMQDJij6ZQZRHntC6sNMx9yHeyiG7GHngqHoY,2026-09-03 13:18:49.360544+00,6.396e-06,5282.69,5985,{},"{""total"": 22.0, ""market"": 30.0, ""wallet"": 0.0, ""momentum"": 0.0, ""security"": 30.0, ""liquidity"": 25.0, ""data_quality"": 100.0}"
cc218c46-73f4-49f2-892e-0db4dd7da88d,5BDsmq87FgUKkqW29vberYorfPWD8NL9va5t1zCYpump,2026-09-03 13:18:50.787868+00,4.084e-06,,4084.27,{},"{""total"": 12.5, ""market"": 30.0, ""wallet"": 0.0, ""momentum"": 0.0, ""security"": 20.0, ""liquidity"": 0.0, ""data_quality"": 60.0}"
b41c9e5b-391b-411a-adf4-f59a82514bfb,ECUyKMBoz5HLjNWCnZNDTR2aLyt26t4eyGNMjae2eiWm,2026-09-03 13:18:52.255354+00,3.039e-06,,3039.83,{},"{""total"": 12.5, ""market"": 30.0, ""wallet"": 0.0, ""momentum"": 0.0, ""security"": 20.0, ""liquidity"": 0.0, ""data_quality"": 60.0}"
cfc62de0-db12-4551-841f-91db6d54d65b,GirvMauAG3rkaL2stHLVZdduTv9a5m8KvGj32pVJMMiD,2026-09-03 13:18:53.705157+00,4.865e-05,,48651.39,{},"{""total"": 12.5, ""market"": 30.0, ""wallet"": 0.0, ""momentum"": 0.0, ""security"": 20.0, ""liquidity"": 0.0, ""data_quality"": 60.0}"
3d0522ad-d56f-4071-9e3e-33a72c30e2ea,GVXhTtjmabMHtN8J7VmyYUHV13zn9MQhNDcoDBbmpump,2026-09-03 13:18:55.116922+00,2.895e-06,,2895.9,{},"{""total"": 12.5, ""market"": 30.0, ""wallet"": 0.0, ""momentum"": 0.0, ""security"": 20.0, ""liquidity"": 0.0, ""data_quality"": 60.0}"
3c6a8436-4559-4c03-b2ee-65af2b75f22e,Hmy49dJRNzqfKv1Q2W6iYw6yjUbzB35pJv9j5o2mf5aX,2026-09-03 13:18:56.562941+00,4.817e-05,,48175.67,{},"{""total"": 12.5, ""market"": 30.0, ""wallet"": 0.0, ""momentum"": 0.0, ""security"": 20.0, ""liquidity"": 0.0, ""data_quality"": 60.0}"
dbda838a-0d63-4e78-94f3-a038742e45ff,HV9xeQdj3RnszuCkoqcTe78SiQpzgU2rKaJZpEZcKQZ1,2026-09-03 13:18:57.994095+00,4.847e-05,,48471.49,{},"{""total"": 12.5, ""market"": 30.0, ""wallet"": 0.0, ""momentum"": 0.0, ""security"": 20.0, ""liquidity"": 0.0, ""data_quality"": 60.0}"
8ff6bff2-5d08-469f-8085-e301487d797c,Fq17uNNQgwJG5szmaEheVrQXUnoZn1BuFiDKFACLpump,2026-09-03 13:18:59.385981+00,2.061e-06,2260.43,2037,{},"{""total"": 19.5, ""market"": 30.0, ""wallet"": 0.0, ""momentum"": 0.0, ""security"": 20.0, ""liquidity"": 25.0, ""data_quality"": 100.0}"
edd5b8b5-1e3a-4380-a537-da3cd145fe3a,F86tVWTd5CZaU3PnXDfb1Rsx6XmnzL1uq2t12xswpump,2026-09-03 13:19:00.871929+00,2.807e-06,,2807.4,{},"{""total"": 12.5, ""market"": 30.0, ""wallet"": 0.0, ""momentum"": 0.0, ""security"": 20.0, ""liquidity"": 0.0, ""data_quality"": 60.0}"
0ac6ddf6-32ee-4db2-86fc-35e25551f9f1,DzwioiVutS4DxRXVtvnT4o9CvSg1BXxi5iMxi4oMpump,2026-09-03 13:19:02.248085+00,1.874e-06,1919.3,1852,{},"{""total"": 18.5, ""market"": 30.0, ""wallet"": 0.0, ""momentum"": 0.0, ""security"": 20.0, ""liquidity"": 20.0, ""data_quality"": 100.0}"
7885fa9a-967d-4315-9aa7-569330c7148b,6cYvt6hM4PU4hfTusvuXXr1gdVwSRYVXzZh41ecNpump,2026-09-03 13:19:03.626085+00,5.132e-06,,5132.47,{},"{""total"": 12.5, ""market"": 30.0, ""wallet"": 0.0, ""momentum"": 0.0, ""security"": 20.0, ""liquidity"": 0.0, ""data_quality"": 60.0}"
a69448e2-6952-40a0-a9c5-17ad5d73db89,8P5D3QE7Ly2cL6dcay5SRodNACmfWDfPEk6pThb4pump,2026-09-03 13:19:05.061166+00,2.022e-06,2072.61,1947,{},"{""total"": 24.5, ""market"": 30.0, ""wallet"": 0.0, ""momentum"": 0.0, ""security"": 20.0, ""liquidity"": 50.0, ""data_quality"": 100.0}"
51a03836-7e36-4ae4-92fa-d59e7cc3ab7a,CZ5K6VYWk7BJxKy7QUn3nUo2jYrZ3hNMjdp9vYjcpump,2026-09-03 13:19:06.514313+00,2.409e-06,2531.42,2376,{},"{""total"": 19.5, ""market"": 30.0, ""wallet"": 0.0, ""momentum"": 0.0, ""security"": 20.0, ""liquidity"": 25.0, ""data_quality"": 100.0}"
5fea3ac2-27e3-4475-97d2-3fe3cd47ce0b,232BE9YxiJ1qHAJH8ymCojmX7BjePxKcitaJ6dqopump,2026-09-03 13:19:07.934187+00,3.024e-05,13918.66,29922,{},"{""total"": 56.2, ""market"": 65.0, ""wallet"": 50.0, ""momentum"": 60.0, ""security"": 60.0, ""liquidity"": 35.0, ""data_quality"": 100.0}"
663091e3-1dd1-4d59-8358-20e54e311bb8,9UY5tJCzmJRyLgyiJJYAnmEaDwWdsCzvNpVhP5rbpump,2026-09-03 13:19:09.331048+00,2.88e-06,,2880.92,{},"{""total"": 12.5, ""market"": 30.0, ""wallet"": 0.0, ""momentum"": 0.0, ""security"": 20.0, ""liquidity"": 0.0, ""data_quality"": 60.0}"
c851146f-ade6-4f1c-86c6-42bb8f56a56a,64RZYAWaiNDGDjMMZM1c3idzPRnQEdKfPVwuww25pump,2026-09-03 13:19:10.727696+00,2.878e-06,,2878.75,{},"{""total"": 12.5, ""market"": 30.0, ""wallet"": 0.0, ""momentum"": 0.0, ""security"": 20.0, ""liquidity"": 0.0, ""data_quality"": 60.0}"
36bcbba1-256c-4933-85b5-5b50e967162d,4EVGGsR3X3CU6XUeKu6gXrFGwo5hEQgA1bzBoCGgpump,2026-09-03 13:19:12.127077+00,3.212e-06,3163.68,3167,{},"{""total"": 19.5, ""market"": 30.0, ""wallet"": 0.0, ""momentum"": 0.0, ""security"": 20.0, ""liquidity"": 25.0, ""data_quality"": 100.0}"
eb43cbd6-3270-439a-8481-f3fb765a4146,4YiRcFFUcmkjQp8R87mZJvtNRZbzYvgP3n3tnVBapump,2026-09-03 13:19:13.545756+00,2.804e-06,,2804.75,{},"{""total"": 12.5, ""market"": 30.0, ""wallet"": 0.0, ""momentum"": 0.0, ""security"": 20.0, ""liquidity"": 0.0, ""data_quality"": 60.0}"
650f3d2d-d38b-4650-a114-7da605c0f112,CUnwTKdCPMGghbciEuBcS4T1w2zYv25rrCq8z1cvpump,2026-09-03 13:19:14.97483+00,3.508e-06,3212.32,2517,{},"{""total"": 24.5, ""market"": 30.0, ""wallet"": 0.0, ""momentum"": 0.0, ""security"": 20.0, ""liquidity"": 50.0, ""data_quality"": 100.0}"
bb22dd71-7b99-43bc-94da-2d989e687612,9gyMnBvZTQi8ZrSWBeSKPkRjAweQhsrwHSoMDz6KtKaa,2026-09-03 13:19:16.419287+00,2.863e-06,,2863.3,{},"{""total"": 12.5, ""market"": 30.0, ""wallet"": 0.0, ""momentum"": 0.0, ""security"": 20.0, ""liquidity"": 0.0, ""data_quality"": 60.0}"
10b7569d-658c-4d09-b315-6777a284e0a2,C7nPqs1zLqBMxybaBorzD1jau2Stwv4H7ipEVw9gpump,2026-09-03 13:19:17.880125+00,4.29e-06,,4290.33,{},"{""total"": 12.5, ""market"": 30.0, ""wallet"": 0.0, ""momentum"": 0.0, ""security"": 20.0, ""liquidity"": 0.0, ""data_quality"": 60.0}"
44f13d21-3c12-477b-8f6f-afec1ad625b4,eqnidra8rp8UttMDx67GrWuHjKuzkiayEsXB9wBpump,2026-09-03 13:19:19.269195+00,1.16e-05,,11606.5,{},"{""total"": 17.2, ""market"": 30.0, ""wallet"": 15.0, ""momentum"": 0.0, ""security"": 30.0, ""liquidity"": 0.0, ""data_quality"": 60.0}"
45a64fea-8b79-4e95-9f6c-91e4ef963073,HTxbgkRZ4CkioKebc4Dj3K4BhfpGVtcW8JK867i5oyYU,2026-09-03 13:19:20.712118+00,2.99e-06,,2990.45,{},"{""total"": 12.5, ""market"": 30.0, ""wallet"": 0.0, ""momentum"": 0.0, ""security"": 20.0, ""liquidity"": 0.0, ""data_quality"": 60.0}"
d275bd9a-f33f-4b3b-b909-72b25c1f331c,HQEm36fjBb9vCa4ngMSrUyMi5ijRUgLABU8P2YJJpump,2026-09-03 13:19:22.243199+00,2.905e-05,,29058.73,{},"{""total"": 27.5, ""market"": 30.0, ""wallet"": 30.0, ""momentum"": 15.0, ""security"": 50.0, ""liquidity"": 0.0, ""data_quality"": 60.0}"
3803c6b7-222a-4b0d-8110-de88d9ac6d42,JAXDPeV7FkZ9niKckjLEoX7WixGf5SJR3TprmDcswr1d,2026-09-03 13:19:23.636309+00,0.0001626,37616.95,162655,{},"{""total"": 54.2, ""market"": 45.0, ""wallet"": 60.0, ""momentum"": 0.0, ""security"": 70.0, ""liquidity"": 80.0, ""data_quality"": 100.0}"
dbfe70c4-55ad-4816-a2f3-849fae560c70,DGxNfqdqQLxCdrNZrbcA9AutX2cobj7Nx4dpJmDVpump,2026-09-03 13:19:25.06912+00,2.416e-06,2771.02,2387,{},"{""total"": 19.5, ""market"": 30.0, ""wallet"": 0.0, ""momentum"": 0.0, ""security"": 20.0, ""liquidity"": 25.0, ""data_quality"": 100.0}"
ef201d75-4394-4db5-8f01-114a8a1abf9c,GaCoj6Ft8Uu6pc2rUviXzTwAtazum3dDc6tFTA8Vpump,2026-09-03 13:19:26.465316+00,3.634e-06,,3634.26,{},"{""total"": 12.5, ""market"": 30.0, ""wallet"": 0.0, ""momentum"": 0.0, ""security"": 20.0, ""liquidity"": 0.0, ""data_quality"": 60.0}"
30e8ee2e-fd53-4d8a-aa65-1dd52baccdf6,39XNfvzXq89BKWx4sM6gZna7kWnxvVrnXrmEmaJhpump,2026-09-03 13:19:27.894267+00,2.291e-06,2336.05,2213,{},"{""total"": 19.5, ""market"": 30.0, ""wallet"": 0.0, ""momentum"": 0.0, ""security"": 20.0, ""liquidity"": 25.0, ""data_quality"": 100.0}"
b8ce5371-6c2f-40ed-90d0-f3d90266edb5,6npD7JFinCDKedYm5Tfi9h3u7NFSt3KYdCt2PyAFpump,2026-09-03 13:19:29.310019+00,2.906e-06,,2906.98,{},"{""total"": 12.5, ""market"": 30.0, ""wallet"": 0.0, ""momentum"": 0.0, ""security"": 20.0, ""liquidity"": 0.0, ""data_quality"": 60.0}"
3f43e641-2cbc-4bf3-979d-4fb46a574fec,CHn3zYfh2MVLCwhu2B73eZk1B1BQnBtrmJ89J4aQpump,2026-09-03 13:19:30.725722+00,2.853e-06,,2853.2,{},"{""total"": 12.5, ""market"": 30.0, ""wallet"": 0.0, ""momentum"": 0.0, ""security"": 20.0, ""liquidity"": 0.0, ""data_quality"": 60.0}"
f1877658-10ca-4521-bf86-a02c1e59cff7,HqrKm4mLL99zkKBkbdwAHzVCMm2Te72dbH6PDyrVpump,2026-09-03 13:19:32.2217+00,4.553e-06,,4553.49,{},"{""total"": 12.5, ""market"": 30.0, ""wallet"": 0.0, ""momentum"": 0.0, ""security"": 20.0, ""liquidity"": 0.0, ""data_quality"": 60.0}"
d8222ca0-7aae-4267-91ff-c4e2c195d149,96Bmof5NVfchK2cKXZjaKJAZRAT2DVebMWHsAh6Cpump,2026-09-03 13:19:33.637986+00,2.037e-06,2032.37,1948,{},"{""total"": 22.5, ""market"": 30.0, ""wallet"": 0.0, ""momentum"": 0.0, ""security"": 20.0, ""liquidity"": 40.0, ""data_quality"": 100.0}"
df6c6630-224a-4cc2-ace0-2f79146450f5,9A4dAuE1jud9cuFAze8teepCmJbed29ALsfgJMorpump,2026-09-03 13:19:35.038066+00,2.074e-06,2179.83,2007,{},"{""total"": 24.5, ""market"": 30.0, ""wallet"": 0.0, ""momentum"": 0.0, ""security"": 20.0, ""liquidity"": 50.0, ""data_quality"": 100.0}"
bc0a138b-c56d-4e88-9257-704e673fc99f,2VTWzALAyGsH7exbmA8oqHLw9kSjgTaiiE2PnGfpZCnL,2026-09-03 13:19:36.479235+00,1.393e-06,1599.48,1394,{},"{""total"": 18.5, ""market"": 30.0, ""wallet"": 0.0, ""momentum"": 0.0, ""security"": 20.0, ""liquidity"": 20.0, ""data_quality"": 100.0}"
e003bf67-bc93-4a8a-b30d-39ad14c2bb66,8xDVUokXPGDUDcooFkcUpZ1HL58K5QjfACJhPDo1PpDg,2026-09-03 13:19:37.887953+00,1.577e-05,9047.15,14971,{},"{""total"": 29.8, ""market"": 45.0, ""wallet"": 0.0, ""momentum"": 15.0, ""security"": 40.0, ""liquidity"": 25.0, ""data_quality"": 100.0}"
3e42990b-7fb4-4d08-bff5-591f60d38b87,GZ7R7WSrDGhUAp6oH55k5UxWt5jhHoiiUu88rphXpump,2026-09-03 13:19:39.301843+00,3.084e-06,,3084.59,{},"{""total"": 12.5, ""market"": 30.0, ""wallet"": 0.0, ""momentum"": 0.0, ""security"": 20.0, ""liquidity"": 0.0, ""data_quality"": 60.0}"
103007ea-0de8-4466-85e2-657fdfe460db,ZAgEZP9RbYiEESgH9mYJ14Rcvkbm6guYTqCbXxupump,2026-09-03 13:19:40.65536+00,2.043e-06,2193.68,2014,{},"{""total"": 24.5, ""market"": 30.0, ""wallet"": 0.0, ""momentum"": 0.0, ""security"": 20.0, ""liquidity"": 50.0, ""data_quality"": 100.0}"
0e8de518-4f4d-44b2-85ea-95244f47a1c9,54gMw1f5X2DMmkaUb6V5PMZZoBxQYN1W6yq9LtKwpump,2026-09-03 13:19:42.040557+00,2.883e-06,,2883.72,{},"{""total"": 12.5, ""market"": 30.0, ""wallet"": 0.0, ""momentum"": 0.0, ""security"": 20.0, ""liquidity"": 0.0, ""data_quality"": 60.0}"
5b838480-203e-4632-9e96-6ec67217d18d,6w8VHx63RJ74AQvMbStk7fatPbaDgAj9b7k7B74vpump,2026-09-03 13:19:43.452356+00,2.703e-06,2620.4,2497,{},"{""total"": 19.5, ""market"": 30.0, ""wallet"": 0.0, ""momentum"": 0.0, ""security"": 20.0, ""liquidity"": 25.0, ""data_quality"": 100.0}"
7457b5c4-3f49-4498-935d-607fab28b1df,FpS5of6eNLQpEGMaUQcSmdWoSoRewXJw9rZZwD61pump,2026-09-03 13:19:44.888259+00,4.892e-06,,4892.65,{},"{""total"": 12.5, ""market"": 30.0, ""wallet"": 0.0, ""momentum"": 0.0, ""security"": 20.0, ""liquidity"": 0.0, ""data_quality"": 60.0}"
dae1711c-d0f2-4915-9cf0-fe518561ccff,BPV8KZF87PSQq9C57YRtkdcuZhWgR9cuUtt1xGDRpump,2026-09-03 13:19:46.286763+00,9.525e-06,,9525.5,{},"{""total"": 17.2, ""market"": 30.0, ""wallet"": 15.0, ""momentum"": 0.0, ""security"": 30.0, ""liquidity"": 0.0, ""data_quality"": 60.0}"
1e751e79-11f6-4e02-8680-6e6f5dff6ee4,FgRgwauQLYscbN4z5D8osPR516g2uEc6aUDajqH5pump,2026-09-03 13:19:47.741799+00,3.066e-06,,3066.35,{},"{""total"": 12.5, ""market"": 30.0, ""wallet"": 0.0, ""momentum"": 0.0, ""security"": 20.0, ""liquidity"": 0.0, ""data_quality"": 60.0}"
aed8e9a4-275b-4354-b662-2696f3426d2a,Mpsj9DSEUT8gJsRfcVjXvvU6y6Vd7WsoczDySiRpump,2026-09-03 13:19:49.16915+00,2.973e-06,,2973.26,{},"{""total"": 12.5, ""market"": 30.0, ""wallet"": 0.0, ""momentum"": 0.0, ""security"": 20.0, ""liquidity"": 0.0, ""data_quality"": 60.0}"
dbfe13f7-dcf1-4286-994e-797f9752c52c,CBftYjJC7XEwh1r2hD87zsLudwAb7Y3TyUvWcacXpump,2026-09-03 13:19:56.540758+00,3.154e-06,,3154.05,{},"{""total"": 12.5, ""market"": 30.0, ""wallet"": 0.0, ""momentum"": 0.0, ""security"": 20.0, ""liquidity"": 0.0, ""data_quality"": 60.0}"
78c0e50c-2983-4f6c-b061-2ac5d5b5a6f3,CnyoWoCMxMv3ZaegyDHhndukdJQdri9kLw5vCZTwpump,2026-09-03 13:19:57.932906+00,2.805e-06,,2805.5,{},"{""total"": 12.5, ""market"": 30.0, ""wallet"": 0.0, ""momentum"": 0.0, ""security"": 20.0, ""liquidity"": 0.0, ""data_quality"": 60.0}"
96010e77-4a66-4ca6-9e43-618dad6548a5,3mCqbh9trfpuyYN8LogtYHXJmr2XAwSi9AhHKHe6n9XZ,2026-09-03 13:20:01.224589+00,3.201e-06,,3201.61,{},"{""total"": 12.5, ""market"": 30.0, ""wallet"": 0.0, ""momentum"": 0.0, ""security"": 20.0, ""liquidity"": 0.0, ""data_quality"": 60.0}"
da097df4-1857-4466-bef0-3f46c872991f,Ae6iVUoV1z7MTNkBCRr3eawpw2cJRddiKP4ADy31pump,2026-09-03 13:20:02.661374+00,7.793e-06,,7793.26,{},"{""total"": 17.2, ""market"": 30.0, ""wallet"": 15.0, ""momentum"": 0.0, ""security"": 30.0, ""liquidity"": 0.0, ""data_quality"": 60.0}"
3441b90d-19f7-4770-ad2d-9aa909b10594,GUbabaigWXb5GiMvUCA3QpZskxLMftSzw69qFfeSpump,2026-09-03 13:20:04.323211+00,1.916e-06,1985.31,1885,{},"{""total"": 20.5, ""market"": 30.0, ""wallet"": 0.0, ""momentum"": 0.0, ""security"": 20.0, ""liquidity"": 30.0, ""data_quality"": 100.0}"
d51c222b-9f01-43e8-b07c-0b045abc5aff,ugz49BvFW3yUxVjRAF1DgScSkQBWViLuK78zkW5pump,2026-09-03 13:20:05.722951+00,4.131e-06,3667.7,3843,{},"{""total"": 22.5, ""market"": 30.0, ""wallet"": 0.0, ""momentum"": 15.0, ""security"": 20.0, ""liquidity"": 25.0, ""data_quality"": 100.0}"
1986a64f-ad08-43e3-b34c-9ddcd6c6d284,6Lqd9nRXgaFh6XgmrpdoHX1GxXs7kBooWm3GPvbwpump,2026-09-03 13:20:07.106652+00,2.307e-06,2408.79,2217,{},"{""total"": 24.5, ""market"": 30.0, ""wallet"": 0.0, ""momentum"": 0.0, ""security"": 20.0, ""liquidity"": 50.0, ""data_quality"": 100.0}"
c0585c5a-f67c-466e-b32a-529543a375c3,Hk6HyH1vufV3BvivXYfpUu2DS9itTGVtGC5q41Uhpump,2026-09-03 13:20:08.528153+00,3.43e-06,3293.98,3323,{},"{""total"": 24.5, ""market"": 30.0, ""wallet"": 0.0, ""momentum"": 0.0, ""security"": 20.0, ""liquidity"": 50.0, ""data_quality"": 100.0}"
67d99bad-b843-4bda-88b7-0a9da32c94f7,2oMXVGgkdfRpVNgRePiZXDobjYdW9uEnWmYVXutopump,2026-09-03 13:20:09.892911+00,3.254e-06,,3254.98,{},"{""total"": 12.5, ""market"": 30.0, ""wallet"": 0.0, ""momentum"": 0.0, ""security"": 20.0, ""liquidity"": 0.0, ""data_quality"": 60.0}"
f0dced8c-cf7b-43b4-8e73-6469341a6ebf,3BH2e41XbJadAbCETXqTUmsvSbR5rxeNMxTU6JcKQ8mD,2026-09-03 13:20:11.296471+00,3.218e-06,3115.35,3035,{},"{""total"": 19.5, ""market"": 30.0, ""wallet"": 0.0, ""momentum"": 0.0, ""security"": 20.0, ""liquidity"": 25.0, ""data_quality"": 100.0}"
6945fe4b-6edd-444b-9e53-4fdf818fd776,34icVj6hyw5rUu6SXdemLTLzV6uodiCfDzWVSmxLpump,2026-09-03 13:20:12.753366+00,2.828e-06,,2828.64,{},"{""total"": 12.5, ""market"": 30.0, ""wallet"": 0.0, ""momentum"": 0.0, ""security"": 20.0, ""liquidity"": 0.0, ""data_quality"": 60.0}"
87ce9ea5-e799-466d-9945-bf5b915eced4,BXQbXYAE4J7jjhR9XS8S3PAoMHprQ8FoUagFDbhgpump,2026-09-03 13:20:14.185252+00,3.639e-06,3318.58,3243,{},"{""total"": 27.5, ""market"": 30.0, ""wallet"": 0.0, ""momentum"": 15.0, ""security"": 20.0, ""liquidity"": 50.0, ""data_quality"": 100.0}"
0c8fc10a-7461-49a6-a5a1-19d43d155610,5sZ5ZN8r4JMWHoBeoYrTfnTgD6C5uoKUag5Aqx6zpump,2026-09-03 13:20:15.649657+00,2.931e-06,,2931.07,{},"{""total"": 12.5, ""market"": 30.0, ""wallet"": 0.0, ""momentum"": 0.0, ""security"": 20.0, ""liquidity"": 0.0, ""data_quality"": 60.0}"
f2a7bc39-d2ba-4630-8221-48768035a918,HY8VSijYgZTfKLceYYVj5ZFzxTY1cgBD8FeN3echpump,2026-09-03 13:20:17.046422+00,2.829e-06,,2829.14,{},"{""total"": 12.5, ""market"": 30.0, ""wallet"": 0.0, ""momentum"": 0.0, ""security"": 20.0, ""liquidity"": 0.0, ""data_quality"": 60.0}"
784ce0ee-6b20-4c2d-aab2-af654eb621b1,H4cNyJDjDHpke6z9xfDpYPkBU49xB16Uqf5JQ6Dipump,2026-09-03 13:20:18.450865+00,2.91e-06,,2910.7,{},"{""total"": 12.5, ""market"": 30.0, ""wallet"": 0.0, ""momentum"": 0.0, ""security"": 20.0, ""liquidity"": 0.0, ""data_quality"": 60.0}"
d96afe9e-b0c8-4830-9186-6c59675c9296,DaHGnhzLWZLfFUcnKVd73MF2ynkTiSyC9gRm7mYpump,2026-09-03 13:20:19.873995+00,2.884e-06,,2884.57,{},"{""total"": 12.5, ""market"": 30.0, ""wallet"": 0.0, ""momentum"": 0.0, ""security"": 20.0, ""liquidity"": 0.0, ""data_quality"": 60.0}"
00cc52f7-e04c-43ec-998f-9dddd8df278a,HVmMDtGcUPH3rHpjeu44kJ2jb6S15jTib8h58g3Gpump,2026-09-03 13:20:21.269035+00,2.033e-06,2221.05,2005,{},"{""total"": 26.5, ""market"": 30.0, ""wallet"": 0.0, ""momentum"": 0.0, ""security"": 20.0, ""liquidity"": 60.0, ""data_quality"": 100.0}"
fd752678-2fe4-4f85-bba1-28eaf23d6893,8QCfSRQBFNwUS6u5EFkDmNjChUZGp8ufDi72GQ5hpump,2026-09-03 13:20:22.662287+00,3.606e-06,3292.11,3181,{},"{""total"": 19.5, ""market"": 30.0, ""wallet"": 0.0, ""momentum"": 0.0, ""security"": 20.0, ""liquidity"": 25.0, ""data_quality"": 100.0}"
52e77472-735b-415b-a883-550d8c387575,5KZUh7teDXkxgTerDQR2io6CtMRky7ybcWstWiBTpump,2026-09-03 13:20:24.10009+00,4.654e-06,,4654.87,{},"{""total"": 12.5, ""market"": 30.0, ""wallet"": 0.0, ""momentum"": 0.0, ""security"": 20.0, ""liquidity"": 0.0, ""data_quality"": 60.0}"
1c611a20-63a2-49f1-8d4e-cdcb288461f0,3vn6fEkC6tp9mxyJNQEbmr4VhZ5i9Gh2nwhbDhKzpump,2026-09-03 13:20:25.499318+00,2.633e-06,2675.82,2542,{},"{""total"": 26.5, ""market"": 30.0, ""wallet"": 0.0, ""momentum"": 0.0, ""security"": 20.0, ""liquidity"": 60.0, ""data_quality"": 100.0}"
beb67352-2cfb-45a5-befe-96858f2a81d8,4Le4foYoNGdLDJdQ5YG2Spju4xEFdGz6XVhdD37ypump,2026-09-03 13:20:26.933702+00,2.806e-06,,2806.59,{},"{""total"": 12.5, ""market"": 30.0, ""wallet"": 0.0, ""momentum"": 0.0, ""security"": 20.0, ""liquidity"": 0.0, ""data_quality"": 60.0}"
4d6cf6d6-a807-4ee9-962b-0ae616ef70b9,GojfuKTiXBnFuMbF98g5W8q1byuwkiVchxus3SaMpump,2026-09-03 13:20:28.360905+00,4.472e-06,,4472.84,{},"{""total"": 12.5, ""market"": 30.0, ""wallet"": 0.0, ""momentum"": 0.0, ""security"": 20.0, ""liquidity"": 0.0, ""data_quality"": 60.0}"
7e936dfd-e298-4415-9543-0583634e3d9d,9hMGXfFkxY3Pu5q6oNwTHGeCnXfFrkweZdvk1BfQpump,2026-09-03 13:20:29.746071+00,3.004e-06,,3004.2,{},"{""total"": 15.5, ""market"": 30.0, ""wallet"": 0.0, ""momentum"": 15.0, ""security"": 20.0, ""liquidity"": 0.0, ""data_quality"": 60.0}"
cf9e8e8b-e210-4457-b651-1475a16c6492,2mWYps9VzsWtBBsm9G3NM7NDC382sHJtuqXqi65dB7Bk,2026-09-03 13:20:31.198261+00,3.003e-06,,3003.87,{},"{""total"": 12.5, ""market"": 30.0, ""wallet"": 0.0, ""momentum"": 0.0, ""security"": 20.0, ""liquidity"": 0.0, ""data_quality"": 60.0}"
816dd778-da34-484d-8b20-9906ddcdbfd1,2EV7EChMXQTscWtMKQx6DPt5fU9DVEnrvMYjjuaKpump,2026-09-03 13:20:32.586885+00,2.831e-06,,2831.38,{},"{""total"": 12.5, ""market"": 30.0, ""wallet"": 0.0, ""momentum"": 0.0, ""security"": 20.0, ""liquidity"": 0.0, ""data_quality"": 60.0}"
f8105395-e005-429c-8740-bdb4e531aa27,ByBLSc8GQa3MqjYF2KgXuMBMtRs5rWYaXFGwppZupump,2026-09-03 13:20:34.01639+00,2.867e-06,,2867.14,{},"{""total"": 12.5, ""market"": 30.0, ""wallet"": 0.0, ""momentum"": 0.0, ""security"": 20.0, ""liquidity"": 0.0, ""data_quality"": 60.0}"
2c5c0c93-949f-4cfc-a27d-7f2c79dc3e73,HzWBsJ6qQo7reGHfene1XeA9eeZXNCr3FE93QMTTpump,2026-09-03 13:20:35.417523+00,3.332e-06,3287.13,3200,{},"{""total"": 19.5, ""market"": 30.0, ""wallet"": 0.0, ""momentum"": 0.0, ""security"": 20.0, ""liquidity"": 25.0, ""data_quality"": 100.0}"
d1e1ae96-0c44-4f4f-9f2d-b5fda8cce059,43nS2WbBYgwUot7nSWZeik8nCpDkUksDADMwa81Ppump,2026-09-03 13:20:36.832352+00,2.69e-06,2621.33,2568,{},"{""total"": 19.5, ""market"": 30.0, ""wallet"": 0.0, ""momentum"": 0.0, ""security"": 20.0, ""liquidity"": 25.0, ""data_quality"": 100.0}"
05fb4f9f-b04e-4a72-bea9-c640222e1f29,BjdehyoDQKp5dgrv2p1j4daknV6m7DVV9JKzh2Lzpump,2026-09-03 13:20:38.220215+00,3.41e-06,,3410.81,{},"{""total"": 12.5, ""market"": 30.0, ""wallet"": 0.0, ""momentum"": 0.0, ""security"": 20.0, ""liquidity"": 0.0, ""data_quality"": 60.0}"
025ff7f0-4e5c-4e53-9fe5-e796af6ce974,E3wjzR8bPHv2pYc5Ck7pLi66vRKT8XmzkeFqMtoFpump,2026-09-03 13:20:39.621399+00,7.374e-06,,7374.31,{},"{""total"": 15.0, ""market"": 30.0, ""wallet"": 0.0, ""momentum"": 0.0, ""security"": 30.0, ""liquidity"": 0.0, ""data_quality"": 60.0}"
e956432d-9921-42a5-b803-3c1bd904e98f,bZHgYjvS1AjBJRDwf2LLH97LHT3sDk6eV33DViBdgq8,2026-09-03 13:20:41.086681+00,3.017e-06,,3017.41,{},"{""total"": 12.5, ""market"": 30.0, ""wallet"": 0.0, ""momentum"": 0.0, ""security"": 20.0, ""liquidity"": 0.0, ""data_quality"": 60.0}"
735bb537-438f-46d9-91bb-474e32dee795,Gd5JcKzFfDDUr8vjjgqMeYQZKWW8ZzDWYQQogWjQpump,2026-09-03 13:20:42.508639+00,3.07e-06,,3070.1,{},"{""total"": 12.5, ""market"": 30.0, ""wallet"": 0.0, ""momentum"": 0.0, ""security"": 20.0, ""liquidity"": 0.0, ""data_quality"": 60.0}"
5fb19392-215d-4499-8529-d6dbba06883d,5gwYEP7Zf7VLUvvEyXqHzCUbTAJAf8rYvmH7GbSmpump,2026-09-03 13:20:43.92866+00,2.922e-06,,2922.3,{},"{""total"": 12.5, ""market"": 30.0, ""wallet"": 0.0, ""momentum"": 0.0, ""security"": 20.0, ""liquidity"": 0.0, ""data_quality"": 60.0}"
6ded20b5-1d4e-44ee-9969-7753cff70c91,8yn9BwwDUvb8fCozrtza5bEgiGLFdpwtLJKXt2sHpump,2026-09-03 13:20:45.383199+00,2.144e-06,2352.81,2091,{},"{""total"": 26.5, ""market"": 30.0, ""wallet"": 0.0, ""momentum"": 0.0, ""security"": 20.0, ""liquidity"": 60.0, ""data_quality"": 100.0}"
953e62fa-58d4-4e4d-89e1-5c45e565ba4e,Hf8msFKLGJu6wUc4NsNFHafmh4K8LFW2qy8ZmT4vpump,2026-09-03 13:20:46.798326+00,2.299e-06,2273.74,2183,{},"{""total"": 24.5, ""market"": 30.0, ""wallet"": 0.0, ""momentum"": 0.0, ""security"": 20.0, ""liquidity"": 50.0, ""data_quality"": 100.0}"
9e8b31e5-6af3-40e3-bb51-96d99f7277c6,EsJUp6aEgFzqPoqM6mLPDJ1KmCkqA7zGXp4QSjkJFaZF,2026-09-03 13:20:48.145266+00,2.959e-06,,2959.11,{},"{""total"": 12.5, ""market"": 30.0, ""wallet"": 0.0, ""momentum"": 0.0, ""security"": 20.0, ""liquidity"": 0.0, ""data_quality"": 60.0}"
b97cafe5-7d11-4217-944c-0eed8846de30,28qTgAWraGg5ziXjTHm6ArDAvNBV9W3B2Y6DgYJTpump,2026-09-03 13:20:49.591654+00,2.256e-06,2243,2149,{},"{""total"": 24.5, ""market"": 30.0, ""wallet"": 0.0, ""momentum"": 0.0, ""security"": 20.0, ""liquidity"": 50.0, ""data_quality"": 100.0}"
340c3c0d-3891-457e-b33a-f9b795559286,7Q2PF5cJg6nwm97GhiyQ6FFrxEEnXC7P9S5hPp9Zpump,2026-09-03 13:20:50.985176+00,2.867e-06,,2867.3,{},"{""total"": 12.5, ""market"": 30.0, ""wallet"": 0.0, ""momentum"": 0.0, ""security"": 20.0, ""liquidity"": 0.0, ""data_quality"": 60.0}"
6ad9f7b0-db9c-4ba2-b198-98792bb24e56,Ephzcbbtna99giZwCXtxSFviycVgbtAny1CDVuTdpump,2026-09-03 13:20:52.334718+00,2.629e-06,2547.5,2452,{},"{""total"": 19.5, ""market"": 30.0, ""wallet"": 0.0, ""momentum"": 0.0, ""security"": 20.0, ""liquidity"": 25.0, ""data_quality"": 100.0}"
cd239c41-9db2-4bf5-a00c-006ebd6bda29,P3Eb2GNkvb3Dp8oWYXKMJMWPHeMcUG6uGeB12aupump,2026-09-03 13:20:53.730442+00,2.824e-06,,2824.79,{},"{""total"": 12.5, ""market"": 30.0, ""wallet"": 0.0, ""momentum"": 0.0, ""security"": 20.0, ""liquidity"": 0.0, ""data_quality"": 60.0}"
075b2eb9-2538-494f-b1ba-723d8f682f63,K3Li2jWiQ1NQi7LsxDW1wFZT7cv3K1W84UR7TVepump,2026-09-03 13:20:55.1493+00,2.034e-06,2143.62,2006,{},"{""total"": 19.5, ""market"": 30.0, ""wallet"": 0.0, ""momentum"": 0.0, ""security"": 20.0, ""liquidity"": 25.0, ""data_quality"": 100.0}"
ff8b4767-5299-4ead-92f8-50f5aa5e4319,JAuN3RKZR9KSKdmBCH83VXGmTvkbobuLrawZ5G3upump,2026-09-03 13:20:56.561058+00,5.329e-05,19501.91,52696,{},"{""total"": 59.2, ""market"": 85.0, ""wallet"": 50.0, ""momentum"": 60.0, ""security"": 60.0, ""liquidity"": 35.0, ""data_quality"": 100.0}"
302b8b6a-f98b-4e9a-969f-d6437278b7e1,FSvjwqWJoYCcRp2gvATGjSVzPQxNkRr4MNKzrdKupump,2026-09-03 13:20:58.007396+00,2.019e-06,2229.14,1990,{},"{""total"": 26.5, ""market"": 30.0, ""wallet"": 0.0, ""momentum"": 0.0, ""security"": 20.0, ""liquidity"": 60.0, ""data_quality"": 100.0}"
cd3e28ec-db01-4f11-96b6-f234624ac845,AHAzrLgX9nwtMtUvkGVHg2xvtMaopKt6gVe3a3E4DaxR,2026-09-03 13:20:59.396635+00,2.183e-06,2217.75,2087,{},"{""total"": 24.5, ""market"": 30.0, ""wallet"": 0.0, ""momentum"": 0.0, ""security"": 20.0, ""liquidity"": 50.0, ""data_quality"": 100.0}"
cf1f4fb8-9444-4d9f-8952-962866368064,6zSqTexgmm25guNRjXUv3ZiGrzV94kodXrNcJ4T3stok,2026-09-03 13:21:00.818902+00,2.399e-06,4154.98,2361,{},"{""total"": 26.5, ""market"": 30.0, ""wallet"": 0.0, ""momentum"": 0.0, ""security"": 20.0, ""liquidity"": 60.0, ""data_quality"": 100.0}"
42a618cc-23c8-425d-be2d-8407ddde8809,FgoCy7MTA9zymaY9YXFZ7quwsjtoBi7fvUp4jn7apump,2026-09-03 13:21:02.260455+00,3.463e-06,,3463.2,{},"{""total"": 12.5, ""market"": 30.0, ""wallet"": 0.0, ""momentum"": 0.0, ""security"": 20.0, ""liquidity"": 0.0, ""data_quality"": 60.0}"
644bad70-ad34-4f9d-92cd-ece2c9304066,EDY1j37JHSYbfaDXAAKfB5zhy7n5MqnAQTQd1GSLpump,2026-09-03 13:21:03.710532+00,2.389e-06,2347.88,2123,{},"{""total"": 24.5, ""market"": 30.0, ""wallet"": 0.0, ""momentum"": 0.0, ""security"": 20.0, ""liquidity"": 50.0, ""data_quality"": 100.0}"
a78dfea1-ecc0-456e-820e-cd9e082e69b5,33shNmhNU1FjtAjVmNPD2FR9Kuk2uMTHFgyYjaPtpump,2026-09-03 13:21:05.13797+00,2.822e-06,,2822.17,{},"{""total"": 12.5, ""market"": 30.0, ""wallet"": 0.0, ""momentum"": 0.0, ""security"": 20.0, ""liquidity"": 0.0, ""data_quality"": 60.0}"
24527222-aac9-4389-82e6-b1a11053a858,9M6UYDWNX7Q16smL796mkKSCCb4dEmcmFLLEBJZspump,2026-09-03 13:21:06.583171+00,2.826e-06,,2826.55,{},"{""total"": 12.5, ""market"": 30.0, ""wallet"": 0.0, ""momentum"": 0.0, ""security"": 20.0, ""liquidity"": 0.0, ""data_quality"": 60.0}"
4ec0e234-7e15-4bc2-97a0-497525f1f794,Ck377NeTAQ1ayhBtNjm3umscNkpekBtcJHjPJrtNpump,2026-09-03 13:21:07.979402+00,7.333e-06,5626.56,6973,{},"{""total"": 22.5, ""market"": 30.0, ""wallet"": 0.0, ""momentum"": 15.0, ""security"": 20.0, ""liquidity"": 25.0, ""data_quality"": 100.0}"
edb0552b-6afa-438b-bb63-4c973e6da406,AykP15ZuLonepva4Hm5YvPC56zJ32Rdju2gScKwRpump,2026-09-03 13:21:09.435898+00,7.254e-06,,7254.14,{},"{""total"": 15.5, ""market"": 30.0, ""wallet"": 0.0, ""momentum"": 15.0, ""security"": 20.0, ""liquidity"": 0.0, ""data_quality"": 60.0}"
e3a74619-9765-42e5-a38b-bb875b6f673f,3tnzx2WWX5fhvZH9pc5TjP247E5ufR4uG48wPn6Dpump,2026-09-03 13:21:10.749825+00,2.605e-06,2541.65,2424,{},"{""total"": 24.5, ""market"": 30.0, ""wallet"": 0.0, ""momentum"": 0.0, ""security"": 20.0, ""liquidity"": 50.0, ""data_quality"": 100.0}"
6b65a2f9-7268-4d6c-bee1-b3b2df4f29fd,2r6pXr3kiu1rhpDYJHbf2DjvWhuAdZvcKXnynME8pump,2026-09-03 13:21:12.198281+00,2.87e-06,,2870.32,{},"{""total"": 12.5, ""market"": 30.0, ""wallet"": 0.0, ""momentum"": 0.0, ""security"": 20.0, ""liquidity"": 0.0, ""data_quality"": 60.0}"
0c45d7e7-5240-4153-b47a-c244f762ba30,13NdXgxxrxhjhJ7BPr7MGT5GjDJXn6A4NMZHowpMpump,2026-09-03 13:21:13.64216+00,2.924e-06,,2924.12,{},"{""total"": 12.5, ""market"": 30.0, ""wallet"": 0.0, ""momentum"": 0.0, ""security"": 20.0, ""liquidity"": 0.0, ""data_quality"": 60.0}"
26ffb768-f3b2-45d4-a519-e128647deecc,HUQ8tBGdgq2uUDcUPxUyiXaxf4Ytvprv8AhYkeh1pump,2026-09-03 13:21:15.054101+00,2.995e-06,,2995.92,{},"{""total"": 12.5, ""market"": 30.0, ""wallet"": 0.0, ""momentum"": 0.0, ""security"": 20.0, ""liquidity"": 0.0, ""data_quality"": 60.0}"
b53eafc2-3109-43ea-8c0a-d316eaffae13,DRMmkdvdnCxdPqqwxZkSnwiTEsF2czW361BwE8fhFdex,2026-09-03 13:21:16.469724+00,2.94e-06,2868.57,2788,{},"{""total"": 19.5, ""market"": 30.0, ""wallet"": 0.0, ""momentum"": 0.0, ""security"": 20.0, ""liquidity"": 25.0, ""data_quality"": 100.0}"
6462bec7-8c33-49fd-b55a-b69d22cfcbfa,NjGzCD9aJhiUAixHnSh5GqHnSxoAPKsvLjzchQ8pump,2026-09-03 13:21:17.860285+00,2.588e-06,2532.92,2191,{},"{""total"": 26.5, ""market"": 30.0, ""wallet"": 0.0, ""momentum"": 0.0, ""security"": 20.0, ""liquidity"": 60.0, ""data_quality"": 100.0}"
c711f637-3f7f-438d-8cdb-d76f1b6c7322,GGpRUMfk4YNeYn84YJ4iKPxzWCdu6xTKZLqmqUTLpump,2026-09-03 13:21:19.240871+00,2.426e-06,2378.8,2140,{},"{""total"": 24.5, ""market"": 30.0, ""wallet"": 0.0, ""momentum"": 0.0, ""security"": 20.0, ""liquidity"": 50.0, ""data_quality"": 100.0}"
9bb1a24d-b5e2-48a6-94ef-e25ff7cf0260,7Q59LtM8TMVCysdjCAd1r5s3hKxvzRc9mjTNUsdcpump,2026-09-03 13:21:20.601144+00,3.769e-06,3441.87,3603,{},"{""total"": 29.5, ""market"": 30.0, ""wallet"": 0.0, ""momentum"": 15.0, ""security"": 20.0, ""liquidity"": 60.0, ""data_quality"": 100.0}"
fa71fbb9-cc3d-4380-98f2-09028dcaf7a1,4dmxsK1t1Fz6eTiH3p35K8gdB2hpSXmMFe1w1mWBpump,2026-09-03 13:21:22.015161+00,1.992e-06,2023.43,1915,{},"{""total"": 26.5, ""market"": 30.0, ""wallet"": 0.0, ""momentum"": 0.0, ""security"": 20.0, ""liquidity"": 60.0, ""data_quality"": 100.0}"
a9251675-098c-48fa-b4d5-5b9b16067948,9LHNJercroLqBMfq2V2Dmx3VmF5CR8n1Nn1ctipspump,2026-09-03 13:21:23.445574+00,2.849e-06,,2849.28,{},"{""total"": 12.5, ""market"": 30.0, ""wallet"": 0.0, ""momentum"": 0.0, ""security"": 20.0, ""liquidity"": 0.0, ""data_quality"": 60.0}"
2586f906-ce23-4747-a2c3-a89627880956,DHtaU4F9k9YdhmSY6aFvABgHKVJXqiMXv9GXwAzuGbgN,2026-09-03 13:21:24.964786+00,2.985e-06,,2985.6,{},"{""total"": 12.5, ""market"": 30.0, ""wallet"": 0.0, ""momentum"": 0.0, ""security"": 20.0, ""liquidity"": 0.0, ""data_quality"": 60.0}"
783f209e-be70-4202-a204-1233c42f9ffa,27tbGc7DGrjnA3sz1XZgd524pCtmrLFWTfJaNutvLNKR,2026-09-03 13:21:26.403369+00,1.979e-05,,19793.01,{},"{""total"": 12.5, ""market"": 30.0, ""wallet"": 0.0, ""momentum"": 0.0, ""security"": 20.0, ""liquidity"": 0.0, ""data_quality"": 60.0}"
3c26b2de-c52a-4d35-bf4d-4fc6fdf7163a,EwJi9RdHKTf6wq2qD3Z3Yn4vh42kKuMyXAZzKMKipump,2026-09-03 13:21:27.846833+00,2.884e-06,2876.94,2809,{},"{""total"": 24.5, ""market"": 30.0, ""wallet"": 0.0, ""momentum"": 0.0, ""security"": 20.0, ""liquidity"": 50.0, ""data_quality"": 100.0}"
9a96ee43-6a0b-4fa3-9a10-31dba842c836,9gDAFjCfxPVcMrJMpQu4zEpuPRRKQdX93MBUWnjApump,2026-09-03 13:21:29.256103+00,6.331e-06,,6331.79,{},"{""total"": 12.5, ""market"": 30.0, ""wallet"": 0.0, ""momentum"": 0.0, ""security"": 20.0, ""liquidity"": 0.0, ""data_quality"": 60.0}"
b66a7be5-76e3-45ca-b3e4-18bbed0492bf,75mRwR45Wb5UDTgazRYBzzKyF6nFNxVjVHffR8t7pump,2026-09-03 13:21:30.674876+00,2.967e-06,2826.06,2677,{},"{""total"": 24.5, ""market"": 30.0, ""wallet"": 0.0, ""momentum"": 0.0, ""security"": 20.0, ""liquidity"": 50.0, ""data_quality"": 100.0}"
dcb3013c-650d-4197-974b-c61f6790f28f,Hs7N63fmuC2yBp6LAnoHkFwfHu2n4eCf3AEWDAtnpump,2026-09-03 13:21:32.105645+00,2.365e-06,2335.9,2097,{},"{""total"": 24.5, ""market"": 30.0, ""wallet"": 0.0, ""momentum"": 0.0, ""security"": 20.0, ""liquidity"": 50.0, ""data_quality"": 100.0}"
e9461777-4454-4438-8d13-36d85b1c0d28,HvvnKT6zZiS8Kkd3ZMhr73M1KiYu7QYMNjq3b8Xjpump,2026-09-03 13:21:33.519822+00,2.916e-06,,2916.41,{},"{""total"": 12.5, ""market"": 30.0, ""wallet"": 0.0, ""momentum"": 0.0, ""security"": 20.0, ""liquidity"": 0.0, ""data_quality"": 60.0}"
f8f84e81-3d6a-4dd7-bc9e-117c7ea64ada,F6gfM5bsh8Wx8rFsVJpzuYJoZZ5gTUc4WiYAPdAUpump,2026-09-03 13:21:34.976863+00,5.43e-06,,5430.8,{},"{""total"": 12.5, ""market"": 30.0, ""wallet"": 0.0, ""momentum"": 0.0, ""security"": 20.0, ""liquidity"": 0.0, ""data_quality"": 60.0}"
e38dcf16-c635-41f2-9595-d86f9492f087,EGGxzLiFNcceaoyvQuZH6pGKPQSUW2EihC5YapPdK5yN,2026-09-03 13:21:36.381511+00,5.757e-06,5582.88,5758,{},"{""total"": 26.5, ""market"": 30.0, ""wallet"": 0.0, ""momentum"": 0.0, ""security"": 20.0, ""liquidity"": 60.0, ""data_quality"": 100.0}"
baa36a2e-a8fa-4e82-9824-a998748d36f0,HSftPqKfWrJAQ8tw8NVgsnXthc9BnRU9iHR4tthzv9QT,2026-09-03 13:21:37.763408+00,3.1e-06,2936.26,2793,{},"{""total"": 26.5, ""market"": 30.0, ""wallet"": 0.0, ""momentum"": 0.0, ""security"": 20.0, ""liquidity"": 60.0, ""data_quality"": 100.0}"
a28030a9-3f75-4b8c-a741-e66d6ab1528b,8RvUhjZ5MV7hH9XUks4PEGvkQcCPmx6C9Xaqx3uZpump,2026-09-03 13:21:39.149887+00,3.233e-06,,3233.24,{},"{""total"": 12.5, ""market"": 30.0, ""wallet"": 0.0, ""momentum"": 0.0, ""security"": 20.0, ""liquidity"": 0.0, ""data_quality"": 60.0}"
d1da6194-1785-46ad-b784-260b69000d36,65w6xwuKfhFpj5XVoJEqrfN5xJN6gAkGzVrkzH12LouU,2026-09-03 13:21:40.535422+00,2.9e-06,,2900.15,{},"{""total"": 12.5, ""market"": 30.0, ""wallet"": 0.0, ""momentum"": 0.0, ""security"": 20.0, ""liquidity"": 0.0, ""data_quality"": 60.0}"
254ea677-8259-4c5f-9f12-501f26a19d89,BKDiVXDYd4Y3x1dKRiSHZKShSbu4PRm5sW1PuHgCpump,2026-09-03 13:21:41.928182+00,3.051e-06,,3051.35,{},"{""total"": 12.5, ""market"": 30.0, ""wallet"": 0.0, ""momentum"": 0.0, ""security"": 20.0, ""liquidity"": 0.0, ""data_quality"": 60.0}"
49546fd1-9faf-4b1c-b41e-655c6c8551af,7sQcnoRsVisys1wUApDqukUmDRJUe1aZ77CaiKwarVbF,2026-09-03 13:21:43.353866+00,2.497e-06,2448.35,2354,{},"{""total"": 24.5, ""market"": 30.0, ""wallet"": 0.0, ""momentum"": 0.0, ""security"": 20.0, ""liquidity"": 50.0, ""data_quality"": 100.0}"
8a396115-079d-4658-8d64-b039ef3e5e90,928jRD8A4hcqad24TwrtQuZkrqXUTZKcydH32rZxaCgD,2026-09-03 13:21:44.794286+00,2.318e-06,2327.53,2222,{},"{""total"": 19.5, ""market"": 30.0, ""wallet"": 0.0, ""momentum"": 0.0, ""security"": 20.0, ""liquidity"": 25.0, ""data_quality"": 100.0}"
3f5a4f20-51a0-4d81-be58-a601f60f8600,2HvhMud2Vbjfyydsx5uPhZVpZ3gsq5M7hXzFrZfBpump,2026-09-03 13:21:46.229072+00,2.852e-06,,2852.75,{},"{""total"": 12.5, ""market"": 30.0, ""wallet"": 0.0, ""momentum"": 0.0, ""security"": 20.0, ""liquidity"": 0.0, ""data_quality"": 60.0}"
4819111e-20d6-4ce6-b834-3482fbefaa25,8PyYPTa1gEVvk2JQ3LhX1aM7zg8kSAw5qeUyS1Lpump,2026-09-03 13:21:47.605466+00,2.826e-06,,2826.07,{},"{""total"": 12.5, ""market"": 30.0, ""wallet"": 0.0, ""momentum"": 0.0, ""security"": 20.0, ""liquidity"": 0.0, ""data_quality"": 60.0}"
311a2550-bf58-4213-b5f3-cdd98a21973d,7VPrGu8dwLK7YFZu3Z6FmAwRmUqKuBRzBSNvuUvCuNwV,2026-09-03 13:21:49.018561+00,2.838e-06,,2838.37,{},"{""total"": 12.5, ""market"": 30.0, ""wallet"": 0.0, ""momentum"": 0.0, ""security"": 20.0, ""liquidity"": 0.0, ""data_quality"": 60.0}"
fc1dc7c3-7782-47fd-b795-abe3ac6c2bbb,7psiMbnC4xVRs5vB2BesbSk8myhRZ4d8G29X63QZpump,2026-09-03 13:21:50.409087+00,2.808e-06,,2808.75,{},"{""total"": 12.5, ""market"": 30.0, ""wallet"": 0.0, ""momentum"": 0.0, ""security"": 20.0, ""liquidity"": 0.0, ""data_quality"": 60.0}"
eb7d439e-29ad-4e84-9663-2c765b1f15f1,3PZAe766xNghoLyASMuYgx2mFDW2u3qnsU8MYknQTEwp,2026-09-03 13:21:51.80644+00,4.893e-06,,4893.48,{},"{""total"": 12.5, ""market"": 30.0, ""wallet"": 0.0, ""momentum"": 0.0, ""security"": 20.0, ""liquidity"": 0.0, ""data_quality"": 60.0}"
98b2ee9b-6387-449b-b9ff-878052db3227,E94YopQRTBLk91Nq2FJgPWy81dq1bqNaj96otUcgTdE7,2026-09-03 13:21:53.216512+00,3.263e-06,,3263.3,{},"{""total"": 12.5, ""market"": 30.0, ""wallet"": 0.0, ""momentum"": 0.0, ""security"": 20.0, ""liquidity"": 0.0, ""data_quality"": 60.0}"
52c76a57-6235-40f3-8055-25b715c4bd91,RucUi81TqyAxLLSNePYBbP26MNDrCXWrCJsfqKPpump,2026-09-03 13:21:54.627266+00,2.805e-06,,2805.06,{},"{""total"": 12.5, ""market"": 30.0, ""wallet"": 0.0, ""momentum"": 0.0, ""security"": 20.0, ""liquidity"": 0.0, ""data_quality"": 60.0}"
cbbf6d12-9c95-4c32-839a-a06975686a0d,5iWSgThgfajnAsUXeYjnZE2966tdW9kitmHyUuy9pump,2026-09-03 13:21:56.049833+00,3.051e-06,2928.12,2958,{},"{""total"": 24.5, ""market"": 30.0, ""wallet"": 0.0, ""momentum"": 0.0, ""security"": 20.0, ""liquidity"": 50.0, ""data_quality"": 100.0}"
7f5965d9-19a5-4cde-ba51-a8fb13b09263,9ykE4HYhijFXhk11CoWBdEBuQ78dYp3qqbFK5oRVpump,2026-09-03 13:21:57.448106+00,3.457e-06,3204.85,3048,{},"{""total"": 24.5, ""market"": 30.0, ""wallet"": 0.0, ""momentum"": 0.0, ""security"": 20.0, ""liquidity"": 50.0, ""data_quality"": 100.0}"
1fc41cba-236d-4370-ae5e-e5ebc8772571,Cd2b8guD4a4fgNng43Wk9sHDJ11tB8ie3EGABjWdpump,2026-09-03 13:21:58.834377+00,0.0001021,25982.4,99714,{},"{""total"": 71.8, ""market"": 85.0, ""wallet"": 55.0, ""momentum"": 65.0, ""security"": 75.0, ""liquidity"": 70.0, ""data_quality"": 100.0}"
dd21856b-a7b2-44ac-b140-55105b04f37c,5CYBqT5kaoAtJia9ubmDZ7ThSjNDhXERfKhSC2q9pump,2026-09-03 13:22:00.236729+00,2.817e-06,,2817.47,{},"{""total"": 12.5, ""market"": 30.0, ""wallet"": 0.0, ""momentum"": 0.0, ""security"": 20.0, ""liquidity"": 0.0, ""data_quality"": 60.0}"
ffe80183-e284-4e01-b558-87cb376cf155,CSRRgTwf9o5KLgguS2M16aEAhV5PUUzfshrAAQ8opump,2026-09-03 13:22:01.664532+00,0.0002215,39721.79,214279,{},"{""total"": 36.2, ""market"": 45.0, ""wallet"": 0.0, ""momentum"": 15.0, ""security"": 30.0, ""liquidity"": 70.0, ""data_quality"": 100.0}"
1d262ab6-11a6-4374-85e8-277f2985d296,H7aKCfh4uX5do7rE5pRCqfXskuMM4M9T1HAGSEYfpump,2026-09-03 13:22:03.100869+00,3.409e-06,,3409.08,{},"{""total"": 12.5, ""market"": 30.0, ""wallet"": 0.0, ""momentum"": 0.0, ""security"": 20.0, ""liquidity"": 0.0, ""data_quality"": 60.0}"
1d2f3938-08d1-45d6-be4a-4c6809bd8d73,B71Lm9jzY8Urkrqf7Td7W8mcRX5ha4mym3UW5JG6pump,2026-09-03 13:22:04.537869+00,2.834e-06,,2834.3,{},"{""total"": 12.5, ""market"": 30.0, ""wallet"": 0.0, ""momentum"": 0.0, ""security"": 20.0, ""liquidity"": 0.0, ""data_quality"": 60.0}"
46d6ebd1-29f5-47ad-bc92-1ef29c2531b6,93MSmvh53AcGFuBQah25zU1w4MoH6HXdtHx1aqwesXwD,2026-09-03 13:22:05.938097+00,8.518e-06,,8518.54,{},"{""total"": 17.2, ""market"": 30.0, ""wallet"": 15.0, ""momentum"": 0.0, ""security"": 30.0, ""liquidity"": 0.0, ""data_quality"": 60.0}"
20dc5944-38cb-4c33-b50a-851d0b753795,E5YkB2XFsi8GHZ2CLoaowcZeFftsjm1MreMraPbZVGKz,2026-09-03 13:22:07.347416+00,6.552e-06,6450.43,6553,{},"{""total"": 24.5, ""market"": 30.0, ""wallet"": 0.0, ""momentum"": 0.0, ""security"": 20.0, ""liquidity"": 50.0, ""data_quality"": 100.0}"
05874ebd-49ed-48f4-b185-a1bf2afc1ec6,MzuosvncXoJAHaem7JtWoek8NXGojFWyM8ZGwsZpump,2026-09-03 13:22:08.774911+00,2.154e-06,2163.9,2000,{},"{""total"": 24.5, ""market"": 30.0, ""wallet"": 0.0, ""momentum"": 0.0, ""security"": 20.0, ""liquidity"": 50.0, ""data_quality"": 100.0}"
5522a9e6-5657-43e7-8ab3-caa1a7f24f31,AU92uCTRJVjAW7eSfW5t8asMxqjaPM8v6X9ByZQGZfcJ,2026-09-03 13:22:10.178531+00,2.316e-06,2285.96,2093,{},"{""total"": 24.5, ""market"": 30.0, ""wallet"": 0.0, ""momentum"": 0.0, ""security"": 20.0, ""liquidity"": 50.0, ""data_quality"": 100.0}"
46eb84b8-6eca-4b87-b2a2-32c934e5c6e7,3ggU45hkA1h14175yh9z9bxXaYGKoZES7fNEYxUb6hw4,2026-09-03 13:22:11.560062+00,2.805e-06,,2805.77,{},"{""total"": 12.5, ""market"": 30.0, ""wallet"": 0.0, ""momentum"": 0.0, ""security"": 20.0, ""liquidity"": 0.0, ""data_quality"": 60.0}"
73b4d06d-4694-4866-a23e-d6c5f043e440,5PntZAEaNrCKpaHC334b9pATnUELsYE2WRyhdBYMpump,2026-09-03 13:22:13.037269+00,2.82e-06,,2820.64,{},"{""total"": 12.5, ""market"": 30.0, ""wallet"": 0.0, ""momentum"": 0.0, ""security"": 20.0, ""liquidity"": 0.0, ""data_quality"": 60.0}"
e76989e0-51da-4738-9698-f79ecb541d9c,HRwUUJXBpW9zjY3oUb8cgzqoby3ozpwuSCRW7tUHNdpg,2026-09-03 13:22:14.463034+00,2.96e-06,,2960.19,{},"{""total"": 12.5, ""market"": 30.0, ""wallet"": 0.0, ""momentum"": 0.0, ""security"": 20.0, ""liquidity"": 0.0, ""data_quality"": 60.0}"
75fa06a0-27d5-4ddf-94fc-eba6eeafe99f,3bDHhpewuWbWZcGCgUbmEyvQuhbeaKBKzBuKJgkXpump,2026-09-03 13:22:15.847881+00,2.52e-06,2479.48,2426,{},"{""total"": 24.5, ""market"": 30.0, ""wallet"": 0.0, ""momentum"": 0.0, ""security"": 20.0, ""liquidity"": 50.0, ""data_quality"": 100.0}"
37e282cf-d7a7-49a3-8366-7ef30af7a679,HtHME5mpfBa6PT8cc9JULtzYDWTNYX4husuMKsTxpump,2026-09-03 13:22:17.239275+00,1.327e-05,,13271.9,{},"{""total"": 15.0, ""market"": 30.0, ""wallet"": 0.0, ""momentum"": 0.0, ""security"": 30.0, ""liquidity"": 0.0, ""data_quality"": 60.0}"
ab18ed2a-3e59-485e-bdba-fdf742fbdb13,JAMgixLafTHLCXp6DZp6vzGcoo7BATtftn5MLNMedjFP,2026-09-03 13:22:18.577099+00,3.406e-06,,3406.14,{},"{""total"": 12.5, ""market"": 30.0, ""wallet"": 0.0, ""momentum"": 0.0, ""security"": 20.0, ""liquidity"": 0.0, ""data_quality"": 60.0}"
b391b6de-743e-4437-b9f4-62048d84be0b,tC4iY6ym1HfvS2RCzVovhJGbf6MkxcXSsuV7Rbbfd7y,2026-09-03 13:22:19.96794+00,2.976e-06,,2976.56,{},"{""total"": 12.5, ""market"": 30.0, ""wallet"": 0.0, ""momentum"": 0.0, ""security"": 20.0, ""liquidity"": 0.0, ""data_quality"": 60.0}"
03a6ab87-8bdc-4bb9-b7cb-2a921649def8,GiaVByahUb73UdNtx46tDtUpBt5XJqLYc7w73RdVpump,2026-09-03 13:22:21.369296+00,2.449e-06,2400.34,2147,{},"{""total"": 24.5, ""market"": 30.0, ""wallet"": 0.0, ""momentum"": 0.0, ""security"": 20.0, ""liquidity"": 50.0, ""data_quality"": 100.0}"
01127abf-2a3a-4e59-a0d2-e0a5fda5c7ac,Ft7Zin87WaHMTsJRz9k9ZsPhfVuTXGbkAxxRui2WZph2,2026-09-03 13:22:22.777569+00,2.867e-06,,2867.86,{},"{""total"": 12.5, ""market"": 30.0, ""wallet"": 0.0, ""momentum"": 0.0, ""security"": 20.0, ""liquidity"": 0.0, ""data_quality"": 60.0}"
c41baa31-f052-4807-8486-502c7a633830,EgTDnuUcbAvhS1DdRFqsML9PD5xtBhDQs4uSDs9tpump,2026-09-03 13:22:24.280966+00,2.845e-06,,2845.52,{},"{""total"": 12.5, ""market"": 30.0, ""wallet"": 0.0, ""momentum"": 0.0, ""security"": 20.0, ""liquidity"": 0.0, ""data_quality"": 60.0}"
ad96f910-8fa5-45f4-8cd0-fa4e9893841d,9XnjNoaqgqMkVeNAUwz2xs6jvphyRvxmTDsAqskLdEnA,2026-09-03 13:22:25.6638+00,2.481e-06,2432.98,2233,{},"{""total"": 24.5, ""market"": 30.0, ""wallet"": 0.0, ""momentum"": 0.0, ""security"": 20.0, ""liquidity"": 50.0, ""data_quality"": 100.0}"
4c01bf52-a5f2-44d8-8aac-016e0b13ce1e,CG8yDDsP5PqhixEbLjZvG2tAxtcfsfxmSVqsx3Kxpump,2026-09-03 13:22:27.098388+00,1.998e-06,2011.41,1930,{},"{""total"": 26.5, ""market"": 30.0, ""wallet"": 0.0, ""momentum"": 0.0, ""security"": 20.0, ""liquidity"": 60.0, ""data_quality"": 100.0}"
b813b5cb-2f21-4be0-a966-6c4fd4e09f51,8R5eqpK7rQofoLnmHNsnBBADDgcGhBNCnr1Ducf2pump,2026-09-03 13:22:28.520035+00,2.445e-06,2477.13,2303,{},"{""total"": 24.5, ""market"": 30.0, ""wallet"": 0.0, ""momentum"": 0.0, ""security"": 20.0, ""liquidity"": 50.0, ""data_quality"": 100.0}"
71496939-b202-4e87-9b26-f54e3e02849b,DYAaCD3sdRpwbf1hFxe8E9AnPHVynGbfnuDEPALKpump,2026-09-03 13:22:29.935427+00,2.634e-06,2556.61,2235,{},"{""total"": 24.5, ""market"": 30.0, ""wallet"": 0.0, ""momentum"": 0.0, ""security"": 20.0, ""liquidity"": 50.0, ""data_quality"": 100.0}"
a85be437-e474-4483-85eb-b15d64ac275b,t1smJzZt9aUEWjaGJYpqStJ3yLYPcqSwaHGh83ubjRP,2026-09-03 13:22:31.352857+00,2.856e-06,,2856.51,{},"{""total"": 12.5, ""market"": 30.0, ""wallet"": 0.0, ""momentum"": 0.0, ""security"": 20.0, ""liquidity"": 0.0, ""data_quality"": 60.0}"
b78be32f-9bfd-4626-bb7f-f4bc21a59571,64PAAiijqQACMH3nbWsFtqQ2TZaqrT3WLF2tkbeEpump,2026-09-03 13:22:32.79487+00,3.015e-06,,3015.51,{},"{""total"": 12.5, ""market"": 30.0, ""wallet"": 0.0, ""momentum"": 0.0, ""security"": 20.0, ""liquidity"": 0.0, ""data_quality"": 60.0}"
2164e999-dc83-403f-ba2f-1a638d4932b2,6mYykKMQwMm2UQBoJFcQpwKgJD71jQZ2L8ncNDT9pump,2026-09-03 13:22:34.19141+00,1.966e-06,2073.53,1938,{},"{""total"": 24.5, ""market"": 30.0, ""wallet"": 0.0, ""momentum"": 0.0, ""security"": 20.0, ""liquidity"": 50.0, ""data_quality"": 100.0}"
e8d9ba1c-f5b4-439d-83f7-7474bfc27837,2Q8tHSimZLBb2v3BfNNSVbs4bKYxNJ84NpzuajG6p1aQ,2026-09-03 13:22:35.576576+00,3.217e-06,3034.84,3000,{},"{""total"": 24.5, ""market"": 30.0, ""wallet"": 0.0, ""momentum"": 0.0, ""security"": 20.0, ""liquidity"": 50.0, ""data_quality"": 100.0}"
466e677f-456d-4fa4-b73c-040bc8f26bd8,G8wFeagXt6jt6mY9M2kNujsRqQX6NHZNUzDNx1Q5pump,2026-09-03 13:22:36.975005+00,2.943e-06,,2943.16,{},"{""total"": 12.5, ""market"": 30.0, ""wallet"": 0.0, ""momentum"": 0.0, ""security"": 20.0, ""liquidity"": 0.0, ""data_quality"": 60.0}"
ff79feb9-4d9e-4593-88ee-6139f5bc4f0b,ERvGimpyqnuiZ5vaBjd3bWA8GEtM2erT4c5SoiPPWv7k,2026-09-03 13:22:38.365786+00,2.844e-06,,2844.84,{},"{""total"": 12.5, ""market"": 30.0, ""wallet"": 0.0, ""momentum"": 0.0, ""security"": 20.0, ""liquidity"": 0.0, ""data_quality"": 60.0}"
f7072c45-162e-4c35-b6a0-a909592b3ecc,CnRbeGkMFK5jprNUjyzdcnYgPB6CJk9VccmjmWEmiJtC,2026-09-03 13:22:39.804782+00,2.936e-06,,2936.11,{},"{""total"": 12.5, ""market"": 30.0, ""wallet"": 0.0, ""momentum"": 0.0, ""security"": 20.0, ""liquidity"": 0.0, ""data_quality"": 60.0}"
1f209ab9-b681-47b6-990f-dea6c959481d,Dp4SHtcvzDqZ8ozg4NTTekQskPi2MWNK2GFx1F6Kpump,2026-09-03 13:22:41.220179+00,2.848e-06,,2848.95,{},"{""total"": 12.5, ""market"": 30.0, ""wallet"": 0.0, ""momentum"": 0.0, ""security"": 20.0, ""liquidity"": 0.0, ""data_quality"": 60.0}"
1338e76c-a187-4aa4-8bc3-6b2c6e06956d,Afos4Rke9x64UqVnf9ZF9TvHRUMMFdGe1JXYxt8z3HK7,2026-09-03 13:22:42.591816+00,2.915e-06,,2915.94,{},"{""total"": 12.5, ""market"": 30.0, ""wallet"": 0.0, ""momentum"": 0.0, ""security"": 20.0, ""liquidity"": 0.0, ""data_quality"": 60.0}"
a8b6d027-f1a0-4703-ba33-505e094fd69d,CXG11xiLJVf8umnmXXGUobBKmb1p85ptkikMmSNEpump,2026-09-03 13:22:43.990625+00,9.088e-06,,9088.1,{},"{""total"": 12.5, ""market"": 30.0, ""wallet"": 0.0, ""momentum"": 0.0, ""security"": 20.0, ""liquidity"": 0.0, ""data_quality"": 60.0}"
92758f8e-543f-4fbb-90ef-257aa55fae21,5rDauqJEKodE7cJMbKUJHPFY793qUbgYUfrWNo5Kpump,2026-09-03 13:22:45.398075+00,2.822e-06,,2822.1,{},"{""total"": 12.5, ""market"": 30.0, ""wallet"": 0.0, ""momentum"": 0.0, ""security"": 20.0, ""liquidity"": 0.0, ""data_quality"": 60.0}"
a97f426f-5e3f-4b12-b545-a7812ee1d1ef,62MqxAoeEJQBZMMKrbcLUkAvohHEsq88hjAqhBV6pump,2026-09-03 13:22:46.793833+00,5.842e-05,18695.72,55869,{},"{""total"": 63.8, ""market"": 65.0, ""wallet"": 50.0, ""momentum"": 50.0, ""security"": 70.0, ""liquidity"": 70.0, ""data_quality"": 100.0}"
044a71b0-889a-4e82-ba26-4a3f82cfe016,Hw4PvsbCbgKevJc9iyMgbwevoqU1SiejGesuVF8JA8ee,2026-09-03 13:22:48.204801+00,2.821e-06,,2821.77,{},"{""total"": 12.5, ""market"": 30.0, ""wallet"": 0.0, ""momentum"": 0.0, ""security"": 20.0, ""liquidity"": 0.0, ""data_quality"": 60.0}"
0b238012-cd4a-4f3a-b965-9b46ba80f500,9LZ3UaDM8rS8AMv8VCLg9BnWw5JN4JFxbzbPjVHHFsjo,2026-09-03 13:22:49.583293+00,2.874e-06,,2874.55,{},"{""total"": 12.5, ""market"": 30.0, ""wallet"": 0.0, ""momentum"": 0.0, ""security"": 20.0, ""liquidity"": 0.0, ""data_quality"": 60.0}"
aa4e813a-c4d4-4a1c-bcb5-9c1c8c51e683,Ee1LDwvfA99CvFRxTZi93kj3A9AvN6wuryiffp3Dpump,2026-09-03 13:22:50.991802+00,3.29e-06,,3290.84,{},"{""total"": 12.5, ""market"": 30.0, ""wallet"": 0.0, ""momentum"": 0.0, ""security"": 20.0, ""liquidity"": 0.0, ""data_quality"": 60.0}"
d4f59250-f44b-40cf-bcec-47388717a492,6PipCS2EJ5fH9boGbJxStcsRpNh5WbN3dSZycLWPdbi4,2026-09-03 13:22:52.453242+00,3.18e-06,,3180.2,{},"{""total"": 15.5, ""market"": 30.0, ""wallet"": 0.0, ""momentum"": 15.0, ""security"": 20.0, ""liquidity"": 0.0, ""data_quality"": 60.0}"
c846a4b1-7334-49f8-aa7b-128aeb79030a,81voyUHfuimgHQWkHS4e1nbu94pn54TGbqXYwh4gpump,2026-09-03 13:22:53.847968+00,3.424e-06,3203.27,3197,{},"{""total"": 26.5, ""market"": 30.0, ""wallet"": 0.0, ""momentum"": 0.0, ""security"": 20.0, ""liquidity"": 60.0, ""data_quality"": 100.0}"
6bc181eb-dc9f-4c3c-84c9-a98018fd0617,CkH8iAKJhdAvLj9EijKdYwpbhrq6wjmFRZLSu5Rgsjrp,2026-09-03 13:22:55.200788+00,102.83,2159227305.68,2159629171,{},"{""total"": 30.5, ""market"": 30.0, ""wallet"": 0.0, ""momentum"": 0.0, ""security"": 20.0, ""liquidity"": 80.0, ""data_quality"": 100.0}"
b6d76b60-b03b-4dac-9022-20ea6fb92bc8,EhGX4E2sNWuDsxWRmVRyUMTdvdDJp3Rj7pvm969dpump,2026-09-03 13:22:56.600218+00,3.662e-06,,3662.58,{},"{""total"": 12.5, ""market"": 30.0, ""wallet"": 0.0, ""momentum"": 0.0, ""security"": 20.0, ""liquidity"": 0.0, ""data_quality"": 60.0}"
ef187dbc-002e-4a60-bb82-6c0247e52c28,7MyRpZSmxFFKTcCDg9aK3ziZnzwPiwqn7szBKJXHpump,2026-09-03 13:22:58.024289+00,2.87e-06,,2870.94,{},"{""total"": 12.5, ""market"": 30.0, ""wallet"": 0.0, ""momentum"": 0.0, ""security"": 20.0, ""liquidity"": 0.0, ""data_quality"": 60.0}"
2e34b323-0c0d-4774-8cb4-6539fc9e21a1,8ntHtE7k2xGT8xvQm4iECpA1zxjUypCAm3Go7pmMpump,2026-09-03 13:22:59.415383+00,3.01e-06,,3010.04,{},"{""total"": 12.5, ""market"": 30.0, ""wallet"": 0.0, ""momentum"": 0.0, ""security"": 20.0, ""liquidity"": 0.0, ""data_quality"": 60.0}"
8af5e285-28e8-4827-96d7-7d7d0d3a4072,C1JVw9Eecb13VRiVyV4QpXFpQNaJjmXWAXoFaGynpump,2026-09-03 13:23:00.878868+00,4.465e-05,18131.67,42821,{},"{""total"": 52.0, ""market"": 65.0, ""wallet"": 35.0, ""momentum"": 50.0, ""security"": 60.0, ""liquidity"": 35.0, ""data_quality"": 100.0}"
f2d30245-7196-460f-997f-c26ee986b18e,7NkRWvEog93ogp7CoU1xoAyB3kpPGCzDurgy2Y2Kpump,2026-09-03 13:23:02.330879+00,2.819e-06,,2819.54,{},"{""total"": 12.5, ""market"": 30.0, ""wallet"": 0.0, ""momentum"": 0.0, ""security"": 20.0, ""liquidity"": 0.0, ""data_quality"": 60.0}"
42044495-2075-4a10-a7a0-901818a319ea,2WG6mgKMx97jYCCoiHGcJndvQXjwDgyFeVRAnKH2pump,2026-09-03 13:23:03.751824+00,2.924e-06,,2924.38,{},"{""total"": 12.5, ""market"": 30.0, ""wallet"": 0.0, ""momentum"": 0.0, ""security"": 20.0, ""liquidity"": 0.0, ""data_quality"": 60.0}"
3d1ddb35-99f5-4c30-9ed1-43da15443cea,F98TCwNAQuz7JtP6ScZaKddepDjnCwmQ5TxkfcgcYaVC,2026-09-03 13:23:05.136493+00,2.691e-06,2627.36,2579,{},"{""total"": 19.5, ""market"": 30.0, ""wallet"": 0.0, ""momentum"": 0.0, ""security"": 20.0, ""liquidity"": 25.0, ""data_quality"": 100.0}"
b9fd3638-6e0f-4894-b0ec-0ae85b9123ab,6n55pXa3ZKa2rnNotEPog1SRspWeGiNxU5WkqEkSpump,2026-09-03 13:23:06.550795+00,3.61e-06,,3610.51,{},"{""total"": 12.5, ""market"": 30.0, ""wallet"": 0.0, ""momentum"": 0.0, ""security"": 20.0, ""liquidity"": 0.0, ""data_quality"": 60.0}"
a53ab3e8-6e38-405c-a5bd-afa17ca3796b,4KLo47obTpHj1XYMtMV42qjadaW2xWMAaLduwAwtEebA,2026-09-03 13:23:08.001755+00,2.068e-05,14908.01,20684,{},"{""total"": 29.0, ""market"": 30.0, ""wallet"": 0.0, ""momentum"": 0.0, ""security"": 30.0, ""liquidity"": 60.0, ""data_quality"": 100.0}"
d03d9491-a7e5-4550-85fa-b9bbe9deeca7,E8MnCtZVxk6EZAxQBAfzrWTPoCQfyEm7dghbSrMQpump,2026-09-03 13:23:09.421059+00,4.53e-06,3918.07,4389,{},"{""total"": 24.5, ""market"": 30.0, ""wallet"": 0.0, ""momentum"": 0.0, ""security"": 20.0, ""liquidity"": 50.0, ""data_quality"": 100.0}"
1c199156-5ce1-48ee-a6e9-e76ea2b50d08,ALBFBJq9FQKAV7gC4Ud8A5HopqbLJGpV689jFerbpump,2026-09-03 13:23:10.856643+00,2.841e-06,,2841.94,{},"{""total"": 12.5, ""market"": 30.0, ""wallet"": 0.0, ""momentum"": 0.0, ""security"": 20.0, ""liquidity"": 0.0, ""data_quality"": 60.0}"
9f81f780-a3be-40fc-b988-3e80010211bd,Ak7JbLvKEFzkcfpvLErnnkQ8xoB2P3HNbLDp6Du2JVSW,2026-09-03 13:23:12.27985+00,5.429e-06,4644.9,5279,{},"{""total"": 27.5, ""market"": 30.0, ""wallet"": 0.0, ""momentum"": 15.0, ""security"": 20.0, ""liquidity"": 50.0, ""data_quality"": 100.0}"
fdb7a974-2c11-4f97-8104-1681a0399d78,EZ3Kxv6kx7FAyXgYok1rwGBy2Y9FrsYuc3U7FzWSpump,2026-09-03 13:23:13.687493+00,2.919e-06,,2919.28,{},"{""total"": 12.5, ""market"": 30.0, ""wallet"": 0.0, ""momentum"": 0.0, ""security"": 20.0, ""liquidity"": 0.0, ""data_quality"": 60.0}"
f5e32c18-c65b-48c8-843a-1cefeeb79bfc,BSKaWqQF9wddDHcZSdZRCASqetNBKNKDH5fm3Vihpump,2026-09-03 13:23:15.061259+00,2.827e-06,,2827.27,{},"{""total"": 12.5, ""market"": 30.0, ""wallet"": 0.0, ""momentum"": 0.0, ""security"": 20.0, ""liquidity"": 0.0, ""data_quality"": 60.0}"
bc448256-5d4f-442c-9743-77984b794ae2,2wfpCZgazHdU9YGabBaALhvRHpcE5WY1vEXaQdxMeNWZ,2026-09-03 13:23:16.492753+00,3.055e-06,,3055.63,{},"{""total"": 12.5, ""market"": 30.0, ""wallet"": 0.0, ""momentum"": 0.0, ""security"": 20.0, ""liquidity"": 0.0, ""data_quality"": 60.0}"
e5db6512-e5f9-4503-8d65-97e23386d39b,12XbaatU9FaTM78F5WcahY92gQ6ammCpAGBxgwAtpump,2026-09-03 13:23:17.940889+00,2.84e-06,,2840.68,{},"{""total"": 12.5, ""market"": 30.0, ""wallet"": 0.0, ""momentum"": 0.0, ""security"": 20.0, ""liquidity"": 0.0, ""data_quality"": 60.0}"
48f8ed37-39d1-4fff-8e8a-f97d26ddefbe,qb4mvBUBcj3FEyrefJdwiaix5ZCUsFQZNzzDPrrpump,2026-09-03 13:23:19.440681+00,3.489e-06,,3489.61,{},"{""total"": 12.5, ""market"": 30.0, ""wallet"": 0.0, ""momentum"": 0.0, ""security"": 20.0, ""liquidity"": 0.0, ""data_quality"": 60.0}"
2e5224e5-fa21-4210-940b-c8d35359b4db,HpWnGa2UtSTmy5VU87XGm8yPKZc93P7F927LwjQ5pump,2026-09-03 13:23:20.947862+00,1.51e-05,9082.61,14664,{},"{""total"": 53.5, ""market"": 65.0, ""wallet"": 15.0, ""momentum"": 60.0, ""security"": 50.0, ""liquidity"": 60.0, ""data_quality"": 100.0}"
1b239ad1-b35c-40af-8acf-2d05755e23d4,79wqMK5SsGJc8mFLVG8RZUUzHVPXFcVKCj5aBkjyqs6D,2026-09-03 13:23:22.364868+00,2.672e-06,2586.45,2314,{},"{""total"": 24.5, ""market"": 30.0, ""wallet"": 0.0, ""momentum"": 0.0, ""security"": 20.0, ""liquidity"": 50.0, ""data_quality"": 100.0}"
05cb9d4f-6f63-4fe3-90ba-356bd1b8797d,DRDtQGgs2jpqkNNtahkXBf8km3zQ3TWYYV1EK6pEpump,2026-09-03 13:23:23.750739+00,3.227e-06,,3227.98,{},"{""total"": 12.5, ""market"": 30.0, ""wallet"": 0.0, ""momentum"": 0.0, ""security"": 20.0, ""liquidity"": 0.0, ""data_quality"": 60.0}"
3afd5ce7-8445-4f33-8885-73be9e01d9c6,D93aSbr316fG39s8Jvqnqmcj39ZxFpJxutu6doVNpump,2026-09-03 13:23:25.256747+00,2.74e-06,2650.7,2531,{},"{""total"": 19.5, ""market"": 30.0, ""wallet"": 0.0, ""momentum"": 0.0, ""security"": 20.0, ""liquidity"": 25.0, ""data_quality"": 100.0}"
db191a2a-fea4-422e-96dc-c2a49955de1a,9J6LmyS7TrsHjpDH84Jpw5vB7C8ZQ6LTL5wuSrPdpump,2026-09-03 13:23:26.657204+00,6.741e-06,,6741.37,{},"{""total"": 12.5, ""market"": 30.0, ""wallet"": 0.0, ""momentum"": 0.0, ""security"": 20.0, ""liquidity"": 0.0, ""data_quality"": 60.0}"
e8020d4d-88bb-414a-a0ca-85fa1bd09fec,4fsEWifM7BNjAYj77o6ma2LFjz6cQ1vqGcGJyxxxpump,2026-09-03 13:23:28.049949+00,5.963e-06,4890.92,5770,{},"{""total"": 24.5, ""market"": 30.0, ""wallet"": 0.0, ""momentum"": 0.0, ""security"": 20.0, ""liquidity"": 50.0, ""data_quality"": 100.0}"
a536b8c4-c8c0-446a-9533-cb9353916d83,2Ycyk4qGxPsUu9Hu2cKdMdaCqvZjcoz3gTPpMxX3pump,2026-09-03 13:23:29.480924+00,2.948e-06,,2948.01,{},"{""total"": 12.5, ""market"": 30.0, ""wallet"": 0.0, ""momentum"": 0.0, ""security"": 20.0, ""liquidity"": 0.0, ""data_quality"": 60.0}"
5543c0fd-e080-44b6-9660-8623c21b24ac,46T1YG4nKhhWY4jiRPBmSV5aU6TN1KUV9BKqcq2K97wY,2026-09-03 13:23:30.885571+00,3.456e-06,,3456.68,{},"{""total"": 12.5, ""market"": 30.0, ""wallet"": 0.0, ""momentum"": 0.0, ""security"": 20.0, ""liquidity"": 0.0, ""data_quality"": 60.0}"
7d0e5543-374d-46be-b178-8f679600d036,YHs69jqML9nxSM7vNEuT2HC3Q62MQdLRcz6fmdRpump,2026-09-03 13:23:32.27039+00,2.835e-06,,2835.84,{},"{""total"": 12.5, ""market"": 30.0, ""wallet"": 0.0, ""momentum"": 0.0, ""security"": 20.0, ""liquidity"": 0.0, ""data_quality"": 60.0}"
c34cd832-59ba-4394-8c96-b81897b497a0,4KNYU3H2FmuSWMpVeF4mkzGnGK5VRoDgsWYV6YFrpump,2026-09-03 13:23:33.658168+00,2.973e-06,,2973.46,{},"{""total"": 12.5, ""market"": 30.0, ""wallet"": 0.0, ""momentum"": 0.0, ""security"": 20.0, ""liquidity"": 0.0, ""data_quality"": 60.0}"
36249fc6-9c0e-40cb-b403-e9ecafec92fa,59mXodQ31VyP5fj4uz9qsCkhL17k1Ec6irLeqPARpump,2026-09-03 13:23:35.065881+00,2.15e-06,2455.07,2121,{},"{""total"": 26.5, ""market"": 30.0, ""wallet"": 0.0, ""momentum"": 0.0, ""security"": 20.0, ""liquidity"": 60.0, ""data_quality"": 100.0}"
ddf26627-064b-432d-8deb-41639b5fc81b,4xRBUZCAq4kMsPLsfB3gSvzEYzeYJ4woUqkqc4GMpump,2026-09-03 13:23:36.459771+00,2.932e-06,,2932.37,{},"{""total"": 12.5, ""market"": 30.0, ""wallet"": 0.0, ""momentum"": 0.0, ""security"": 20.0, ""liquidity"": 0.0, ""data_quality"": 60.0}"
d8791f4d-389f-45f1-95f0-ce639ccf2c2c,4h5d9ejz8QSfzhAAVMLU5s9uFNzv3xmK6UuZK2PDpump,2026-09-03 13:23:37.85586+00,2.024e-05,11312.14,19783,{},"{""total"": 34.2, ""market"": 45.0, ""wallet"": 0.0, ""momentum"": 15.0, ""security"": 50.0, ""liquidity"": 35.0, ""data_quality"": 100.0}"
ff44648a-63da-4a8a-aa1f-07b30b72cf7c,6z5ML9BDLDhvzCLeEdMyz5DHcC1nfsd9PtViu2Lpump,2026-09-03 13:23:39.288843+00,2.473e-06,2452.36,2399,{},"{""total"": 24.5, ""market"": 30.0, ""wallet"": 0.0, ""momentum"": 0.0, ""security"": 20.0, ""liquidity"": 50.0, ""data_quality"": 100.0}"
9248eb7d-39fc-4e6e-9f27-1e873450a69b,XyLfqpzVuvpJ3Z9ThdcUdPHkGfnSaYNXdWDKaJGpump,2026-09-03 13:23:40.714999+00,2.083e-06,2254.51,2031,{},"{""total"": 26.5, ""market"": 30.0, ""wallet"": 0.0, ""momentum"": 0.0, ""security"": 20.0, ""liquidity"": 60.0, ""data_quality"": 100.0}"
6fb34868-bcd7-4e40-829c-5fc0ce3416dd,FVvAfW3K7cBr1LpLZWMvgmwM3qsGMojdxJjNgKLJpump,2026-09-03 13:23:42.110306+00,5.216e-06,,5216.04,{},"{""total"": 12.5, ""market"": 30.0, ""wallet"": 0.0, ""momentum"": 0.0, ""security"": 20.0, ""liquidity"": 0.0, ""data_quality"": 60.0}"
f4b72f6f-4459-4f67-8ef6-40658bb41f31,8cbS66zJp2mf7tNjgbkVtCWCb4kumnEduLpkQbFsburn,2026-09-03 13:23:43.535628+00,2.887e-06,,2887.36,{},"{""total"": 12.5, ""market"": 30.0, ""wallet"": 0.0, ""momentum"": 0.0, ""security"": 20.0, ""liquidity"": 0.0, ""data_quality"": 60.0}"
24c5b637-47ee-483f-813f-16c1a498a311,X2oB1Mp8ZbkQiUcMwzYbkehqtVq3MZfMANDCGarpump,2026-09-03 13:23:44.962768+00,4.018e-06,3644.73,3869,{},"{""total"": 26.5, ""market"": 30.0, ""wallet"": 0.0, ""momentum"": 0.0, ""security"": 20.0, ""liquidity"": 60.0, ""data_quality"": 100.0}"
a5d613ba-eec2-4413-a4f5-0331c81d7e57,A56ZES8x3vVQhi2YC7QwCiN9uyxixorYsmMT55MMpump,2026-09-03 13:23:46.316098+00,2.474e-06,2423.68,2135,{},"{""total"": 24.5, ""market"": 30.0, ""wallet"": 0.0, ""momentum"": 0.0, ""security"": 20.0, ""liquidity"": 50.0, ""data_quality"": 100.0}"
6e1576d7-0c78-4708-8170-423b42da1cd4,g7Mf4oATpA43aG46a49FarThR8CqPkgRNysQrnPx9oS,2026-09-03 13:23:47.735374+00,2.869e-06,,2869.84,{},"{""total"": 12.5, ""market"": 30.0, ""wallet"": 0.0, ""momentum"": 0.0, ""security"": 20.0, ""liquidity"": 0.0, ""data_quality"": 60.0}"
dee128dc-3fba-4774-8b5a-fc77ec99c5f2,AU8ZmbsXDBuScnUyLuqtxtdaQER6M3LVtxdcfcmCpump,2026-09-03 13:23:49.130666+00,2.859e-06,,2859.54,{},"{""total"": 15.5, ""market"": 30.0, ""wallet"": 0.0, ""momentum"": 15.0, ""security"": 20.0, ""liquidity"": 0.0, ""data_quality"": 60.0}"
cdb91cd0-8760-48e2-8f3b-f73d20fd8ef8,8ahGYNWnE1QGxptZLSymeYuVpxX7Ed39YhFyjPy3pump,2026-09-03 13:23:50.495617+00,2.994e-06,,2994.38,{},"{""total"": 12.5, ""market"": 30.0, ""wallet"": 0.0, ""momentum"": 0.0, ""security"": 20.0, ""liquidity"": 0.0, ""data_quality"": 60.0}"
13590487-1d8d-496c-9899-3785b06aaff7,NFA2vkDtr3ghgKasVNqJKGknWB7PGTiMS2oLWWR53V6,2026-09-03 13:23:51.87885+00,2.832e-06,,2832.15,{},"{""total"": 12.5, ""market"": 30.0, ""wallet"": 0.0, ""momentum"": 0.0, ""security"": 20.0, ""liquidity"": 0.0, ""data_quality"": 60.0}"
5b2ee93d-6215-4142-8e58-17add9ca4e2f,BB5VU7LxXrB2p3dZnQeeBE6fmCpYMf5vR6K8tRFqpump,2026-09-03 13:23:53.322879+00,2.141e-06,2218.4,2087,{},"{""total"": 24.5, ""market"": 30.0, ""wallet"": 0.0, ""momentum"": 0.0, ""security"": 20.0, ""liquidity"": 50.0, ""data_quality"": 100.0}"
a5bd492c-f0d1-4470-a3d9-33e1e5374621,7W8uumZvFWDegwhSLiZjUng8wouwiVXhUV9A1DPPpump,2026-09-03 13:23:54.731541+00,2.895e-06,,2895.24,{},"{""total"": 12.5, ""market"": 30.0, ""wallet"": 0.0, ""momentum"": 0.0, ""security"": 20.0, ""liquidity"": 0.0, ""data_quality"": 60.0}"
d94c4897-9b64-4dca-a323-7c020d1538b9,AoEHGTFvykuV9Nhk5Tb5fSbKnS7zgUN5zw3TUgpJpump,2026-09-03 13:23:56.165242+00,3.832e-06,3460.14,3125,{},"{""total"": 24.5, ""market"": 30.0, ""wallet"": 0.0, ""momentum"": 0.0, ""security"": 20.0, ""liquidity"": 50.0, ""data_quality"": 100.0}"
6d2f02b2-da27-4f47-b21e-72792090c9b9,3kwDUuS5f1QtSgiypuLvnXMyxp74sn9PCinh4h9Vpump,2026-09-03 13:23:57.53138+00,2.188e-06,2171.68,2031,{},"{""total"": 24.5, ""market"": 30.0, ""wallet"": 0.0, ""momentum"": 0.0, ""security"": 20.0, ""liquidity"": 50.0, ""data_quality"": 100.0}"
aed0add3-32c6-4095-9781-5ace17a71ebb,tahKR4TA337akDkgfGZ5Qaeng4ABdov49rVePABpump,2026-09-03 13:23:58.961608+00,3.962e-06,3546.11,3734,{},"{""total"": 24.5, ""market"": 30.0, ""wallet"": 0.0, ""momentum"": 0.0, ""security"": 20.0, ""liquidity"": 50.0, ""data_quality"": 100.0}"
a1c16951-5ec3-48d9-901e-cf55832d47fd,6Bd2opj5LteW6hvdJUjYw8SdfVQYAJ2NeonfgEHMpump,2026-09-03 13:24:00.419154+00,8.57e-06,,8570.8,{},"{""total"": 18.0, ""market"": 30.0, ""wallet"": 0.0, ""momentum"": 15.0, ""security"": 30.0, ""liquidity"": 0.0, ""data_quality"": 60.0}"
a2daa4a3-ba33-4def-8f7b-7e0722977dad,E22f92KYQgo4cu6pTpBVTVvnBDcWyAJGwGB9i5mNpump,2026-09-03 13:24:01.854589+00,2.559e-06,2568.47,2406,{},"{""total"": 19.5, ""market"": 30.0, ""wallet"": 0.0, ""momentum"": 0.0, ""security"": 20.0, ""liquidity"": 25.0, ""data_quality"": 100.0}"
af690cd6-9f77-480f-98ac-2034ef1847a0,46kwQaZdcuSNuyqjWJsiWBxsUFbAxWFDYWwx9ePipump,2026-09-03 13:24:03.303677+00,2.218e-06,2447.95,2162,{},"{""total"": 26.5, ""market"": 30.0, ""wallet"": 0.0, ""momentum"": 0.0, ""security"": 20.0, ""liquidity"": 60.0, ""data_quality"": 100.0}"
830e073d-5c68-4791-8eb3-0d91f5aae012,648CgFCcFXCPUWhaa5V5W1tFDDfuEtCVVp3EQjTmpump,2026-09-03 13:24:04.854635+00,1.727e-06,1893.42,1676,{},"{""total"": 18.5, ""market"": 30.0, ""wallet"": 0.0, ""momentum"": 0.0, ""security"": 20.0, ""liquidity"": 20.0, ""data_quality"": 100.0}"
590373df-8b22-4f52-834a-8f47d68277d0,Fw6ksDUW7agYgvJuAMMa5zw9C9Qe2RV85j4j3oXipump,2026-09-03 13:24:06.342159+00,2.064e-06,2096.58,1950,{},"{""total"": 26.5, ""market"": 30.0, ""wallet"": 0.0, ""momentum"": 0.0, ""security"": 20.0, ""liquidity"": 60.0, ""data_quality"": 100.0}"
ca702340-4975-4a78-b216-bd3768a7f505,2gdGXkBriQ87rGT3LWGUJr3NrUTbSWdCJgHbTnBNpump,2026-09-03 13:24:07.785144+00,1.345e-05,,13455.13,{},"{""total"": 25.0, ""market"": 30.0, ""wallet"": 30.0, ""momentum"": 15.0, ""security"": 40.0, ""liquidity"": 0.0, ""data_quality"": 60.0}"
861fa02e-2bd3-48c0-b60a-5b2f405bf931,EzksuFJL96xtnhqam9YowehVPqGu5wv9ixStJ8pHpump,2026-09-03 13:24:09.186655+00,2.976e-06,,2976.25,{},"{""total"": 12.5, ""market"": 30.0, ""wallet"": 0.0, ""momentum"": 0.0, ""security"": 20.0, ""liquidity"": 0.0, ""data_quality"": 60.0}"
4a253949-8973-48fa-ae97-1daa42644d4d,BWrSJTzFnGALx2VimQu6D5Xt81G5DBMQ3pGgeen3pump,2026-09-03 13:24:10.61215+00,4.115e-06,3642.61,3840,{},"{""total"": 19.5, ""market"": 30.0, ""wallet"": 0.0, ""momentum"": 0.0, ""security"": 20.0, ""liquidity"": 25.0, ""data_quality"": 100.0}"
0c398f0a-512a-41a6-83b1-d4c5dbada000,7mvAKaG39HWm7RtKj9zkgYG21uKFuyHCjJkbuQp5pump,2026-09-03 13:24:12.086469+00,4.756e-06,4084.49,4308,{},"{""total"": 24.5, ""market"": 30.0, ""wallet"": 0.0, ""momentum"": 0.0, ""security"": 20.0, ""liquidity"": 50.0, ""data_quality"": 100.0}"
0e577cc3-fbc1-492b-bf1e-b32a72fe3d73,FZsih1z71YYmcb6saJKiLPQj7hxovSgbiUZ9kxrJpump,2026-09-03 13:24:13.505721+00,2.84e-06,,2840.68,{},"{""total"": 12.5, ""market"": 30.0, ""wallet"": 0.0, ""momentum"": 0.0, ""security"": 20.0, ""liquidity"": 0.0, ""data_quality"": 60.0}"
954bd57c-0268-4c86-94ac-2088b35faf25,6Fmy4h78tXFyLqHxjspAmh4vnw4U2VEzFoGL3kBNpump,2026-09-03 13:24:14.907612+00,2.977e-06,,2977.12,{},"{""total"": 15.5, ""market"": 30.0, ""wallet"": 0.0, ""momentum"": 15.0, ""security"": 20.0, ""liquidity"": 0.0, ""data_quality"": 60.0}"
1804d0e0-32e8-4a7a-a284-ece4f8af113b,GiUHYs5Hsv94P8bR9m26DsXsX8E786rQsFsPK6spump,2026-09-03 13:24:16.383961+00,0.0003447,49536.93,339253,{},"{""total"": 75.2, ""market"": 85.0, ""wallet"": 90.0, ""momentum"": 50.0, ""security"": 80.0, ""liquidity"": 70.0, ""data_quality"": 100.0}"
2735316d-efc1-4b21-a6d5-1a00fb7ae443,DR34YVxd8VXUmW685DLgDvnmgTzVVsTM2toTNtfWpump,2026-09-03 13:24:17.783237+00,1.208e-05,,12088.85,{},"{""total"": 17.2, ""market"": 30.0, ""wallet"": 15.0, ""momentum"": 0.0, ""security"": 30.0, ""liquidity"": 0.0, ""data_quality"": 60.0}"
ba3b46db-fdd3-44c2-83ac-076851d61007,9sW8VYpSRp3aJV1tV2q9EqFzJyUu2WX3C9paQ4KSpump,2026-09-03 13:24:19.196474+00,2.01e-06,2074.94,1983,{},"{""total"": 26.5, ""market"": 30.0, ""wallet"": 0.0, ""momentum"": 0.0, ""security"": 20.0, ""liquidity"": 60.0, ""data_quality"": 100.0}"
98136810-067d-4d40-a069-b49c83cd5096,7Zo7tPm77cPekJmPXh6E3ykrox6toZNDSrSwnGC1pump,2026-09-03 13:24:20.610062+00,2.849e-06,,2849.77,{},"{""total"": 12.5, ""market"": 30.0, ""wallet"": 0.0, ""momentum"": 0.0, ""security"": 20.0, ""liquidity"": 0.0, ""data_quality"": 60.0}"
3f9e1f00-f8e5-4ab0-9b38-14eb840520bc,Dz37RVhUVgguLoxCyfFQLDX3Dw4VBZvQJNvZx4Szpump,2026-09-03 13:24:22.004681+00,3.092e-06,,3092.01,{},"{""total"": 12.5, ""market"": 30.0, ""wallet"": 0.0, ""momentum"": 0.0, ""security"": 20.0, ""liquidity"": 0.0, ""data_quality"": 60.0}"
8d924fbb-82f8-4c15-aead-6a3238e5bee0,pcBeadR2nwPNjvvCVM26kfFt7GsuvSwsxGtAiWPNiBL,2026-09-03 13:24:23.378582+00,4.163e-05,16336.41,41625,{},"{""total"": 42.8, ""market"": 45.0, ""wallet"": 30.0, ""momentum"": 0.0, ""security"": 50.0, ""liquidity"": 70.0, ""data_quality"": 100.0}"
a2557cf2-0100-447e-9435-caa7e899dfea,CfBYu1dsy6nC3oiYmxE3Kxds6auwpoxcErvSMVykVEPH,2026-09-03 13:24:24.760605+00,3.021e-06,2920.66,2919,{},"{""total"": 19.5, ""market"": 30.0, ""wallet"": 0.0, ""momentum"": 0.0, ""security"": 20.0, ""liquidity"": 25.0, ""data_quality"": 100.0}"
7ad2e496-b87d-4697-8d85-edb1a496ee9e,GyDBBBhXrUGVpbCzWouixLRYokjQAgHZhDC572Z5pump,2026-09-03 13:24:26.181114+00,2.094e-06,2174.21,2027,{},"{""total"": 19.5, ""market"": 30.0, ""wallet"": 0.0, ""momentum"": 0.0, ""security"": 20.0, ""liquidity"": 25.0, ""data_quality"": 100.0}"
ad3a581c-4088-428d-9fb8-499771917e15,C6VLbXq2Rzi2KMKmZQgRJFZ6hUe1RFgoyCgxhUFgpump,2026-09-03 13:24:27.609698+00,2.465e-05,11495.5,23164,{},"{""total"": 38.0, ""market"": 45.0, ""wallet"": 15.0, ""momentum"": 0.0, ""security"": 40.0, ""liquidity"": 70.0, ""data_quality"": 100.0}"
5c04f6b4-cea4-4dce-b355-c9183bf60cd4,D79PMY3svBfF56PpCkd2MYJx9LPrwCxYkmSFV8aTpump,2026-09-03 13:24:29.027108+00,2.828e-06,,2828.17,{},"{""total"": 12.5, ""market"": 30.0, ""wallet"": 0.0, ""momentum"": 0.0, ""security"": 20.0, ""liquidity"": 0.0, ""data_quality"": 60.0}"
6a559abb-0d10-481c-add7-3c59133be711,73roMdHCGSL1KAeuz5rz7pNd45H4THAJgV6YidswTMoe,2026-09-03 13:24:30.485829+00,3.432e-06,,3432.72,{},"{""total"": 12.5, ""market"": 30.0, ""wallet"": 0.0, ""momentum"": 0.0, ""security"": 20.0, ""liquidity"": 0.0, ""data_quality"": 60.0}"
832c7ecc-b354-45ea-90c6-d5a226f8969e,D7vb5sxgYsbqnGmvrenJXwaQb5ctmmwEs7mXRQkkMnaX,2026-09-03 13:24:31.903643+00,2.889e-06,,2889.11,{},"{""total"": 12.5, ""market"": 30.0, ""wallet"": 0.0, ""momentum"": 0.0, ""security"": 20.0, ""liquidity"": 0.0, ""data_quality"": 60.0}"
bda31503-25f3-4fd7-85f6-82e0db9bb26e,9ikk3mAGGXYJWgm4j1WZ49yC87iEU5VsMU9fKZrspump,2026-09-03 13:24:33.298801+00,3.032e-06,,3032.8,{},"{""total"": 12.5, ""market"": 30.0, ""wallet"": 0.0, ""momentum"": 0.0, ""security"": 20.0, ""liquidity"": 0.0, ""data_quality"": 60.0}"
2791a02b-f6e0-41ea-85b9-af3a540a1a0a,VVGmSQozMkuHM8B8LKs7ovig6Zdrv72jgcbcqudpump,2026-09-03 13:24:34.7348+00,1.727e-06,1842.45,1678,{},"{""total"": 18.5, ""market"": 30.0, ""wallet"": 0.0, ""momentum"": 0.0, ""security"": 20.0, ""liquidity"": 20.0, ""data_quality"": 100.0}"
6aa0c0dc-5712-4fdc-9315-f68d655952bb,Cn7FeyvLrAoda8ufbSrb2rhjxwc4yRGwBBvsPrM8b3Eh,2026-09-03 13:24:36.144035+00,3.117e-06,,3117.63,{},"{""total"": 12.5, ""market"": 30.0, ""wallet"": 0.0, ""momentum"": 0.0, ""security"": 20.0, ""liquidity"": 0.0, ""data_quality"": 60.0}"
5b48add5-8351-4911-bb1e-c3b0dbe5e461,53ES5nUDRMYMLQXHyVYwntxvmWCyckVRXRWDkzUwpump,2026-09-03 13:24:37.556764+00,5.637e-06,4602.92,5361,{},"{""total"": 25.5, ""market"": 50.0, ""wallet"": 0.0, ""momentum"": 15.0, ""security"": 20.0, ""liquidity"": 25.0, ""data_quality"": 100.0}"
837f7a98-cb47-4e47-a6ab-53d3a8f8bf59,96uv7R25f4vnyoiCFYJPozze9gyJJf5u3wRHRbEEpump,2026-09-03 13:24:38.938391+00,1.968e-06,2087.64,1940,{},"{""total"": 24.5, ""market"": 30.0, ""wallet"": 0.0, ""momentum"": 0.0, ""security"": 20.0, ""liquidity"": 50.0, ""data_quality"": 100.0}"
df8c0c89-66d3-4038-82b5-9c3cb8671630,CYavHLucTZQ1kQqM1iVq4sZ4XPWpTfKSVS1PgKJXpump,2026-09-03 13:24:40.29647+00,2.033e-06,2121.17,1975,{},"{""total"": 26.5, ""market"": 30.0, ""wallet"": 0.0, ""momentum"": 0.0, ""security"": 20.0, ""liquidity"": 60.0, ""data_quality"": 100.0}"
c364a997-796e-4740-8392-a9170d2606c9,eUcj3yg4zVv2hz6b4QS19Beg7y9GzARuphtCKm1pump,2026-09-03 13:24:41.726768+00,2.986e-06,,2986.74,{},"{""total"": 12.5, ""market"": 30.0, ""wallet"": 0.0, ""momentum"": 0.0, ""security"": 20.0, ""liquidity"": 0.0, ""data_quality"": 60.0}"
d12f96bf-65d4-4dba-948b-58172e6aae0b,9ZmpfSq4BjF3Ni5yfdSd9GJZqXAE2MZftzoxXXnzpump,2026-09-03 13:24:43.117865+00,2.699e-06,2616.95,2567,{},"{""total"": 24.5, ""market"": 30.0, ""wallet"": 0.0, ""momentum"": 0.0, ""security"": 20.0, ""liquidity"": 50.0, ""data_quality"": 100.0}"
d2e326b3-be03-485c-bd93-57f1aca69d4e,Cnte2GpDMvhHJkAbpvCRiBfc3kd4LcuhVCa9puF9pump,2026-09-03 13:24:44.45463+00,2.837e-06,,2837.93,{},"{""total"": 12.5, ""market"": 30.0, ""wallet"": 0.0, ""momentum"": 0.0, ""security"": 20.0, ""liquidity"": 0.0, ""data_quality"": 60.0}"
149a64a2-7d19-430f-918e-8451022d9461,7aFGQ7fDuHFcATwGGivdebcLsFkSi1b9emk2dGsxpump,2026-09-03 13:24:45.840126+00,3.346e-06,,3346.07,{},"{""total"": 12.5, ""market"": 30.0, ""wallet"": 0.0, ""momentum"": 0.0, ""security"": 20.0, ""liquidity"": 0.0, ""data_quality"": 60.0}"
e585e213-0516-44c6-88ed-f06321f8a4ac,5Jmyc3aeLktVL5hEuLcdo7DvwiY2nc1D9Fxmi3Qrpump,2026-09-03 13:24:47.226889+00,2.893e-06,,2893.74,{},"{""total"": 12.5, ""market"": 30.0, ""wallet"": 0.0, ""momentum"": 0.0, ""security"": 20.0, ""liquidity"": 0.0, ""data_quality"": 60.0}"
fbf6bf93-39e1-4823-bef9-adcf3eb4997d,DcxZYnRBF171nKzs1dd2gT2fCnLEJ6nqPRFt66WHpump,2026-09-03 13:24:48.60698+00,3.221e-06,3957.25,3132,{},"{""total"": 24.5, ""market"": 30.0, ""wallet"": 0.0, ""momentum"": 0.0, ""security"": 20.0, ""liquidity"": 50.0, ""data_quality"": 100.0}"
45e17ced-3c27-4c34-a59b-0cf45350651a,9HC7yDTyznLNsedzNu1ra82FE3384tJdsBjk2UHPpump,2026-09-03 13:24:50.036973+00,0.0001459,31341.24,138419,{},"{""total"": 71.0, ""market"": 100.0, ""wallet"": 30.0, ""momentum"": 65.0, ""security"": 70.0, ""liquidity"": 80.0, ""data_quality"": 100.0}"
796d4e03-a118-4233-92a2-bc564ba399ae,HeJY3gwRvLZyknKv11qJ78cbt4aRPuKDy7YAHq3Apump,2026-09-03 13:24:51.440234+00,2.576e-06,2979.64,2551,{},"{""total"": 19.5, ""market"": 30.0, ""wallet"": 0.0, ""momentum"": 0.0, ""security"": 20.0, ""liquidity"": 25.0, ""data_quality"": 100.0}"
a80a0775-f4a8-46c9-a7d9-71e334e8eb96,GVcTk121rBZqQ495qz4Vjx7LWVSGADdCm5BtPCnVpump,2026-09-03 13:24:52.780226+00,3.155e-06,,3155.57,{},"{""total"": 12.5, ""market"": 30.0, ""wallet"": 0.0, ""momentum"": 0.0, ""security"": 20.0, ""liquidity"": 0.0, ""data_quality"": 60.0}"
0bbb884c-93c8-4a09-8b64-fc90d9b74739,8nLN2B1xG2QTzffYFyjUxvum6V7MKwdKNE9rnQ4qpump,2026-09-03 13:24:54.20965+00,3.156e-06,,3156.1,{},"{""total"": 12.5, ""market"": 30.0, ""wallet"": 0.0, ""momentum"": 0.0, ""security"": 20.0, ""liquidity"": 0.0, ""data_quality"": 60.0}"
b309d6e1-665c-41d4-9fe7-88556936c486,AdpzjgRPzrzQt5dEhJvLzhRmHWb3eQ6BUtVmxpQTpump,2026-09-03 13:24:55.575764+00,2.921e-06,,2921.98,{},"{""total"": 12.5, ""market"": 30.0, ""wallet"": 0.0, ""momentum"": 0.0, ""security"": 20.0, ""liquidity"": 0.0, ""data_quality"": 60.0}"
e71a35ed-1411-449b-9662-7e7e41e5bdfe,28fHmDG7CD7D1diVcF97gdjztUEc1mNRBvUNoagnpump,2026-09-03 13:24:57.014371+00,1.482e-05,8528.71,13955,{},"{""total"": 34.2, ""market"": 45.0, ""wallet"": 30.0, ""momentum"": 15.0, ""security"": 40.0, ""liquidity"": 25.0, ""data_quality"": 100.0}"
6063a77f-e114-458c-b3cc-f958fa8b8bfd,5uJ8rkiqEs5uzERCqVw9a1eC6BkP54MZAF3D229dyoME,2026-09-03 13:24:58.398732+00,0.1217,64898.44,30446249,{},"{""total"": 27.5, ""market"": 10.0, ""wallet"": 0.0, ""momentum"": 0.0, ""security"": 20.0, ""liquidity"": 80.0, ""data_quality"": 100.0}"
91a47ee5-055b-4105-a45e-7fadb9746d71,CfvwFqrjDimhdMgY9uy25xQSu3LST4tv7u9ZxnRmpump,2026-09-03 13:24:59.80726+00,2.064e-06,2199.52,2038,{},"{""total"": 24.5, ""market"": 30.0, ""wallet"": 0.0, ""momentum"": 0.0, ""security"": 20.0, ""liquidity"": 50.0, ""data_quality"": 100.0}"
0648d0db-e15f-4e12-8b22-795fdad20c38,GhfYVacYAE8bh99xK2eLNop6gEFnNpzor1XhdVrepump,2026-09-03 13:25:01.182006+00,3.15e-06,,3150.63,{},"{""total"": 12.5, ""market"": 30.0, ""wallet"": 0.0, ""momentum"": 0.0, ""security"": 20.0, ""liquidity"": 0.0, ""data_quality"": 60.0}"
0660001a-0928-4623-96f6-66d2ee96440c,GTmRSuqENCavU5BZvaZoSYJnhCmWmKk7GeMmv75CRH4H,2026-09-03 13:25:02.606815+00,2.976e-06,2879.62,2823,{},"{""total"": 19.5, ""market"": 30.0, ""wallet"": 0.0, ""momentum"": 0.0, ""security"": 20.0, ""liquidity"": 25.0, ""data_quality"": 100.0}"
7758774d-b16a-444a-848c-331caeef58f1,Aio2SJ69afHaSZGF7tT9RdsNuDW4pouHoVD3HCcMpump,2026-09-03 13:25:03.998783+00,3.18e-06,,3180.22,{},"{""total"": 12.5, ""market"": 30.0, ""wallet"": 0.0, ""momentum"": 0.0, ""security"": 20.0, ""liquidity"": 0.0, ""data_quality"": 60.0}"
4cba1972-7bc3-458b-8f8c-c381c54c2c22,6nWbQH6aSjG83JizxiYKwBRK5njaKvqgm1EWu7rPpump,2026-09-03 13:25:05.478552+00,1.289e-05,,12890.3,{},"{""total"": 36.2, ""market"": 70.0, ""wallet"": 15.0, ""momentum"": 65.0, ""security"": 30.0, ""liquidity"": 0.0, ""data_quality"": 60.0}"
11134749-e0c7-4063-8cd5-cbe58eddc66d,3MdTbRMscgVcDx5aVBXxmE9qznGVaK2gh8rAaKhUpump,2026-09-03 13:25:06.906181+00,3.438e-06,,3438.52,{},"{""total"": 12.5, ""market"": 30.0, ""wallet"": 0.0, ""momentum"": 0.0, ""security"": 20.0, ""liquidity"": 0.0, ""data_quality"": 60.0}"
227f4535-a404-4ce6-b786-1064287c81ae,HzBCGPxhTaN9rRxqFkJCCh8At1ZWudY8jDr3SswFpump,2026-09-03 13:25:08.337771+00,2.269e-06,2455.05,2237,{},"{""total"": 26.5, ""market"": 30.0, ""wallet"": 0.0, ""momentum"": 0.0, ""security"": 20.0, ""liquidity"": 60.0, ""data_quality"": 100.0}"
b206cf5d-3b3e-410a-b868-51f3f0613936,8hWPJYaste3GRRAWcwAV3JYdz6Lk4GkZ4nwLz3mgpump,2026-09-03 13:25:09.721816+00,3.19e-06,,3190.23,{},"{""total"": 12.5, ""market"": 30.0, ""wallet"": 0.0, ""momentum"": 0.0, ""security"": 20.0, ""liquidity"": 0.0, ""data_quality"": 60.0}"
5b471648-dd6f-4080-b124-5e400adb73ff,HnCBDvnM3RfSZHxXJpfJ9uVW4B4HTMbPdKdZf3XLpump,2026-09-03 13:25:11.16869+00,3.643e-06,,3643.46,{},"{""total"": 12.5, ""market"": 30.0, ""wallet"": 0.0, ""momentum"": 0.0, ""security"": 20.0, ""liquidity"": 0.0, ""data_quality"": 60.0}"
043266ab-f7c1-4047-b07a-9ba2d6ed67cd,8uSrp69f2Qt1WyUiGwfXNSv52JXbjJoA2FVWmmwapump,2026-09-03 13:25:12.607033+00,2.843e-06,2740.45,2630,{},"{""total"": 24.5, ""market"": 30.0, ""wallet"": 0.0, ""momentum"": 0.0, ""security"": 20.0, ""liquidity"": 50.0, ""data_quality"": 100.0}"
0a422331-9edf-430f-a4bf-1bb8440f07aa,9ApS1vkNYMrdSibKoCud7gYX99soSBe9KHjoBWhDpump,2026-09-03 13:25:13.947715+00,2.805e-06,,2805.37,{},"{""total"": 12.5, ""market"": 30.0, ""wallet"": 0.0, ""momentum"": 0.0, ""security"": 20.0, ""liquidity"": 0.0, ""data_quality"": 60.0}"
43b569a1-3428-4b18-a232-8340a1a91d32,GqrR58mZHKw6HK9bGLDVLyuu2EZfKUFSRU4p2sjJpump,2026-09-03 13:25:15.491222+00,2.073e-06,2317.71,2044,{},"{""total"": 24.5, ""market"": 30.0, ""wallet"": 0.0, ""momentum"": 0.0, ""security"": 20.0, ""liquidity"": 50.0, ""data_quality"": 100.0}"
5a1c9e43-d340-4c91-a463-9ba4a80364ab,5tuKbTVkV6Xkg4aL2F8iPBmY521GBbzVgeDmyExWpump,2026-09-03 13:25:16.92586+00,2.018e-06,2169.79,1967,{},"{""total"": 24.5, ""market"": 30.0, ""wallet"": 0.0, ""momentum"": 0.0, ""security"": 20.0, ""liquidity"": 50.0, ""data_quality"": 100.0}"
29d90db5-6667-4887-b0bf-8d0be3527c52,E8AUxsLLavnwGQqEztqFY6XZwbHfvrgVgBaxcwi4pump,2026-09-03 13:25:18.318072+00,2.166e-06,2471.2,2136,{},"{""total"": 24.5, ""market"": 30.0, ""wallet"": 0.0, ""momentum"": 0.0, ""security"": 20.0, ""liquidity"": 50.0, ""data_quality"": 100.0}"
d3eec563-5bdb-4e56-a401-cca3b636cc9b,7bdCY31Ajz3dGdiQkzL6VEtFHs1xhooW1134A6Bcpump,2026-09-03 13:25:19.747195+00,2.869e-06,,2869.65,{},"{""total"": 12.5, ""market"": 30.0, ""wallet"": 0.0, ""momentum"": 0.0, ""security"": 20.0, ""liquidity"": 0.0, ""data_quality"": 60.0}"
db285f0f-309f-49e9-918b-753e6755ebc5,EfxdVwr7vrHnM5G86JPdndVFVfMuB4YxtAzr1ppxpump,2026-09-03 13:25:21.161212+00,3.184e-06,,3184.91,{},"{""total"": 12.5, ""market"": 30.0, ""wallet"": 0.0, ""momentum"": 0.0, ""security"": 20.0, ""liquidity"": 0.0, ""data_quality"": 60.0}"
0edbfe98-93af-4f75-ba05-1d86fdea4965,3WqmgTAuonVeoGTFPc7pdPjuxz44JXsL9XhfZLbmpump,2026-09-03 13:25:22.520964+00,3.222e-06,,3222.32,{},"{""total"": 12.5, ""market"": 30.0, ""wallet"": 0.0, ""momentum"": 0.0, ""security"": 20.0, ""liquidity"": 0.0, ""data_quality"": 60.0}"
d2ff1527-ffc8-444a-a5eb-a3bc8897587f,DjVGs3rLy6GVPD9NxfaDqfSHfwXoxz52xRDgSR6mpump,2026-09-03 13:25:23.898797+00,4.838e-06,4207.45,4475,{},"{""total"": 27.5, ""market"": 30.0, ""wallet"": 0.0, ""momentum"": 15.0, ""security"": 20.0, ""liquidity"": 50.0, ""data_quality"": 100.0}"
99ddfad3-37c7-43ba-8fad-086eaf8eca5a,XDv73xgiMsUKh811vQtf14dpBsFXapAEE8y5Hkhpump,2026-09-03 13:25:25.308829+00,2.833e-06,2713.19,2240,{},"{""total"": 24.5, ""market"": 30.0, ""wallet"": 0.0, ""momentum"": 0.0, ""security"": 20.0, ""liquidity"": 50.0, ""data_quality"": 100.0}"
63106c97-3a12-47b0-9cb0-291698b60976,HeKCjqtkcTxEXyLRiBoUT2RFvvgECpexbYGhQJuppump,2026-09-03 13:25:26.698212+00,3.242e-06,,3242.04,{},"{""total"": 12.5, ""market"": 30.0, ""wallet"": 0.0, ""momentum"": 0.0, ""security"": 20.0, ""liquidity"": 0.0, ""data_quality"": 60.0}"
7d39851f-90d1-4cf0-8973-849c30510c0b,3EFotDUaMcYTLTTtpGsu2ipF9zWpvHBL52CdiBTcpump,2026-09-03 13:25:28.077961+00,1.991e-06,2083.91,1962,{},"{""total"": 26.5, ""market"": 30.0, ""wallet"": 0.0, ""momentum"": 0.0, ""security"": 20.0, ""liquidity"": 60.0, ""data_quality"": 100.0}"
381edc6d-9410-4365-adb7-a64ff8978d03,3PkXvrHSpbJB4wFryEXG8HrgiKmNJZASiEf28GBrpump,2026-09-03 13:25:29.474374+00,3.614e-06,3361.36,3461,{},"{""total"": 22.5, ""market"": 30.0, ""wallet"": 0.0, ""momentum"": 15.0, ""security"": 20.0, ""liquidity"": 25.0, ""data_quality"": 100.0}"
c82d823e-712f-45cc-9776-43954e0d4bc8,DNJe1VctUNLzyEHLU9hpeTxx5TuYf13YSWmrhXbgpump,2026-09-03 13:25:30.917425+00,2.671e-06,2588.55,2501,{},"{""total"": 26.5, ""market"": 30.0, ""wallet"": 0.0, ""momentum"": 0.0, ""security"": 20.0, ""liquidity"": 60.0, ""data_quality"": 100.0}"
9fd88614-4566-49ad-afae-5cb6ba4b4925,DwnDpX8KHgS44fHKdYvS5rx2qSeDmwgxfFHFNmdQpump,2026-09-03 13:25:32.379304+00,2.566e-06,2495.88,2139,{},"{""total"": 26.5, ""market"": 30.0, ""wallet"": 0.0, ""momentum"": 0.0, ""security"": 20.0, ""liquidity"": 60.0, ""data_quality"": 100.0}"
63bbc33c-71e5-4617-ba79-2cdd72c42467,5XxS55TTZC5rEJwpzcK4hKvQ35N7BiE4cYXaEkjjpump,2026-09-03 13:25:33.794739+00,3.985e-06,,3985.18,{},"{""total"": 12.5, ""market"": 30.0, ""wallet"": 0.0, ""momentum"": 0.0, ""security"": 20.0, ""liquidity"": 0.0, ""data_quality"": 60.0}"
60f16a47-f8ec-43fb-b64d-0a2826aaaac7,s3Xi9Z2B5qjnkEPmwxJ451jGpjRpkAyjLzr7hQfpump,2026-09-03 13:25:35.191427+00,4.582e-06,3946.06,4293,{},"{""total"": 26.5, ""market"": 30.0, ""wallet"": 0.0, ""momentum"": 0.0, ""security"": 20.0, ""liquidity"": 60.0, ""data_quality"": 100.0}"
d863d3a0-d744-4956-bdf4-52d293287b95,XhKjwneYqmTzCZW8Ru7fwBJMEBRhspw1kcHhnFppump,2026-09-03 13:25:36.55316+00,3.047e-06,,3047.63,{},"{""total"": 12.5, ""market"": 30.0, ""wallet"": 0.0, ""momentum"": 0.0, ""security"": 20.0, ""liquidity"": 0.0, ""data_quality"": 60.0}"
2d9581af-1dde-455a-877e-503cbb7d9de2,DRbEq7UUsyKKW4L1typPJtGXy8Pk8gm7P5HH8QCdpump,2026-09-03 13:25:37.976224+00,9.673e-06,,9673.2,{},"{""total"": 27.0, ""market"": 70.0, ""wallet"": 0.0, ""momentum"": 30.0, ""security"": 30.0, ""liquidity"": 0.0, ""data_quality"": 60.0}"
bb3012a5-9061-43cc-ba45-d02393aaac08,97PbAqx6JbahfW7baF6k1Q7J4EkqUNY8M8HC7fDVpump,2026-09-03 13:25:39.463904+00,2.054e-06,2288.4,2025,{},"{""total"": 26.5, ""market"": 30.0, ""wallet"": 0.0, ""momentum"": 0.0, ""security"": 20.0, ""liquidity"": 60.0, ""data_quality"": 100.0}"
e979cdd8-98cf-4fc9-a47c-014ae590147d,4Va9h3ipJZRtCt6v2EqPCcjJjFU8P1BeA3M3QSuXpump,2026-09-03 13:25:40.900604+00,5.693e-06,,5693.91,{},"{""total"": 27.5, ""market"": 50.0, ""wallet"": 0.0, ""momentum"": 60.0, ""security"": 20.0, ""liquidity"": 0.0, ""data_quality"": 60.0}"
ebcd554b-565e-451f-993a-3a8992846dff,6qC3DiLML6MBMA61Fj7seicCBrc28FdzMub16zSRpump,2026-09-03 13:25:42.298758+00,3.282e-06,,3282.16,{},"{""total"": 12.5, ""market"": 30.0, ""wallet"": 0.0, ""momentum"": 0.0, ""security"": 20.0, ""liquidity"": 0.0, ""data_quality"": 60.0}"
c4ca07f5-ccc6-43b5-a43b-ccd217b866dd,4dYpZESEYsKZDk3gKbw9mpd2aMfmHgie7wbKpkQdpump,2026-09-03 13:25:43.714695+00,1.072e-05,,10720.64,{},"{""total"": 15.0, ""market"": 30.0, ""wallet"": 0.0, ""momentum"": 0.0, ""security"": 30.0, ""liquidity"": 0.0, ""data_quality"": 60.0}"
314f2216-7a6a-4ea1-b0a7-04c91d4fac17,EnYMMJKBdFMvx4WvajicJmktkSV4Zj4fcdD1w8LPpump,2026-09-03 13:25:45.1054+00,2.467e-06,2801.8,2434,{},"{""total"": 26.5, ""market"": 30.0, ""wallet"": 0.0, ""momentum"": 0.0, ""security"": 20.0, ""liquidity"": 60.0, ""data_quality"": 100.0}"
3d2cb5db-e47f-4512-9c18-edddfb7c2b5b,7QEXsEr7az1micNWyvf7qmM9DpuBBKjBw27ry9rqpump,2026-09-03 13:25:46.548619+00,2.382e-06,2675.14,2314,{},"{""total"": 26.5, ""market"": 30.0, ""wallet"": 0.0, ""momentum"": 0.0, ""security"": 20.0, ""liquidity"": 60.0, ""data_quality"": 100.0}"
c45a52ff-3894-4be4-b78b-e846853525c0,71GRQ9GkECtsuP9s1ThTo4GrwVEmE5HUXyks7sA9pump,2026-09-03 13:25:47.928326+00,2.962e-06,,2962.18,{},"{""total"": 12.5, ""market"": 30.0, ""wallet"": 0.0, ""momentum"": 0.0, ""security"": 20.0, ""liquidity"": 0.0, ""data_quality"": 60.0}"
17ee216b-51bf-4dc0-bcbc-106f0ca0c91e,3fUJCmN9TKUndmB9JRGcGYtvxRDscBBAgrf8yacEpump,2026-09-03 13:25:49.297119+00,4.812e-06,,4812.08,{},"{""total"": 18.5, ""market"": 50.0, ""wallet"": 0.0, ""momentum"": 15.0, ""security"": 20.0, ""liquidity"": 0.0, ""data_quality"": 60.0}"
b40dafd7-c50c-4fe9-aaf8-69e923fbdee1,GU9G1rzYz5CAnW5G6gByWiCyLswdENhaYyjTbpSMpump,2026-09-03 13:25:50.798311+00,2.843e-06,,2843.05,{},"{""total"": 12.5, ""market"": 30.0, ""wallet"": 0.0, ""momentum"": 0.0, ""security"": 20.0, ""liquidity"": 0.0, ""data_quality"": 60.0}"
2c12fa3d-7e45-46df-b0b3-d2703cdcfa71,B9rWRpbpYRvDVbFZQwgvaneY55EpULxwLwXmjB1zpump,2026-09-03 13:25:52.197846+00,2.866e-06,,2866.15,{},"{""total"": 12.5, ""market"": 30.0, ""wallet"": 0.0, ""momentum"": 0.0, ""security"": 20.0, ""liquidity"": 0.0, ""data_quality"": 60.0}"
0ad64244-6ef1-4dd6-bb57-35035b71cef1,Fj8dD9KUPD9YAJFBc9a8J2YkLx1Q8WdTH9mR4ZWTpump,2026-09-03 13:25:53.546409+00,2.171e-06,2438.57,2140,{},"{""total"": 26.5, ""market"": 30.0, ""wallet"": 0.0, ""momentum"": 0.0, ""security"": 20.0, ""liquidity"": 60.0, ""data_quality"": 100.0}"
ff5341bd-c542-4e92-8775-67fedcb8c34d,HL8Pk5kSR2xKagGrCvmHFzURXdq6mu9idp6JTfbupump,2026-09-03 13:25:54.982204+00,5.091e-06,,5091.74,{},"{""total"": 24.5, ""market"": 30.0, ""wallet"": 0.0, ""momentum"": 60.0, ""security"": 20.0, ""liquidity"": 0.0, ""data_quality"": 60.0}"
0f016e72-9e94-4fd8-a28f-674c3e1811c9,NEW37tshbEuVKPZ6et9SDoMpumEy1PfQpX55Vcr8fUL,2026-09-03 13:25:56.416603+00,5.146e-06,4367.1,4909,{},"{""total"": 34.2, ""market"": 30.0, ""wallet"": 15.0, ""momentum"": 15.0, ""security"": 30.0, ""liquidity"": 60.0, ""data_quality"": 100.0}"
54bb5025-4927-452b-9dae-4259f4eafc38,J1yoS599NNaynhMw1EUMrHdCASg2fqjthViKEe9epump,2026-09-03 13:25:58.110889+00,2.886e-06,2761.43,2717,{},"{""total"": 29.5, ""market"": 30.0, ""wallet"": 0.0, ""momentum"": 15.0, ""security"": 20.0, ""liquidity"": 60.0, ""data_quality"": 100.0}"
51e257df-52ab-47ea-9ddc-8fc0a2f60022,7orob1bbPVDr97vWHRSEhDQ7JAGGgFZ6uPEwHtZMpump,2026-09-03 13:25:59.498925+00,2.059e-06,2063.51,1982,{},"{""total"": 26.5, ""market"": 30.0, ""wallet"": 0.0, ""momentum"": 0.0, ""security"": 20.0, ""liquidity"": 60.0, ""data_quality"": 100.0}"
3b5561e4-2804-4c11-b72b-d7259faf17d8,Cf9mna8m7eSZ6qyCF3E9nnA55CBh2ei3a3WNMj6Xpump,2026-09-03 13:26:00.872224+00,4.131e-05,,41318.11,{},"{""total"": 12.5, ""market"": 30.0, ""wallet"": 0.0, ""momentum"": 0.0, ""security"": 20.0, ""liquidity"": 0.0, ""data_quality"": 60.0}"
8173d638-396f-420f-a4d9-b724a699dadb,2eDSbV9rYTvqNkikbFNBn36HL4fYbQM4n5ZGxRG1pump,2026-09-03 13:26:02.252833+00,4.264e-05,15686.83,42649,{},"{""total"": 64.2, ""market"": 85.0, ""wallet"": 30.0, ""momentum"": 65.0, ""security"": 60.0, ""liquidity"": 70.0, ""data_quality"": 100.0}"
c93fa6e7-e12f-435f-840b-87ae02c8b83e,A2wVTmqTcyrBiXqexpskupvyd21ckqoydGtMyPXUpump,2026-09-03 13:26:03.684781+00,3.918e-06,,3918.26,{},"{""total"": 12.5, ""market"": 30.0, ""wallet"": 0.0, ""momentum"": 0.0, ""security"": 20.0, ""liquidity"": 0.0, ""data_quality"": 60.0}"
c13a4cd2-40c2-4872-84a8-b6b5d8fb5c50,B33yWXo4uNSmZDkNMNCNi95DRAChEB2LVFpD1LqGpump,2026-09-03 13:26:05.144044+00,3.689e-06,3385.12,3512,{},"{""total"": 29.5, ""market"": 30.0, ""wallet"": 0.0, ""momentum"": 15.0, ""security"": 20.0, ""liquidity"": 60.0, ""data_quality"": 100.0}"
ad6ae01f-8b43-4130-add6-414ade978e06,4xGLW7ZzQXj1UfA1HtsjwDvQf8XoGvvhMYYx9x33pump,2026-09-03 13:26:06.593381+00,1.636e-05,,16363.75,{},"{""total"": 36.2, ""market"": 85.0, ""wallet"": 0.0, ""momentum"": 65.0, ""security"": 30.0, ""liquidity"": 0.0, ""data_quality"": 60.0}"
ed79abb8-8ba0-445c-a252-5262a073ab28,9eECz3PAyTTYr1YR8B41EAzGCk6bQW6BkFMovLpCpump,2026-09-03 13:26:08.005065+00,0.0001315,30121.66,131511,{},"{""total"": 76.0, ""market"": 100.0, ""wallet"": 55.0, ""momentum"": 65.0, ""security"": 75.0, ""liquidity"": 80.0, ""data_quality"": 100.0}"
af0a056d-a070-4b87-99a5-19b714e3020d,EjdSHfdgTSvraKco5nDz1d9rX7W1wosKVG5MTwQ2sBM2,2026-09-03 13:26:09.495173+00,2.929e-06,,2929.5,{},"{""total"": 12.5, ""market"": 30.0, ""wallet"": 0.0, ""momentum"": 0.0, ""security"": 20.0, ""liquidity"": 0.0, ""data_quality"": 60.0}"
d2e39abb-d7f7-46a8-8b98-e3787a98dd1f,CahoLMbXxyfX7C5UVeRKFrNSUysiXdq2x2u27D66pump,2026-09-03 13:26:10.916645+00,3.145e-06,,3145.41,{},"{""total"": 12.5, ""market"": 30.0, ""wallet"": 0.0, ""momentum"": 0.0, ""security"": 20.0, ""liquidity"": 0.0, ""data_quality"": 60.0}"
8d9abc69-aeb2-494c-aa3f-8ba26e2b95f0,CLd4sKq53pWpjqwaUG3EBnqFMf8242GnZqvPyyqepump,2026-09-03 13:26:12.362441+00,2.639e-05,12003.17,24887,{},"{""total"": 58.8, ""market"": 85.0, ""wallet"": 20.0, ""momentum"": 45.0, ""security"": 60.0, ""liquidity"": 70.0, ""data_quality"": 100.0}"
7c00d2ac-8a10-40b4-b4b2-bc93d5396af9,GbYwBpr7USaSfpFZrrFE3ccWNpwFJjv5fJFbL8Pjpump,2026-09-03 13:26:13.763612+00,5.139e-06,4294.78,5140,{},"{""total"": 31.5, ""market"": 30.0, ""wallet"": 0.0, ""momentum"": 25.0, ""security"": 20.0, ""liquidity"": 60.0, ""data_quality"": 100.0}"
17f77e28-406d-4eb6-9620-83d13af8d96a,8G7aM6Gco4fHjVpmVvUdVvhKMKaWXJEqkCKRvPdepump,2026-09-03 13:26:15.408403+00,1.8e-05,,18000.26,{},"{""total"": 45.8, ""market"": 85.0, ""wallet"": 30.0, ""momentum"": 65.0, ""security"": 50.0, ""liquidity"": 0.0, ""data_quality"": 60.0}"
e7436816-0ca3-4b18-a867-fad46b5f317e,6cv61jKje9MazgEFeR8SQcjbT8eNGvov36nGSex3pump,2026-09-03 13:26:16.788642+00,1.995e-06,2003.03,1996,{},"{""total"": 40.8, ""market"": 85.0, ""wallet"": 0.0, ""momentum"": 30.0, ""security"": 20.0, ""liquidity"": 60.0, ""data_quality"": 100.0}"
d7c1e9ea-ddff-439b-a05d-db22f1c91f6c,7yJG5f4zJseh6VUGmxTHSGma8eLXJWQh5K4GygU6pump,2026-09-03 13:26:18.193895+00,3.362e-05,13720.28,33627,{},"{""total"": 54.5, ""market"": 100.0, ""wallet"": 0.0, ""momentum"": 65.0, ""security"": 30.0, ""liquidity"": 70.0, ""data_quality"": 100.0}"
a5a23927-cdb0-48f0-9404-8365e00f1042,6AXHpXKbwqXSq5beSzuXt3HzYpBLEbDyf25ZDh57pump,2026-09-03 13:26:20.01919+00,1.191e-05,,11919.42,{},"{""total"": 30.8, ""market"": 85.0, ""wallet"": 0.0, ""momentum"": 50.0, ""security"": 20.0, ""liquidity"": 0.0, ""data_quality"": 60.0}"
6d63b68e-95fb-4214-868d-7aade59cacdc,7yWoqfhCpKJYUw8kxDbsipgVWDMqwZo8qPdQxtmApump,2026-09-03 13:26:21.8506+00,5.226e-06,,5226.4,{},"{""total"": 33.8, ""market"": 85.0, ""wallet"": 0.0, ""momentum"": 65.0, ""security"": 20.0, ""liquidity"": 0.0, ""data_quality"": 60.0}"
1e243e80-79e2-46eb-9f93-6ebabb696ef7,6x8nA5P6XYJhwtS2XodDKUte5hA8E88xrPsqNAyuFJpr,2026-09-03 13:26:23.75541+00,8.881e-06,,8881.52,{},"{""total"": 30.8, ""market"": 85.0, ""wallet"": 0.0, ""momentum"": 50.0, ""security"": 20.0, ""liquidity"": 0.0, ""data_quality"": 60.0}"
d72071f2-b6f5-4d6e-8918-3e6a3d6c7aab,Dzddja1BqGN18kks2Zqdg4iXRw5NnHvmYy1h1qdKpump,2026-09-03 13:26:38.183217+00,2.202e-06,2208.51,2104,{},"{""total"": 19.5, ""market"": 30.0, ""wallet"": 0.0, ""momentum"": 0.0, ""security"": 20.0, ""liquidity"": 25.0, ""data_quality"": 100.0}"
39afc7b1-ff95-417a-994c-bf2c5e684723,7LK6hiKa6SEDVLehpFzx1nw6RAA76d91Q8pNiyVJpump,2026-09-03 13:26:39.541098+00,4.378e-06,,4378.53,{},"{""total"": 12.5, ""market"": 30.0, ""wallet"": 0.0, ""momentum"": 0.0, ""security"": 20.0, ""liquidity"": 0.0, ""data_quality"": 60.0}"
9694bf13-f091-4391-a7a4-d4cf82474b67,4X8fMRgXTCdTNk9ndfkqpxGDKEj6TVhVXL5V9dcc1GhT,2026-09-03 13:26:40.947336+00,2.392e-05,,23925.32,{},"{""total"": 24.5, ""market"": 30.0, ""wallet"": 30.0, ""momentum"": 0.0, ""security"": 50.0, ""liquidity"": 0.0, ""data_quality"": 60.0}"
0d0d79c3-a847-4e07-93b7-c8d3f9a1e7d8,25dMkuq48c36iAw5XonRa2G4qqCEkdLptEmJFmjmpump,2026-09-03 13:26:42.272859+00,2.852e-06,,2852.59,{},"{""total"": 12.5, ""market"": 30.0, ""wallet"": 0.0, ""momentum"": 0.0, ""security"": 20.0, ""liquidity"": 0.0, ""data_quality"": 60.0}"
5535027e-07c7-4073-b712-a05ed5983d41,2ddMcFkjrhdpQhJ3ZmG4DyPnkF3wZ36heCrNRGoppump,2026-09-03 13:26:43.708738+00,2.026e-05,12477.14,19236,{},"{""total"": 36.2, ""market"": 45.0, ""wallet"": 30.0, ""momentum"": 15.0, ""security"": 40.0, ""liquidity"": 35.0, ""data_quality"": 100.0}"
e0adf0af-faac-4d2d-a4e1-42387013a79d,5vhw96LZoKA4K8kbBkTJXBYvJSN1RWJzJgJbYEorBChv,2026-09-03 13:26:45.080788+00,76.064,1597167519.7,1597357236,{},"{""total"": 28.5, ""market"": 30.0, ""wallet"": 0.0, ""momentum"": 0.0, ""security"": 20.0, ""liquidity"": 70.0, ""data_quality"": 100.0}"
3856b973-707f-4e3a-ae53-db462b9d88cd,GqR98CsEbPtV2zcEGMbHpbL2BDEURG5poH5cAVNqmwey,2026-09-03 13:26:46.43704+00,85.48,1795109621.01,1795250824,{},"{""total"": 30.5, ""market"": 30.0, ""wallet"": 0.0, ""momentum"": 0.0, ""security"": 20.0, ""liquidity"": 80.0, ""data_quality"": 100.0}"
3ae77b3d-9d03-4a76-ba44-acb9db7d8b96,4CX9pg8hTJCqAnpY3Xqkvt6i7aQ6UtNPPifE64vMM8r1,2026-09-03 13:26:47.889609+00,100.54,50270053.09,4926464141740,{},"{""total"": 27.5, ""market"": 10.0, ""wallet"": 0.0, ""momentum"": 0.0, ""security"": 20.0, ""liquidity"": 80.0, ""data_quality"": 100.0}"
51dd8569-e73d-4649-b5c4-6c133b81b3db,Ghd7yhW6b1Uqv1eaG5hQKBN9AoqWzjmUx227VrRdpump,2026-09-03 13:26:49.313011+00,4.577e-06,,4577.68,{},"{""total"": 12.5, ""market"": 30.0, ""wallet"": 0.0, ""momentum"": 0.0, ""security"": 20.0, ""liquidity"": 0.0, ""data_quality"": 60.0}"
e07952d1-0ec4-45f3-8f0f-1e5cd75cb9e6,7AEEdoP2zhMad1tkFNYyDnDB9Hjy7sb1LSB2KxAQr3EV,2026-09-03 13:26:50.72913+00,85.019,1219101.02,1275204,{},"{""total"": 30.5, ""market"": 30.0, ""wallet"": 0.0, ""momentum"": 0.0, ""security"": 20.0, ""liquidity"": 80.0, ""data_quality"": 100.0}"
4f6a8b07-be10-401d-b0f0-bf00f580a059,HHfdkSjJLzwAjcFTsYAz8t8oQArYt2Jo737pDYPbpump,2026-09-03 13:26:52.196893+00,3.825e-06,,3825.38,{},"{""total"": 12.5, ""market"": 30.0, ""wallet"": 0.0, ""momentum"": 0.0, ""security"": 20.0, ""liquidity"": 0.0, ""data_quality"": 60.0}"
5aecdef2-2362-4bf9-8325-0de06b912b1f,3sUubhHpm3kqH4ZU2osRScce5wEqUPTCptUjm5brpump,2026-09-03 13:26:53.585883+00,2.842e-06,,2842.08,{},"{""total"": 12.5, ""market"": 30.0, ""wallet"": 0.0, ""momentum"": 0.0, ""security"": 20.0, ""liquidity"": 0.0, ""data_quality"": 60.0}"
03ca7a1b-4973-48ab-be1c-d09d63a94e89,Gffw364rz4r93aYum3BHynoi5iw1gsq2m4P2Py6gpump,2026-09-03 13:26:55.067702+00,4.543e-06,4278.31,4464,{},"{""total"": 19.5, ""market"": 30.0, ""wallet"": 0.0, ""momentum"": 0.0, ""security"": 20.0, ""liquidity"": 25.0, ""data_quality"": 100.0}"
1ed8a532-ce45-4230-bcaf-4fbd5d889f6a,F59cEB3A7RAKHGtkvR577swnPSP6EsdaBoL5AcVZpump,2026-09-03 13:26:56.497867+00,2.971e-06,,2971.36,{},"{""total"": 12.5, ""market"": 30.0, ""wallet"": 0.0, ""momentum"": 0.0, ""security"": 20.0, ""liquidity"": 0.0, ""data_quality"": 60.0}"
d8ae2288-5ed5-4017-b8df-094743611cee,3srxCNyuzwtT6LodQJs1xf4fwYAG9qYXUv1WDiNVpump,2026-09-03 13:26:57.890292+00,3.047e-06,,3047.94,{},"{""total"": 12.5, ""market"": 30.0, ""wallet"": 0.0, ""momentum"": 0.0, ""security"": 20.0, ""liquidity"": 0.0, ""data_quality"": 60.0}"
a0b2cbbb-0df1-4423-920d-d4b76adee28f,zUwDFNFSCCK9c3uA2H3UoEjJA6Cha7nBvJZBTZFpump,2026-09-03 13:26:59.304423+00,2.566e-06,2502.6,2241,{},"{""total"": 24.5, ""market"": 30.0, ""wallet"": 0.0, ""momentum"": 0.0, ""security"": 20.0, ""liquidity"": 50.0, ""data_quality"": 100.0}"
0bb355f6-2fc3-437c-9609-4492479121b4,DUvzkkEqabsf1U8jZvbrBp38RieQXBzpoqLka61hpump,2026-09-03 13:27:00.779861+00,2.875e-06,,2875.33,{},"{""total"": 15.5, ""market"": 30.0, ""wallet"": 0.0, ""momentum"": 15.0, ""security"": 20.0, ""liquidity"": 0.0, ""data_quality"": 60.0}"
68538f9f-f7eb-49cb-bd90-22d57d34baf8,68bkvddGS1FKC1BoxFcfbAkaunjxixZ5CK7Hob8qpump,2026-09-03 13:27:02.160868+00,3.479e-06,,3479.99,{},"{""total"": 12.5, ""market"": 30.0, ""wallet"": 0.0, ""momentum"": 0.0, ""security"": 20.0, ""liquidity"": 0.0, ""data_quality"": 60.0}"
882081aa-4a03-4349-a977-520156e2725a,EFSy2VB3gymYe6tmTzkvqVuqcYQziqogCN4jcN23pump,2026-09-03 13:27:03.594903+00,3.606e-06,3318.48,3431,{},"{""total"": 19.5, ""market"": 30.0, ""wallet"": 0.0, ""momentum"": 0.0, ""security"": 20.0, ""liquidity"": 25.0, ""data_quality"": 100.0}"
ccc28ee0-76da-410a-ba20-4893daa139fb,GTr7KTPznLyaLyTaXJ2f1dWrph5CXRDnC734nWZLpump,2026-09-03 13:27:05.103879+00,1.867e-06,1901.47,1843,{},"{""total"": 18.5, ""market"": 30.0, ""wallet"": 0.0, ""momentum"": 0.0, ""security"": 20.0, ""liquidity"": 20.0, ""data_quality"": 100.0}"
9aeb886b-f9dc-4fe1-8f77-9b2e19883066,GJ5HefCCD3zW3GeBEUjSyEmoEz8jsZVt5NmPLSDDpump,2026-09-03 13:27:06.516406+00,4.707e-06,4318.53,4551,{},"{""total"": 22.5, ""market"": 30.0, ""wallet"": 0.0, ""momentum"": 15.0, ""security"": 20.0, ""liquidity"": 25.0, ""data_quality"": 100.0}"
51e1cb82-53b2-4d47-85db-5bfe3cd05623,C8pd5Ak9TQZDG36USAbAidXd38DZLURjuorQB3KApump,2026-09-03 13:27:07.900319+00,2.908e-06,,2908.65,{},"{""total"": 12.5, ""market"": 30.0, ""wallet"": 0.0, ""momentum"": 0.0, ""security"": 20.0, ""liquidity"": 0.0, ""data_quality"": 60.0}"
875e2f02-e91a-433b-803d-47a7e38c3bae,2LZVYtmknWbgKvbDXxuPbzuqjc2w58KknfXT6WL2pump,2026-09-03 13:27:09.293518+00,3.322e-06,,3322.91,{},"{""total"": 12.5, ""market"": 30.0, ""wallet"": 0.0, ""momentum"": 0.0, ""security"": 20.0, ""liquidity"": 0.0, ""data_quality"": 60.0}"
42ac017c-1c04-4410-a0e1-7b03c8d5fd4a,EWNq2MZsfzJoM9j6Ec8cLve6jdUn8gBSDUAHrWSJpump,2026-09-03 13:27:10.697986+00,2.809e-06,,2809.87,{},"{""total"": 12.5, ""market"": 30.0, ""wallet"": 0.0, ""momentum"": 0.0, ""security"": 20.0, ""liquidity"": 0.0, ""data_quality"": 60.0}"
062487b7-477b-476a-932a-3c51f026929e,GdQJ6PNLEjM53Enyinfbi6hxppeHPcPJJ7ToaQRapump,2026-09-03 13:27:12.229752+00,2.819e-06,,2819.87,{},"{""total"": 12.5, ""market"": 30.0, ""wallet"": 0.0, ""momentum"": 0.0, ""security"": 20.0, ""liquidity"": 0.0, ""data_quality"": 60.0}"
064fa0a2-f05c-4cc6-a039-00520974798a,6m6hkSNrZ1FxuLLdbcf9UAraPvUZMgfcCSsx3hh4pump,2026-09-03 13:27:13.584995+00,4.779e-06,,4779.3,{},"{""total"": 15.5, ""market"": 30.0, ""wallet"": 0.0, ""momentum"": 15.0, ""security"": 20.0, ""liquidity"": 0.0, ""data_quality"": 60.0}"
58ce19f4-4651-4285-942f-6c6d6dfbce35,Dj2WeeaTWdPJHMYqzKBwHJBU27XDVBfGmtiPvQzzpump,2026-09-03 13:27:15.030734+00,3.087e-06,,3087.78,{},"{""total"": 12.5, ""market"": 30.0, ""wallet"": 0.0, ""momentum"": 0.0, ""security"": 20.0, ""liquidity"": 0.0, ""data_quality"": 60.0}"
f80b7299-3921-43d9-8ba0-da5249b7e2dc,EoKqyKksc4ekiPVuBD9FiztYQHkV59x8KTcZ3ReLpump,2026-09-03 13:27:16.430808+00,4.403e-06,3996.85,4302,{},"{""total"": 19.5, ""market"": 30.0, ""wallet"": 0.0, ""momentum"": 0.0, ""security"": 20.0, ""liquidity"": 25.0, ""data_quality"": 100.0}"
2da3ad24-a50a-46de-9b21-b9fe10671b1b,8c99wy5pUgbw7hQ27EN2p2D8qPHiDKfR5uLRK4vkHL2r,2026-09-03 13:27:17.939997+00,4.183e-06,,4183.15,{},"{""total"": 12.5, ""market"": 30.0, ""wallet"": 0.0, ""momentum"": 0.0, ""security"": 20.0, ""liquidity"": 0.0, ""data_quality"": 60.0}"
d6cbc7fd-5d18-4816-8e28-9a3fdb889171,HfZJvsgbL78txPpfioZNGy8nH5bL8BBBaYJ3JYZfpump,2026-09-03 13:27:19.333993+00,2.823e-06,,2823.52,{},"{""total"": 12.5, ""market"": 30.0, ""wallet"": 0.0, ""momentum"": 0.0, ""security"": 20.0, ""liquidity"": 0.0, ""data_quality"": 60.0}"
fd4677d9-fb54-4d80-976e-cb424d6c2412,AZuW2zqu3wb9kWvgbWud5bYgJeDrzfgb6nGRHDG7pump,2026-09-03 13:27:20.793757+00,2.882e-06,,2882.5,{},"{""total"": 12.5, ""market"": 30.0, ""wallet"": 0.0, ""momentum"": 0.0, ""security"": 20.0, ""liquidity"": 0.0, ""data_quality"": 60.0}"
8c94b7eb-9e09-47aa-a8fd-b31d59151ebc,ApTCvzxRPJEeicnS9gx7fLZDTJLM4av2vtnmXL9Xpump,2026-09-03 13:27:22.274073+00,2.024e-06,2093.36,1954,{},"{""total"": 24.5, ""market"": 30.0, ""wallet"": 0.0, ""momentum"": 0.0, ""security"": 20.0, ""liquidity"": 50.0, ""data_quality"": 100.0}"
5544cdad-06bd-4d11-bc44-17ec7f27016a,GpvRM8XQ5QisXkP4BHDyBa85Bbijg7wEYkXTkZupump,2026-09-03 13:27:23.726383+00,1.892e-06,2018.03,1871,{},"{""total"": 19.5, ""market"": 30.0, ""wallet"": 0.0, ""momentum"": 0.0, ""security"": 20.0, ""liquidity"": 25.0, ""data_quality"": 100.0}"
f1150eaf-7f97-4853-8130-83b735d605ce,A4cnthYJkeGoYKQiNpX3P56GK5p2rh4pjcTXZJUgKkNt,2026-09-03 13:27:25.129315+00,2.874e-06,,2874.09,{},"{""total"": 12.5, ""market"": 30.0, ""wallet"": 0.0, ""momentum"": 0.0, ""security"": 20.0, ""liquidity"": 0.0, ""data_quality"": 60.0}"
02f3a607-51cb-4b3b-b36a-ff92956ab7db,6JZfJw1ufSgU9Bt3mAsKQBCo5rtHi6hJuGzmKwhGwv8,2026-09-03 13:27:26.500682+00,2.651e-06,2625.38,2331,{},"{""total"": 19.5, ""market"": 30.0, ""wallet"": 0.0, ""momentum"": 0.0, ""security"": 20.0, ""liquidity"": 25.0, ""data_quality"": 100.0}"
fcc4d3ac-a8b7-4008-b16d-e9b0a3805f19,HmaHhC9vBh43gZnNTUFGNGP1A72jH1MXKjhHRWw2Ja8F,2026-09-03 13:27:27.886618+00,2.693e-06,2645.36,2561,{},"{""total"": 19.5, ""market"": 30.0, ""wallet"": 0.0, ""momentum"": 0.0, ""security"": 20.0, ""liquidity"": 25.0, ""data_quality"": 100.0}"
13b38af0-b8e0-491c-bc42-4956da5ad7bf,HxYDzq3yaEceE5j4Va2ageC2MzPZW1FtYexd82Uupump,2026-09-03 13:27:29.263895+00,2.862e-06,,2862.53,{},"{""total"": 12.5, ""market"": 30.0, ""wallet"": 0.0, ""momentum"": 0.0, ""security"": 20.0, ""liquidity"": 0.0, ""data_quality"": 60.0}"
c55ce804-ab90-466e-aca2-578ee78e2448,4otmDELcUnFZRoCJCmVmxWZtTXcpf1avid1EPSCtt7P2,2026-09-03 13:27:30.718752+00,3.438e-06,,3438.61,{},"{""total"": 12.5, ""market"": 30.0, ""wallet"": 0.0, ""momentum"": 0.0, ""security"": 20.0, ""liquidity"": 0.0, ""data_quality"": 60.0}"
68a2835a-ec03-4067-ba9c-7738f33b8f50,AtHFFHmSQeNQiMpH9GKsv9nf8LtLMAkyhrHpX7633MVe,2026-09-03 13:27:32.112176+00,2.809e-06,,2809.9,{},"{""total"": 12.5, ""market"": 30.0, ""wallet"": 0.0, ""momentum"": 0.0, ""security"": 20.0, ""liquidity"": 0.0, ""data_quality"": 60.0}"
92c830e5-326b-4133-8854-0c2fadf06a8d,ERRK7hxgLBmkMaEFprtLiQB6rHKvGBDN4Ayjg72Mpump,2026-09-03 13:27:33.530809+00,2.383e-06,2630.72,2350,{},"{""total"": 19.5, ""market"": 30.0, ""wallet"": 0.0, ""momentum"": 0.0, ""security"": 20.0, ""liquidity"": 25.0, ""data_quality"": 100.0}"
499b045c-c401-4d2c-b324-1ebde7622bd9,FrrucGKCp6JcFjVnMcbEHa2cagfpZ8uFFCE5NrSnkjuT,2026-09-03 13:27:34.921743+00,4.18e-06,,4180.66,{},"{""total"": 12.5, ""market"": 30.0, ""wallet"": 0.0, ""momentum"": 0.0, ""security"": 20.0, ""liquidity"": 0.0, ""data_quality"": 60.0}"
0b0c7d0e-7848-4df2-8bea-eace194022cf,21ZJyBxMr4DwT6WJw36pEQ2Ft2hqTmZ7gkdv8Wvdpump,2026-09-03 13:27:36.407637+00,3.008e-06,,3008.41,{},"{""total"": 12.5, ""market"": 30.0, ""wallet"": 0.0, ""momentum"": 0.0, ""security"": 20.0, ""liquidity"": 0.0, ""data_quality"": 60.0}"
3f82b6b0-ff04-471f-80a1-e9bd0a2649cb,3gU4JJPy93ufQGMEWRfgjkRpSWyT2LgGW7zgYaVtcCTP,2026-09-03 13:27:37.814603+00,2.513e-06,2482.43,2400,{},"{""total"": 19.5, ""market"": 30.0, ""wallet"": 0.0, ""momentum"": 0.0, ""security"": 20.0, ""liquidity"": 25.0, ""data_quality"": 100.0}"
99747336-fa99-4a23-b104-4d216f13a83f,cxFSZUy649fuK6rNEPnbgbxaXPMgRLaWv83ueNbpump,2026-09-03 13:27:39.216796+00,4.456e-06,,4456.84,{},"{""total"": 12.5, ""market"": 30.0, ""wallet"": 0.0, ""momentum"": 0.0, ""security"": 20.0, ""liquidity"": 0.0, ""data_quality"": 60.0}"
e9c307dc-936d-454b-9675-14871daa6c53,CFgnMXqJS556XF1UQWyB92BtTDt2XWGpVLTKkPiKCA9D,2026-09-03 13:27:40.655902+00,3.401e-06,,3401.15,{},"{""total"": 12.5, ""market"": 30.0, ""wallet"": 0.0, ""momentum"": 0.0, ""security"": 20.0, ""liquidity"": 0.0, ""data_quality"": 60.0}"
0b572111-b10d-42e6-83ba-ef0170e7c0a0,4qTuQFoCMQDJij6ZQZRHntC6sNMx9yHeyiG7GHngqHoY,2026-09-03 13:27:42.078799+00,6.539e-06,5362.67,6120,{},"{""total"": 25.0, ""market"": 30.0, ""wallet"": 0.0, ""momentum"": 15.0, ""security"": 30.0, ""liquidity"": 25.0, ""data_quality"": 100.0}"
1afac290-6029-41f1-9e54-d042d6a962c4,5BDsmq87FgUKkqW29vberYorfPWD8NL9va5t1zCYpump,2026-09-03 13:27:43.510299+00,4.084e-06,,4084.27,{},"{""total"": 12.5, ""market"": 30.0, ""wallet"": 0.0, ""momentum"": 0.0, ""security"": 20.0, ""liquidity"": 0.0, ""data_quality"": 60.0}"
dfdda90e-7082-49e2-91ba-f7bcfa119f66,ECUyKMBoz5HLjNWCnZNDTR2aLyt26t4eyGNMjae2eiWm,2026-09-03 13:27:44.944785+00,3.055e-06,,3055.55,{},"{""total"": 12.5, ""market"": 30.0, ""wallet"": 0.0, ""momentum"": 0.0, ""security"": 20.0, ""liquidity"": 0.0, ""data_quality"": 60.0}"
e3266d2f-4fc3-4e17-8aef-4ee43ea0ef66,GirvMauAG3rkaL2stHLVZdduTv9a5m8KvGj32pVJMMiD,2026-09-03 13:27:46.360923+00,4.865e-05,,48651.39,{},"{""total"": 12.5, ""market"": 30.0, ""wallet"": 0.0, ""momentum"": 0.0, ""security"": 20.0, ""liquidity"": 0.0, ""data_quality"": 60.0}"
4191eed3-da8a-45d6-a9f5-3be0a05eb530,GVXhTtjmabMHtN8J7VmyYUHV13zn9MQhNDcoDBbmpump,2026-09-03 13:27:47.752946+00,2.895e-06,,2895.9,{},"{""total"": 12.5, ""market"": 30.0, ""wallet"": 0.0, ""momentum"": 0.0, ""security"": 20.0, ""liquidity"": 0.0, ""data_quality"": 60.0}"
7c27b2f4-ffb2-443f-a7e6-5d5fa23ff35d,Hmy49dJRNzqfKv1Q2W6iYw6yjUbzB35pJv9j5o2mf5aX,2026-09-03 13:27:49.178162+00,4.817e-05,,48175.67,{},"{""total"": 12.5, ""market"": 30.0, ""wallet"": 0.0, ""momentum"": 0.0, ""security"": 20.0, ""liquidity"": 0.0, ""data_quality"": 60.0}"
4c765b14-c061-4f1a-aeab-be2eef55c1e4,HV9xeQdj3RnszuCkoqcTe78SiQpzgU2rKaJZpEZcKQZ1,2026-09-03 13:27:50.598816+00,4.847e-05,,48471.49,{},"{""total"": 12.5, ""market"": 30.0, ""wallet"": 0.0, ""momentum"": 0.0, ""security"": 20.0, ""liquidity"": 0.0, ""data_quality"": 60.0}"
8956bd01-ca11-4217-9eac-aa0d76e4af2a,Fq17uNNQgwJG5szmaEheVrQXUnoZn1BuFiDKFACLpump,2026-09-03 13:27:52.041171+00,2.061e-06,2260.43,2037,{},"{""total"": 19.5, ""market"": 30.0, ""wallet"": 0.0, ""momentum"": 0.0, ""security"": 20.0, ""liquidity"": 25.0, ""data_quality"": 100.0}"
17862bbb-c72b-48f6-892b-10d34c73a2a2,F86tVWTd5CZaU3PnXDfb1Rsx6XmnzL1uq2t12xswpump,2026-09-03 13:27:53.496048+00,2.807e-06,,2807.4,{},"{""total"": 12.5, ""market"": 30.0, ""wallet"": 0.0, ""momentum"": 0.0, ""security"": 20.0, ""liquidity"": 0.0, ""data_quality"": 60.0}"
9f38f0b5-8d87-44d6-9510-0d94c2860429,DzwioiVutS4DxRXVtvnT4o9CvSg1BXxi5iMxi4oMpump,2026-09-03 13:27:54.885053+00,1.874e-06,1919.3,1852,{},"{""total"": 18.5, ""market"": 30.0, ""wallet"": 0.0, ""momentum"": 0.0, ""security"": 20.0, ""liquidity"": 20.0, ""data_quality"": 100.0}"
4adccc3d-e0f3-4282-a85f-e55a5bbda939,6cYvt6hM4PU4hfTusvuXXr1gdVwSRYVXzZh41ecNpump,2026-09-03 13:27:56.298981+00,5.025e-06,,5025,{},"{""total"": 12.5, ""market"": 30.0, ""wallet"": 0.0, ""momentum"": 0.0, ""security"": 20.0, ""liquidity"": 0.0, ""data_quality"": 60.0}"
f8545e88-0d0b-433b-8442-ce7c4e999c4f,8P5D3QE7Ly2cL6dcay5SRodNACmfWDfPEk6pThb4pump,2026-09-03 13:27:57.874917+00,2.022e-06,2072.61,1947,{},"{""total"": 24.5, ""market"": 30.0, ""wallet"": 0.0, ""momentum"": 0.0, ""security"": 20.0, ""liquidity"": 50.0, ""data_quality"": 100.0}"
6ccf578e-789e-4c82-9da8-92453ce2a64c,CZ5K6VYWk7BJxKy7QUn3nUo2jYrZ3hNMjdp9vYjcpump,2026-09-03 13:27:59.263176+00,2.409e-06,2531.42,2376,{},"{""total"": 19.5, ""market"": 30.0, ""wallet"": 0.0, ""momentum"": 0.0, ""security"": 20.0, ""liquidity"": 25.0, ""data_quality"": 100.0}"
af5842f6-d27f-4e6d-ad1a-e116572730be,232BE9YxiJ1qHAJH8ymCojmX7BjePxKcitaJ6dqopump,2026-09-03 13:28:00.69624+00,3.176e-05,14303.72,31425,{},"{""total"": 44.2, ""market"": 45.0, ""wallet"": 50.0, ""momentum"": 15.0, ""security"": 60.0, ""liquidity"": 35.0, ""data_quality"": 100.0}"
550d8240-88f0-4081-a7f1-2e5cc7fecf3f,9UY5tJCzmJRyLgyiJJYAnmEaDwWdsCzvNpVhP5rbpump,2026-09-03 13:28:02.101713+00,2.88e-06,,2880.92,{},"{""total"": 12.5, ""market"": 30.0, ""wallet"": 0.0, ""momentum"": 0.0, ""security"": 20.0, ""liquidity"": 0.0, ""data_quality"": 60.0}"
3435333d-520f-4318-8464-e37a0c5125ad,64RZYAWaiNDGDjMMZM1c3idzPRnQEdKfPVwuww25pump,2026-09-03 13:28:03.508802+00,2.904e-06,,2904.11,{},"{""total"": 12.5, ""market"": 30.0, ""wallet"": 0.0, ""momentum"": 0.0, ""security"": 20.0, ""liquidity"": 0.0, ""data_quality"": 60.0}"
4bd4a5b7-e681-4c53-9707-0783f3c1a211,4EVGGsR3X3CU6XUeKu6gXrFGwo5hEQgA1bzBoCGgpump,2026-09-03 13:28:04.913768+00,3.212e-06,3163.68,3167,{},"{""total"": 19.5, ""market"": 30.0, ""wallet"": 0.0, ""momentum"": 0.0, ""security"": 20.0, ""liquidity"": 25.0, ""data_quality"": 100.0}"
f2843261-d4d4-4629-880a-a7fec2d0d82c,4YiRcFFUcmkjQp8R87mZJvtNRZbzYvgP3n3tnVBapump,2026-09-03 13:28:06.377836+00,2.804e-06,,2804.75,{},"{""total"": 12.5, ""market"": 30.0, ""wallet"": 0.0, ""momentum"": 0.0, ""security"": 20.0, ""liquidity"": 0.0, ""data_quality"": 60.0}"
8018b7ad-0a05-4ef1-a351-3e95177820ac,CUnwTKdCPMGghbciEuBcS4T1w2zYv25rrCq8z1cvpump,2026-09-03 13:28:07.821798+00,3.508e-06,3212.32,2517,{},"{""total"": 24.5, ""market"": 30.0, ""wallet"": 0.0, ""momentum"": 0.0, ""security"": 20.0, ""liquidity"": 50.0, ""data_quality"": 100.0}"
43e555ba-1146-4c1f-b80f-cc55631b5485,9gyMnBvZTQi8ZrSWBeSKPkRjAweQhsrwHSoMDz6KtKaa,2026-09-03 13:28:09.200239+00,2.863e-06,,2863.3,{},"{""total"": 12.5, ""market"": 30.0, ""wallet"": 0.0, ""momentum"": 0.0, ""security"": 20.0, ""liquidity"": 0.0, ""data_quality"": 60.0}"
cc9f1ff5-1d89-4053-a010-620e0d67f2e4,C7nPqs1zLqBMxybaBorzD1jau2Stwv4H7ipEVw9gpump,2026-09-03 13:28:10.646887+00,4.29e-06,,4290.33,{},"{""total"": 12.5, ""market"": 30.0, ""wallet"": 0.0, ""momentum"": 0.0, ""security"": 20.0, ""liquidity"": 0.0, ""data_quality"": 60.0}"
ddf4c5be-8c35-45ef-83ef-b6b07ecdbe6d,eqnidra8rp8UttMDx67GrWuHjKuzkiayEsXB9wBpump,2026-09-03 13:28:12.033917+00,1.159e-05,,11593.41,{},"{""total"": 17.2, ""market"": 30.0, ""wallet"": 15.0, ""momentum"": 0.0, ""security"": 30.0, ""liquidity"": 0.0, ""data_quality"": 60.0}"
b162933f-7d88-430c-8d5f-c7ba75cbe099,HTxbgkRZ4CkioKebc4Dj3K4BhfpGVtcW8JK867i5oyYU,2026-09-03 13:28:13.529241+00,2.99e-06,,2990.45,{},"{""total"": 12.5, ""market"": 30.0, ""wallet"": 0.0, ""momentum"": 0.0, ""security"": 20.0, ""liquidity"": 0.0, ""data_quality"": 60.0}"
5ee1ed8d-bde5-449c-94c3-580c94484cf4,HQEm36fjBb9vCa4ngMSrUyMi5ijRUgLABU8P2YJJpump,2026-09-03 13:28:14.929841+00,2.712e-05,,27122.12,{},"{""total"": 27.5, ""market"": 30.0, ""wallet"": 30.0, ""momentum"": 15.0, ""security"": 50.0, ""liquidity"": 0.0, ""data_quality"": 60.0}"
dad188b1-cd6c-4375-842b-3919e6c735e0,JAXDPeV7FkZ9niKckjLEoX7WixGf5SJR3TprmDcswr1d,2026-09-03 13:28:16.32106+00,0.0001626,37616.95,162655,{},"{""total"": 54.2, ""market"": 45.0, ""wallet"": 60.0, ""momentum"": 0.0, ""security"": 70.0, ""liquidity"": 80.0, ""data_quality"": 100.0}"
dd3ee244-beaa-4f1d-91a8-a354eb320aea,DGxNfqdqQLxCdrNZrbcA9AutX2cobj7Nx4dpJmDVpump,2026-09-03 13:28:17.697056+00,2.413e-06,2766.92,2384,{},"{""total"": 19.5, ""market"": 30.0, ""wallet"": 0.0, ""momentum"": 0.0, ""security"": 20.0, ""liquidity"": 25.0, ""data_quality"": 100.0}"
fb17725f-29ea-43cd-9fba-c688d07c4482,GaCoj6Ft8Uu6pc2rUviXzTwAtazum3dDc6tFTA8Vpump,2026-09-03 13:28:19.141379+00,3.634e-06,,3634.26,{},"{""total"": 12.5, ""market"": 30.0, ""wallet"": 0.0, ""momentum"": 0.0, ""security"": 20.0, ""liquidity"": 0.0, ""data_quality"": 60.0}"
7cbed2d4-85cd-4ef1-802e-a2b8ad5dc3e4,39XNfvzXq89BKWx4sM6gZna7kWnxvVrnXrmEmaJhpump,2026-09-03 13:28:20.62602+00,2.291e-06,2336.05,2213,{},"{""total"": 19.5, ""market"": 30.0, ""wallet"": 0.0, ""momentum"": 0.0, ""security"": 20.0, ""liquidity"": 25.0, ""data_quality"": 100.0}"
28c9530e-b4d4-4994-b30c-4b50fecc04e9,6npD7JFinCDKedYm5Tfi9h3u7NFSt3KYdCt2PyAFpump,2026-09-03 13:28:22.020768+00,2.862e-06,,2862.89,{},"{""total"": 12.5, ""market"": 30.0, ""wallet"": 0.0, ""momentum"": 0.0, ""security"": 20.0, ""liquidity"": 0.0, ""data_quality"": 60.0}"
bf56a1f3-a106-4efc-9b7c-9f2804d15fa6,CHn3zYfh2MVLCwhu2B73eZk1B1BQnBtrmJ89J4aQpump,2026-09-03 13:28:23.456081+00,2.853e-06,,2853.2,{},"{""total"": 12.5, ""market"": 30.0, ""wallet"": 0.0, ""momentum"": 0.0, ""security"": 20.0, ""liquidity"": 0.0, ""data_quality"": 60.0}"
2cdd1ce1-8e7e-4b9b-9cf7-63c5172ef26b,HqrKm4mLL99zkKBkbdwAHzVCMm2Te72dbH6PDyrVpump,2026-09-03 13:28:24.855401+00,4.553e-06,,4553.49,{},"{""total"": 12.5, ""market"": 30.0, ""wallet"": 0.0, ""momentum"": 0.0, ""security"": 20.0, ""liquidity"": 0.0, ""data_quality"": 60.0}"
c23f72e2-17f3-49d2-b7e7-e2a8bfe802de,96Bmof5NVfchK2cKXZjaKJAZRAT2DVebMWHsAh6Cpump,2026-09-03 13:28:26.228569+00,2.037e-06,2032.37,1948,{},"{""total"": 22.5, ""market"": 30.0, ""wallet"": 0.0, ""momentum"": 0.0, ""security"": 20.0, ""liquidity"": 40.0, ""data_quality"": 100.0}"
78876c4a-a2ea-4f73-be24-3240187745d1,9A4dAuE1jud9cuFAze8teepCmJbed29ALsfgJMorpump,2026-09-03 13:28:27.555375+00,2.074e-06,2179.83,2007,{},"{""total"": 24.5, ""market"": 30.0, ""wallet"": 0.0, ""momentum"": 0.0, ""security"": 20.0, ""liquidity"": 50.0, ""data_quality"": 100.0}"
29c926e2-8007-4266-95f1-0fe062736298,2VTWzALAyGsH7exbmA8oqHLw9kSjgTaiiE2PnGfpZCnL,2026-09-03 13:28:28.962203+00,1.393e-06,1599.48,1394,{},"{""total"": 18.5, ""market"": 30.0, ""wallet"": 0.0, ""momentum"": 0.0, ""security"": 20.0, ""liquidity"": 20.0, ""data_quality"": 100.0}"
97575bf0-c9fc-4d31-a2a9-a097d738489a,8xDVUokXPGDUDcooFkcUpZ1HL58K5QjfACJhPDo1PpDg,2026-09-03 13:28:30.393777+00,1.661e-05,9338.79,15776,{},"{""total"": 42.2, ""market"": 65.0, ""wallet"": 0.0, ""momentum"": 50.0, ""security"": 50.0, ""liquidity"": 25.0, ""data_quality"": 100.0}"
8eb3d42c-c9ed-4bc2-b550-55137fb77596,GZ7R7WSrDGhUAp6oH55k5UxWt5jhHoiiUu88rphXpump,2026-09-03 13:28:31.770985+00,3.084e-06,,3084.59,{},"{""total"": 12.5, ""market"": 30.0, ""wallet"": 0.0, ""momentum"": 0.0, ""security"": 20.0, ""liquidity"": 0.0, ""data_quality"": 60.0}"
2ca74f71-b473-4b3f-805f-51e69a84a3c4,ZAgEZP9RbYiEESgH9mYJ14Rcvkbm6guYTqCbXxupump,2026-09-03 13:28:33.259396+00,2.043e-06,2193.68,2014,{},"{""total"": 24.5, ""market"": 30.0, ""wallet"": 0.0, ""momentum"": 0.0, ""security"": 20.0, ""liquidity"": 50.0, ""data_quality"": 100.0}"
998ae74a-4de2-44fe-8502-0778c2e01d3a,54gMw1f5X2DMmkaUb6V5PMZZoBxQYN1W6yq9LtKwpump,2026-09-03 13:28:34.653782+00,2.883e-06,,2883.72,{},"{""total"": 12.5, ""market"": 30.0, ""wallet"": 0.0, ""momentum"": 0.0, ""security"": 20.0, ""liquidity"": 0.0, ""data_quality"": 60.0}"
fb471552-9270-455f-8337-9489789282c0,6w8VHx63RJ74AQvMbStk7fatPbaDgAj9b7k7B74vpump,2026-09-03 13:28:36.042514+00,2.703e-06,2620.4,2497,{},"{""total"": 19.5, ""market"": 30.0, ""wallet"": 0.0, ""momentum"": 0.0, ""security"": 20.0, ""liquidity"": 25.0, ""data_quality"": 100.0}"
ff242ddf-7b17-447c-8024-5ef2a65b5f95,FpS5of6eNLQpEGMaUQcSmdWoSoRewXJw9rZZwD61pump,2026-09-03 13:28:37.468105+00,4.892e-06,,4892.65,{},"{""total"": 12.5, ""market"": 30.0, ""wallet"": 0.0, ""momentum"": 0.0, ""security"": 20.0, ""liquidity"": 0.0, ""data_quality"": 60.0}"
00d18d1e-cc1d-4f39-9d15-4641be150991,BPV8KZF87PSQq9C57YRtkdcuZhWgR9cuUtt1xGDRpump,2026-09-03 13:28:38.931587+00,9.525e-06,,9525.5,{},"{""total"": 17.2, ""market"": 30.0, ""wallet"": 15.0, ""momentum"": 0.0, ""security"": 30.0, ""liquidity"": 0.0, ""data_quality"": 60.0}"
714322d2-fdc4-4d68-bbb0-ea657f82581f,FgRgwauQLYscbN4z5D8osPR516g2uEc6aUDajqH5pump,2026-09-03 13:28:40.347015+00,3.066e-06,,3066.35,{},"{""total"": 12.5, ""market"": 30.0, ""wallet"": 0.0, ""momentum"": 0.0, ""security"": 20.0, ""liquidity"": 0.0, ""data_quality"": 60.0}"
e09bed3d-e68f-479c-99fa-6bdc2b544cf2,Mpsj9DSEUT8gJsRfcVjXvvU6y6Vd7WsoczDySiRpump,2026-09-03 13:28:41.797994+00,2.973e-06,,2973.26,{},"{""total"": 12.5, ""market"": 30.0, ""wallet"": 0.0, ""momentum"": 0.0, ""security"": 20.0, ""liquidity"": 0.0, ""data_quality"": 60.0}"
58ab1e50-4438-4aa7-8c10-77166f01e697,CBftYjJC7XEwh1r2hD87zsLudwAb7Y3TyUvWcacXpump,2026-09-03 13:28:43.188626+00,3.175e-06,,3175.46,{},"{""total"": 12.5, ""market"": 30.0, ""wallet"": 0.0, ""momentum"": 0.0, ""security"": 20.0, ""liquidity"": 0.0, ""data_quality"": 60.0}"
984ef643-fa43-4cca-95af-e4f4e16aeef3,CnyoWoCMxMv3ZaegyDHhndukdJQdri9kLw5vCZTwpump,2026-09-03 13:28:44.592809+00,2.805e-06,,2805.5,{},"{""total"": 12.5, ""market"": 30.0, ""wallet"": 0.0, ""momentum"": 0.0, ""security"": 20.0, ""liquidity"": 0.0, ""data_quality"": 60.0}"
b48beaa7-8b25-4ee1-97ee-819bd4daec5e,3mCqbh9trfpuyYN8LogtYHXJmr2XAwSi9AhHKHe6n9XZ,2026-09-03 13:28:46.001339+00,3.201e-06,,3201.61,{},"{""total"": 12.5, ""market"": 30.0, ""wallet"": 0.0, ""momentum"": 0.0, ""security"": 20.0, ""liquidity"": 0.0, ""data_quality"": 60.0}"
6858b0a8-cf3a-4def-94cc-5979124662c9,Ae6iVUoV1z7MTNkBCRr3eawpw2cJRddiKP4ADy31pump,2026-09-03 13:28:47.388544+00,7.793e-06,,7793.26,{},"{""total"": 17.2, ""market"": 30.0, ""wallet"": 15.0, ""momentum"": 0.0, ""security"": 30.0, ""liquidity"": 0.0, ""data_quality"": 60.0}"
b442bc6b-5dbf-4715-98dc-553641322634,GUbabaigWXb5GiMvUCA3QpZskxLMftSzw69qFfeSpump,2026-09-03 13:28:48.829839+00,1.916e-06,1985.31,1885,{},"{""total"": 20.5, ""market"": 30.0, ""wallet"": 0.0, ""momentum"": 0.0, ""security"": 20.0, ""liquidity"": 30.0, ""data_quality"": 100.0}"
8dad3b79-6965-44fe-9259-fe89055fb8a8,ugz49BvFW3yUxVjRAF1DgScSkQBWViLuK78zkW5pump,2026-09-03 13:28:50.235932+00,4.131e-06,3667.7,3843,{},"{""total"": 19.5, ""market"": 30.0, ""wallet"": 0.0, ""momentum"": 0.0, ""security"": 20.0, ""liquidity"": 25.0, ""data_quality"": 100.0}"
6b1b1993-9398-4b87-a53a-33982cbc22a2,6Lqd9nRXgaFh6XgmrpdoHX1GxXs7kBooWm3GPvbwpump,2026-09-03 13:28:51.665524+00,2.307e-06,2408.79,2217,{},"{""total"": 24.5, ""market"": 30.0, ""wallet"": 0.0, ""momentum"": 0.0, ""security"": 20.0, ""liquidity"": 50.0, ""data_quality"": 100.0}"
f5cd9dbf-e6b9-4818-8f2b-7544e6de4203,Hk6HyH1vufV3BvivXYfpUu2DS9itTGVtGC5q41Uhpump,2026-09-03 13:28:53.067095+00,3.428e-06,3292.82,3321,{},"{""total"": 24.5, ""market"": 30.0, ""wallet"": 0.0, ""momentum"": 0.0, ""security"": 20.0, ""liquidity"": 50.0, ""data_quality"": 100.0}"
16a714f8-ea10-499a-bb16-8e1cf1a4d3b7,2oMXVGgkdfRpVNgRePiZXDobjYdW9uEnWmYVXutopump,2026-09-03 13:28:54.497048+00,3.254e-06,,3254.98,{},"{""total"": 12.5, ""market"": 30.0, ""wallet"": 0.0, ""momentum"": 0.0, ""security"": 20.0, ""liquidity"": 0.0, ""data_quality"": 60.0}"
3107c1fa-c0d7-4eb9-bc35-3a274f77abc5,3BH2e41XbJadAbCETXqTUmsvSbR5rxeNMxTU6JcKQ8mD,2026-09-03 13:28:55.917174+00,3.218e-06,3115.35,3035,{},"{""total"": 19.5, ""market"": 30.0, ""wallet"": 0.0, ""momentum"": 0.0, ""security"": 20.0, ""liquidity"": 25.0, ""data_quality"": 100.0}"
0f0bc3fd-f885-4e4b-b7b9-d29eeda143a7,34icVj6hyw5rUu6SXdemLTLzV6uodiCfDzWVSmxLpump,2026-09-03 13:28:57.306774+00,2.828e-06,,2828.64,{},"{""total"": 12.5, ""market"": 30.0, ""wallet"": 0.0, ""momentum"": 0.0, ""security"": 20.0, ""liquidity"": 0.0, ""data_quality"": 60.0}"
af43555c-3235-4dde-ab4a-56f21471e8fc,BXQbXYAE4J7jjhR9XS8S3PAoMHprQ8FoUagFDbhgpump,2026-09-03 13:28:58.705787+00,3.541e-06,3248.85,3156,{},"{""total"": 24.5, ""market"": 30.0, ""wallet"": 0.0, ""momentum"": 0.0, ""security"": 20.0, ""liquidity"": 50.0, ""data_quality"": 100.0}"
a24bedf3-8e65-4fac-b3fe-ff21ba27cc16,5sZ5ZN8r4JMWHoBeoYrTfnTgD6C5uoKUag5Aqx6zpump,2026-09-03 13:29:00.110794+00,2.931e-06,,2931.07,{},"{""total"": 12.5, ""market"": 30.0, ""wallet"": 0.0, ""momentum"": 0.0, ""security"": 20.0, ""liquidity"": 0.0, ""data_quality"": 60.0}"
f00288a3-52b6-4d5b-b0d4-1549df394bbd,HY8VSijYgZTfKLceYYVj5ZFzxTY1cgBD8FeN3echpump,2026-09-03 13:29:01.601938+00,2.829e-06,,2829.14,{},"{""total"": 12.5, ""market"": 30.0, ""wallet"": 0.0, ""momentum"": 0.0, ""security"": 20.0, ""liquidity"": 0.0, ""data_quality"": 60.0}"
ccbc8663-a768-4f43-82e9-b987b8ae4c12,H4cNyJDjDHpke6z9xfDpYPkBU49xB16Uqf5JQ6Dipump,2026-09-03 13:29:03.013217+00,2.91e-06,,2910.7,{},"{""total"": 12.5, ""market"": 30.0, ""wallet"": 0.0, ""momentum"": 0.0, ""security"": 20.0, ""liquidity"": 0.0, ""data_quality"": 60.0}"
dabcdee2-6621-417e-8d19-036964f0390b,DaHGnhzLWZLfFUcnKVd73MF2ynkTiSyC9gRm7mYpump,2026-09-03 13:29:04.467696+00,2.884e-06,,2884.57,{},"{""total"": 12.5, ""market"": 30.0, ""wallet"": 0.0, ""momentum"": 0.0, ""security"": 20.0, ""liquidity"": 0.0, ""data_quality"": 60.0}"
d0cac9e5-bab7-490e-a3ac-a606d4211ee2,HVmMDtGcUPH3rHpjeu44kJ2jb6S15jTib8h58g3Gpump,2026-09-03 13:29:05.887345+00,2.033e-06,2221.05,2005,{},"{""total"": 26.5, ""market"": 30.0, ""wallet"": 0.0, ""momentum"": 0.0, ""security"": 20.0, ""liquidity"": 60.0, ""data_quality"": 100.0}"
f7e6dcb6-3121-498e-a245-b546acfc750d,8QCfSRQBFNwUS6u5EFkDmNjChUZGp8ufDi72GQ5hpump,2026-09-03 13:29:07.290761+00,3.606e-06,3292.11,3181,{},"{""total"": 19.5, ""market"": 30.0, ""wallet"": 0.0, ""momentum"": 0.0, ""security"": 20.0, ""liquidity"": 25.0, ""data_quality"": 100.0}"
f4b26ce0-3fb3-4d3f-98aa-2bad9fe75eaa,5KZUh7teDXkxgTerDQR2io6CtMRky7ybcWstWiBTpump,2026-09-03 13:29:08.673114+00,4.654e-06,,4654.87,{},"{""total"": 12.5, ""market"": 30.0, ""wallet"": 0.0, ""momentum"": 0.0, ""security"": 20.0, ""liquidity"": 0.0, ""data_quality"": 60.0}"
f2cedce5-ed40-47cb-9d0b-8ed6dcbc2b80,3vn6fEkC6tp9mxyJNQEbmr4VhZ5i9Gh2nwhbDhKzpump,2026-09-03 13:29:10.127455+00,2.633e-06,2675.82,2542,{},"{""total"": 26.5, ""market"": 30.0, ""wallet"": 0.0, ""momentum"": 0.0, ""security"": 20.0, ""liquidity"": 60.0, ""data_quality"": 100.0}"
6fb5400e-95c1-42fb-b4f1-3e67c786f5e0,4Le4foYoNGdLDJdQ5YG2Spju4xEFdGz6XVhdD37ypump,2026-09-03 13:29:11.580452+00,2.806e-06,,2806.59,{},"{""total"": 12.5, ""market"": 30.0, ""wallet"": 0.0, ""momentum"": 0.0, ""security"": 20.0, ""liquidity"": 0.0, ""data_quality"": 60.0}"
75f3a475-14e8-411b-970c-c6ff822b3067,GojfuKTiXBnFuMbF98g5W8q1byuwkiVchxus3SaMpump,2026-09-03 13:29:13.043662+00,4.498e-06,,4498.33,{},"{""total"": 12.5, ""market"": 30.0, ""wallet"": 0.0, ""momentum"": 0.0, ""security"": 20.0, ""liquidity"": 0.0, ""data_quality"": 60.0}"
386fee72-cc52-4455-914f-1848cbd01e57,9hMGXfFkxY3Pu5q6oNwTHGeCnXfFrkweZdvk1BfQpump,2026-09-03 13:29:14.481699+00,3.004e-06,,3004.2,{},"{""total"": 12.5, ""market"": 30.0, ""wallet"": 0.0, ""momentum"": 0.0, ""security"": 20.0, ""liquidity"": 0.0, ""data_quality"": 60.0}"
f3f08ced-5e47-48cb-8737-08d504d88087,2mWYps9VzsWtBBsm9G3NM7NDC382sHJtuqXqi65dB7Bk,2026-09-03 13:29:15.925134+00,3.003e-06,,3003.87,{},"{""total"": 12.5, ""market"": 30.0, ""wallet"": 0.0, ""momentum"": 0.0, ""security"": 20.0, ""liquidity"": 0.0, ""data_quality"": 60.0}"
ba47fb68-a13b-4575-97e0-7848d367cbbb,2EV7EChMXQTscWtMKQx6DPt5fU9DVEnrvMYjjuaKpump,2026-09-03 13:29:17.324685+00,2.831e-06,,2831.38,{},"{""total"": 12.5, ""market"": 30.0, ""wallet"": 0.0, ""momentum"": 0.0, ""security"": 20.0, ""liquidity"": 0.0, ""data_quality"": 60.0}"
9aca0923-dc2c-46ac-9904-acfa57c9d341,ByBLSc8GQa3MqjYF2KgXuMBMtRs5rWYaXFGwppZupump,2026-09-03 13:29:18.745359+00,2.867e-06,,2867.14,{},"{""total"": 12.5, ""market"": 30.0, ""wallet"": 0.0, ""momentum"": 0.0, ""security"": 20.0, ""liquidity"": 0.0, ""data_quality"": 60.0}"
f6d61c67-2f2a-42e5-b097-33a7e31c430b,HzWBsJ6qQo7reGHfene1XeA9eeZXNCr3FE93QMTTpump,2026-09-03 13:29:20.128881+00,3.332e-06,3287.13,3200,{},"{""total"": 19.5, ""market"": 30.0, ""wallet"": 0.0, ""momentum"": 0.0, ""security"": 20.0, ""liquidity"": 25.0, ""data_quality"": 100.0}"
848d51cd-d933-465e-8af5-ae2427a70cdb,43nS2WbBYgwUot7nSWZeik8nCpDkUksDADMwa81Ppump,2026-09-03 13:29:21.534555+00,2.684e-06,2617.01,2562,{},"{""total"": 19.5, ""market"": 30.0, ""wallet"": 0.0, ""momentum"": 0.0, ""security"": 20.0, ""liquidity"": 25.0, ""data_quality"": 100.0}"
83be0b1d-063c-477b-a472-1ca6248af25c,BjdehyoDQKp5dgrv2p1j4daknV6m7DVV9JKzh2Lzpump,2026-09-03 13:29:22.976953+00,3.41e-06,,3410.81,{},"{""total"": 12.5, ""market"": 30.0, ""wallet"": 0.0, ""momentum"": 0.0, ""security"": 20.0, ""liquidity"": 0.0, ""data_quality"": 60.0}"
8b0dbac2-c777-474c-8335-939fc028ceda,E3wjzR8bPHv2pYc5Ck7pLi66vRKT8XmzkeFqMtoFpump,2026-09-03 13:29:24.398081+00,7.28e-06,,7280.27,{},"{""total"": 15.0, ""market"": 30.0, ""wallet"": 0.0, ""momentum"": 0.0, ""security"": 30.0, ""liquidity"": 0.0, ""data_quality"": 60.0}"
e679406b-43ea-472c-bb46-6ea43dfb18c7,bZHgYjvS1AjBJRDwf2LLH97LHT3sDk6eV33DViBdgq8,2026-09-03 13:29:25.800944+00,3.017e-06,,3017.41,{},"{""total"": 12.5, ""market"": 30.0, ""wallet"": 0.0, ""momentum"": 0.0, ""security"": 20.0, ""liquidity"": 0.0, ""data_quality"": 60.0}"
88be13ff-6973-41b6-9aca-a1ab461cfa1a,Gd5JcKzFfDDUr8vjjgqMeYQZKWW8ZzDWYQQogWjQpump,2026-09-03 13:29:27.209923+00,3.07e-06,,3070.1,{},"{""total"": 12.5, ""market"": 30.0, ""wallet"": 0.0, ""momentum"": 0.0, ""security"": 20.0, ""liquidity"": 0.0, ""data_quality"": 60.0}"
c43e7a19-876f-43bf-8650-1a29704a56c5,5gwYEP7Zf7VLUvvEyXqHzCUbTAJAf8rYvmH7GbSmpump,2026-09-03 13:29:28.602302+00,2.922e-06,,2922.3,{},"{""total"": 12.5, ""market"": 30.0, ""wallet"": 0.0, ""momentum"": 0.0, ""security"": 20.0, ""liquidity"": 0.0, ""data_quality"": 60.0}"
77ed49ca-df00-4250-ab37-bd0983028bf1,8yn9BwwDUvb8fCozrtza5bEgiGLFdpwtLJKXt2sHpump,2026-09-03 13:29:29.993112+00,2.144e-06,2352.81,2091,{},"{""total"": 26.5, ""market"": 30.0, ""wallet"": 0.0, ""momentum"": 0.0, ""security"": 20.0, ""liquidity"": 60.0, ""data_quality"": 100.0}"
ed8f77ab-acc0-43a8-86f5-1fe214eb28ac,Hf8msFKLGJu6wUc4NsNFHafmh4K8LFW2qy8ZmT4vpump,2026-09-03 13:29:31.345728+00,2.299e-06,2273.74,2183,{},"{""total"": 24.5, ""market"": 30.0, ""wallet"": 0.0, ""momentum"": 0.0, ""security"": 20.0, ""liquidity"": 50.0, ""data_quality"": 100.0}"
c368bbb8-8b79-450a-b129-640c55e5c21b,EsJUp6aEgFzqPoqM6mLPDJ1KmCkqA7zGXp4QSjkJFaZF,2026-09-03 13:29:32.742215+00,2.959e-06,,2959.11,{},"{""total"": 12.5, ""market"": 30.0, ""wallet"": 0.0, ""momentum"": 0.0, ""security"": 20.0, ""liquidity"": 0.0, ""data_quality"": 60.0}"
fc6b8348-e1af-4566-a970-16d0a979dcf7,28qTgAWraGg5ziXjTHm6ArDAvNBV9W3B2Y6DgYJTpump,2026-09-03 13:29:34.168303+00,2.256e-06,2243,2149,{},"{""total"": 24.5, ""market"": 30.0, ""wallet"": 0.0, ""momentum"": 0.0, ""security"": 20.0, ""liquidity"": 50.0, ""data_quality"": 100.0}"
222d8a9d-6ae3-4a10-b472-f34db3ca8b82,7Q2PF5cJg6nwm97GhiyQ6FFrxEEnXC7P9S5hPp9Zpump,2026-09-03 13:29:35.584238+00,2.867e-06,,2867.3,{},"{""total"": 12.5, ""market"": 30.0, ""wallet"": 0.0, ""momentum"": 0.0, ""security"": 20.0, ""liquidity"": 0.0, ""data_quality"": 60.0}"
64cdb059-6327-4fdd-a5f5-c21347b2186f,Ephzcbbtna99giZwCXtxSFviycVgbtAny1CDVuTdpump,2026-09-03 13:29:37.001048+00,2.629e-06,2547.5,2452,{},"{""total"": 19.5, ""market"": 30.0, ""wallet"": 0.0, ""momentum"": 0.0, ""security"": 20.0, ""liquidity"": 25.0, ""data_quality"": 100.0}"
f17fc181-92c8-4bd6-9d0e-b56088c7da4e,P3Eb2GNkvb3Dp8oWYXKMJMWPHeMcUG6uGeB12aupump,2026-09-03 13:29:38.662281+00,2.824e-06,,2824.79,{},"{""total"": 12.5, ""market"": 30.0, ""wallet"": 0.0, ""momentum"": 0.0, ""security"": 20.0, ""liquidity"": 0.0, ""data_quality"": 60.0}"
fc04394f-9421-4ddb-b582-9228a8e5b404,K3Li2jWiQ1NQi7LsxDW1wFZT7cv3K1W84UR7TVepump,2026-09-03 13:29:40.091866+00,2.034e-06,2143.62,2006,{},"{""total"": 19.5, ""market"": 30.0, ""wallet"": 0.0, ""momentum"": 0.0, ""security"": 20.0, ""liquidity"": 25.0, ""data_quality"": 100.0}"
480f288e-f983-4004-835d-057a4cba95be,JAuN3RKZR9KSKdmBCH83VXGmTvkbobuLrawZ5G3upump,2026-09-03 13:29:41.525243+00,4.903e-05,18629,48483,{},"{""total"": 56.8, ""market"": 65.0, ""wallet"": 50.0, ""momentum"": 50.0, ""security"": 70.0, ""liquidity"": 35.0, ""data_quality"": 100.0}"
66888353-da02-4b7e-9ef5-03ffe5a1d09f,FSvjwqWJoYCcRp2gvATGjSVzPQxNkRr4MNKzrdKupump,2026-09-03 13:29:42.93568+00,2.019e-06,2229.14,1990,{},"{""total"": 26.5, ""market"": 30.0, ""wallet"": 0.0, ""momentum"": 0.0, ""security"": 20.0, ""liquidity"": 60.0, ""data_quality"": 100.0}"
b6c51951-64e7-4cbd-97b0-af67b04b4ee0,AHAzrLgX9nwtMtUvkGVHg2xvtMaopKt6gVe3a3E4DaxR,2026-09-03 13:29:44.384564+00,2.183e-06,2217.75,2087,{},"{""total"": 24.5, ""market"": 30.0, ""wallet"": 0.0, ""momentum"": 0.0, ""security"": 20.0, ""liquidity"": 50.0, ""data_quality"": 100.0}"
edf0ee24-b18d-4a6f-b7cb-33370036096a,6zSqTexgmm25guNRjXUv3ZiGrzV94kodXrNcJ4T3stok,2026-09-03 13:29:45.782381+00,2.399e-06,4154.98,2361,{},"{""total"": 26.5, ""market"": 30.0, ""wallet"": 0.0, ""momentum"": 0.0, ""security"": 20.0, ""liquidity"": 60.0, ""data_quality"": 100.0}"
a856ffa0-51a2-44fc-bbe2-df4f4f5fc400,FgoCy7MTA9zymaY9YXFZ7quwsjtoBi7fvUp4jn7apump,2026-09-03 13:29:47.200552+00,3.463e-06,,3463.2,{},"{""total"": 12.5, ""market"": 30.0, ""wallet"": 0.0, ""momentum"": 0.0, ""security"": 20.0, ""liquidity"": 0.0, ""data_quality"": 60.0}"
0261c6ba-5f0d-4523-8289-0a831c239664,EDY1j37JHSYbfaDXAAKfB5zhy7n5MqnAQTQd1GSLpump,2026-09-03 13:29:48.6071+00,2.389e-06,2347.88,2123,{},"{""total"": 24.5, ""market"": 30.0, ""wallet"": 0.0, ""momentum"": 0.0, ""security"": 20.0, ""liquidity"": 50.0, ""data_quality"": 100.0}"
622f4b44-67ac-458a-bccb-44007b634871,33shNmhNU1FjtAjVmNPD2FR9Kuk2uMTHFgyYjaPtpump,2026-09-03 13:29:50.013472+00,2.822e-06,,2822.17,{},"{""total"": 12.5, ""market"": 30.0, ""wallet"": 0.0, ""momentum"": 0.0, ""security"": 20.0, ""liquidity"": 0.0, ""data_quality"": 60.0}"
3163f0ce-56ed-4904-a789-8f2c462ab0ed,9M6UYDWNX7Q16smL796mkKSCCb4dEmcmFLLEBJZspump,2026-09-03 13:29:51.354178+00,2.826e-06,,2826.55,{},"{""total"": 12.5, ""market"": 30.0, ""wallet"": 0.0, ""momentum"": 0.0, ""security"": 20.0, ""liquidity"": 0.0, ""data_quality"": 60.0}"
8a47696e-af84-4616-98e1-c991f8b2aac1,Ck377NeTAQ1ayhBtNjm3umscNkpekBtcJHjPJrtNpump,2026-09-03 13:29:52.732309+00,7.333e-06,5626.56,6973,{},"{""total"": 19.5, ""market"": 30.0, ""wallet"": 0.0, ""momentum"": 0.0, ""security"": 20.0, ""liquidity"": 25.0, ""data_quality"": 100.0}"
e2eec5ce-8212-4ca0-b331-172a9e300d8d,AykP15ZuLonepva4Hm5YvPC56zJ32Rdju2gScKwRpump,2026-09-03 13:29:54.105192+00,7.254e-06,,7254.14,{},"{""total"": 12.5, ""market"": 30.0, ""wallet"": 0.0, ""momentum"": 0.0, ""security"": 20.0, ""liquidity"": 0.0, ""data_quality"": 60.0}"
afa0b619-9fe6-4ba6-85e2-61b6a754b5b4,3tnzx2WWX5fhvZH9pc5TjP247E5ufR4uG48wPn6Dpump,2026-09-03 13:29:55.503031+00,2.605e-06,2541.65,2424,{},"{""total"": 24.5, ""market"": 30.0, ""wallet"": 0.0, ""momentum"": 0.0, ""security"": 20.0, ""liquidity"": 50.0, ""data_quality"": 100.0}"
8d6a7b62-67f9-4392-85f6-f59692081929,2r6pXr3kiu1rhpDYJHbf2DjvWhuAdZvcKXnynME8pump,2026-09-03 13:29:56.865106+00,2.87e-06,,2870.32,{},"{""total"": 12.5, ""market"": 30.0, ""wallet"": 0.0, ""momentum"": 0.0, ""security"": 20.0, ""liquidity"": 0.0, ""data_quality"": 60.0}"
1ad4849e-faef-4543-b683-8b0c378cab43,13NdXgxxrxhjhJ7BPr7MGT5GjDJXn6A4NMZHowpMpump,2026-09-03 13:29:58.311607+00,2.924e-06,,2924.12,{},"{""total"": 12.5, ""market"": 30.0, ""wallet"": 0.0, ""momentum"": 0.0, ""security"": 20.0, ""liquidity"": 0.0, ""data_quality"": 60.0}"
0d471d7e-c73a-4891-be9a-69d0aa1fce97,HUQ8tBGdgq2uUDcUPxUyiXaxf4Ytvprv8AhYkeh1pump,2026-09-03 13:29:59.786113+00,2.995e-06,,2995.92,{},"{""total"": 12.5, ""market"": 30.0, ""wallet"": 0.0, ""momentum"": 0.0, ""security"": 20.0, ""liquidity"": 0.0, ""data_quality"": 60.0}"
1a5bb6d2-63b5-4409-b46b-6222b6563106,DRMmkdvdnCxdPqqwxZkSnwiTEsF2czW361BwE8fhFdex,2026-09-03 13:30:01.261631+00,2.94e-06,2868.57,2788,{},"{""total"": 19.5, ""market"": 30.0, ""wallet"": 0.0, ""momentum"": 0.0, ""security"": 20.0, ""liquidity"": 25.0, ""data_quality"": 100.0}"
70cd0c61-e13a-4a5f-a7d5-9c150533c38e,NjGzCD9aJhiUAixHnSh5GqHnSxoAPKsvLjzchQ8pump,2026-09-03 13:30:02.751822+00,2.588e-06,2532.92,2191,{},"{""total"": 26.5, ""market"": 30.0, ""wallet"": 0.0, ""momentum"": 0.0, ""security"": 20.0, ""liquidity"": 60.0, ""data_quality"": 100.0}"
c9bec500-2031-46b1-bc88-68a03a692ac9,GGpRUMfk4YNeYn84YJ4iKPxzWCdu6xTKZLqmqUTLpump,2026-09-03 13:30:04.190897+00,2.401e-06,2357.5,2117,{},"{""total"": 24.5, ""market"": 30.0, ""wallet"": 0.0, ""momentum"": 0.0, ""security"": 20.0, ""liquidity"": 50.0, ""data_quality"": 100.0}"
9a7c5b87-65b6-4f67-9d24-b3ba7fb875b5,7Q59LtM8TMVCysdjCAd1r5s3hKxvzRc9mjTNUsdcpump,2026-09-03 13:30:05.594243+00,3.769e-06,3441.87,3603,{},"{""total"": 26.5, ""market"": 30.0, ""wallet"": 0.0, ""momentum"": 0.0, ""security"": 20.0, ""liquidity"": 60.0, ""data_quality"": 100.0}"
c7fd8d1f-c59b-4ccf-8d7a-e1d7c8a46226,4dmxsK1t1Fz6eTiH3p35K8gdB2hpSXmMFe1w1mWBpump,2026-09-03 13:30:07.022106+00,1.992e-06,2023.43,1915,{},"{""total"": 26.5, ""market"": 30.0, ""wallet"": 0.0, ""momentum"": 0.0, ""security"": 20.0, ""liquidity"": 60.0, ""data_quality"": 100.0}"
53a33576-8c29-4004-85d3-806ad5a143d4,9LHNJercroLqBMfq2V2Dmx3VmF5CR8n1Nn1ctipspump,2026-09-03 13:30:08.441959+00,2.849e-06,,2849.28,{},"{""total"": 12.5, ""market"": 30.0, ""wallet"": 0.0, ""momentum"": 0.0, ""security"": 20.0, ""liquidity"": 0.0, ""data_quality"": 60.0}"
b06d86a3-26fd-46d2-99e1-a80a9531321a,DHtaU4F9k9YdhmSY6aFvABgHKVJXqiMXv9GXwAzuGbgN,2026-09-03 13:30:09.873177+00,2.985e-06,,2985.6,{},"{""total"": 12.5, ""market"": 30.0, ""wallet"": 0.0, ""momentum"": 0.0, ""security"": 20.0, ""liquidity"": 0.0, ""data_quality"": 60.0}"
60f9ceef-2c10-4c1c-aa6d-673ee38bf732,27tbGc7DGrjnA3sz1XZgd524pCtmrLFWTfJaNutvLNKR,2026-09-03 13:30:11.332222+00,1.979e-05,,19793.01,{},"{""total"": 12.5, ""market"": 30.0, ""wallet"": 0.0, ""momentum"": 0.0, ""security"": 20.0, ""liquidity"": 0.0, ""data_quality"": 60.0}"
b819b3ae-0aa2-49ed-ae4c-8ab69f6e6f5a,EwJi9RdHKTf6wq2qD3Z3Yn4vh42kKuMyXAZzKMKipump,2026-09-03 13:30:12.764684+00,2.884e-06,2876.94,2809,{},"{""total"": 24.5, ""market"": 30.0, ""wallet"": 0.0, ""momentum"": 0.0, ""security"": 20.0, ""liquidity"": 50.0, ""data_quality"": 100.0}"
eacf1ae2-3178-42d0-a731-5a4f6d802c61,9gDAFjCfxPVcMrJMpQu4zEpuPRRKQdX93MBUWnjApump,2026-09-03 13:30:14.21577+00,6.521e-06,,6521.55,{},"{""total"": 15.5, ""market"": 30.0, ""wallet"": 0.0, ""momentum"": 15.0, ""security"": 20.0, ""liquidity"": 0.0, ""data_quality"": 60.0}"
c4df0ee4-9d44-429c-9e0b-bbe70a076390,75mRwR45Wb5UDTgazRYBzzKyF6nFNxVjVHffR8t7pump,2026-09-03 13:30:15.632155+00,2.99e-06,2847.3,2697,{},"{""total"": 24.5, ""market"": 30.0, ""wallet"": 0.0, ""momentum"": 0.0, ""security"": 20.0, ""liquidity"": 50.0, ""data_quality"": 100.0}"
2b12767a-9609-46e0-9996-30480f0e0ddc,Hs7N63fmuC2yBp6LAnoHkFwfHu2n4eCf3AEWDAtnpump,2026-09-03 13:30:17.063264+00,2.365e-06,2335.9,2097,{},"{""total"": 24.5, ""market"": 30.0, ""wallet"": 0.0, ""momentum"": 0.0, ""security"": 20.0, ""liquidity"": 50.0, ""data_quality"": 100.0}"
47f96ccd-df50-4310-a324-3d080e98b91d,HvvnKT6zZiS8Kkd3ZMhr73M1KiYu7QYMNjq3b8Xjpump,2026-09-03 13:30:18.558121+00,2.916e-06,,2916.41,{},"{""total"": 12.5, ""market"": 30.0, ""wallet"": 0.0, ""momentum"": 0.0, ""security"": 20.0, ""liquidity"": 0.0, ""data_quality"": 60.0}"
e330c2bd-e20d-4256-a616-80e99c22cf3e,F6gfM5bsh8Wx8rFsVJpzuYJoZZ5gTUc4WiYAPdAUpump,2026-09-03 13:30:20.018118+00,5.43e-06,,5430.8,{},"{""total"": 12.5, ""market"": 30.0, ""wallet"": 0.0, ""momentum"": 0.0, ""security"": 20.0, ""liquidity"": 0.0, ""data_quality"": 60.0}"
7a822641-db53-47b8-8a73-64abddf5148c,EGGxzLiFNcceaoyvQuZH6pGKPQSUW2EihC5YapPdK5yN,2026-09-03 13:30:21.44065+00,5.757e-06,5582.88,5758,{},"{""total"": 26.5, ""market"": 30.0, ""wallet"": 0.0, ""momentum"": 0.0, ""security"": 20.0, ""liquidity"": 60.0, ""data_quality"": 100.0}"
30223122-6485-4b75-8838-773df4e8c79d,HSftPqKfWrJAQ8tw8NVgsnXthc9BnRU9iHR4tthzv9QT,2026-09-03 13:30:22.873204+00,3.105e-06,2943.68,2797,{},"{""total"": 26.5, ""market"": 30.0, ""wallet"": 0.0, ""momentum"": 0.0, ""security"": 20.0, ""liquidity"": 60.0, ""data_quality"": 100.0}"
8842921c-1b6b-488c-ab3c-e718c392eced,8RvUhjZ5MV7hH9XUks4PEGvkQcCPmx6C9Xaqx3uZpump,2026-09-03 13:30:24.282421+00,3.233e-06,,3233.24,{},"{""total"": 12.5, ""market"": 30.0, ""wallet"": 0.0, ""momentum"": 0.0, ""security"": 20.0, ""liquidity"": 0.0, ""data_quality"": 60.0}"
984d5af5-542d-45ca-ad54-243dcbe7f416,65w6xwuKfhFpj5XVoJEqrfN5xJN6gAkGzVrkzH12LouU,2026-09-03 13:30:25.688683+00,2.9e-06,,2900.15,{},"{""total"": 12.5, ""market"": 30.0, ""wallet"": 0.0, ""momentum"": 0.0, ""security"": 20.0, ""liquidity"": 0.0, ""data_quality"": 60.0}"
a52956ef-fd20-4c28-b078-6cf4a35c65be,BKDiVXDYd4Y3x1dKRiSHZKShSbu4PRm5sW1PuHgCpump,2026-09-03 13:30:27.114175+00,3.051e-06,,3051.35,{},"{""total"": 12.5, ""market"": 30.0, ""wallet"": 0.0, ""momentum"": 0.0, ""security"": 20.0, ""liquidity"": 0.0, ""data_quality"": 60.0}"
07417a26-42b7-4abd-a9e8-f33344e1f9bf,7sQcnoRsVisys1wUApDqukUmDRJUe1aZ77CaiKwarVbF,2026-09-03 13:30:28.514515+00,2.497e-06,2448.35,2354,{},"{""total"": 24.5, ""market"": 30.0, ""wallet"": 0.0, ""momentum"": 0.0, ""security"": 20.0, ""liquidity"": 50.0, ""data_quality"": 100.0}"
80081865-03dd-46ca-a7c1-9d72b8f193ad,928jRD8A4hcqad24TwrtQuZkrqXUTZKcydH32rZxaCgD,2026-09-03 13:30:29.901783+00,2.318e-06,2327.53,2222,{},"{""total"": 19.5, ""market"": 30.0, ""wallet"": 0.0, ""momentum"": 0.0, ""security"": 20.0, ""liquidity"": 25.0, ""data_quality"": 100.0}"
9b2ce52c-cb32-4786-ab1a-a4ea74183cdf,2HvhMud2Vbjfyydsx5uPhZVpZ3gsq5M7hXzFrZfBpump,2026-09-03 13:30:31.310649+00,2.852e-06,,2852.75,{},"{""total"": 12.5, ""market"": 30.0, ""wallet"": 0.0, ""momentum"": 0.0, ""security"": 20.0, ""liquidity"": 0.0, ""data_quality"": 60.0}"
4a726a8a-d869-448d-becf-c75261b4b547,8PyYPTa1gEVvk2JQ3LhX1aM7zg8kSAw5qeUyS1Lpump,2026-09-03 13:30:32.713777+00,2.826e-06,,2826.07,{},"{""total"": 12.5, ""market"": 30.0, ""wallet"": 0.0, ""momentum"": 0.0, ""security"": 20.0, ""liquidity"": 0.0, ""data_quality"": 60.0}"
f188c900-ff04-4090-a984-de22206348bb,7VPrGu8dwLK7YFZu3Z6FmAwRmUqKuBRzBSNvuUvCuNwV,2026-09-03 13:30:34.163984+00,2.838e-06,,2838.37,{},"{""total"": 12.5, ""market"": 30.0, ""wallet"": 0.0, ""momentum"": 0.0, ""security"": 20.0, ""liquidity"": 0.0, ""data_quality"": 60.0}"
92edee5c-1055-4acd-926b-e290a7be65d0,7psiMbnC4xVRs5vB2BesbSk8myhRZ4d8G29X63QZpump,2026-09-03 13:30:35.665059+00,2.808e-06,,2808.75,{},"{""total"": 12.5, ""market"": 30.0, ""wallet"": 0.0, ""momentum"": 0.0, ""security"": 20.0, ""liquidity"": 0.0, ""data_quality"": 60.0}"
e7d70c17-2d92-451e-bd78-fffc41f348f4,3PZAe766xNghoLyASMuYgx2mFDW2u3qnsU8MYknQTEwp,2026-09-03 13:30:37.060905+00,4.893e-06,,4893.48,{},"{""total"": 12.5, ""market"": 30.0, ""wallet"": 0.0, ""momentum"": 0.0, ""security"": 20.0, ""liquidity"": 0.0, ""data_quality"": 60.0}"
72daa903-22f9-4b7a-a42a-e406c11f0b6c,E94YopQRTBLk91Nq2FJgPWy81dq1bqNaj96otUcgTdE7,2026-09-03 13:30:38.491205+00,3.278e-06,,3278.38,{},"{""total"": 12.5, ""market"": 30.0, ""wallet"": 0.0, ""momentum"": 0.0, ""security"": 20.0, ""liquidity"": 0.0, ""data_quality"": 60.0}"
90b6d935-1966-4899-a84c-6174fbd6450a,RucUi81TqyAxLLSNePYBbP26MNDrCXWrCJsfqKPpump,2026-09-03 13:30:39.920584+00,2.805e-06,,2805.06,{},"{""total"": 12.5, ""market"": 30.0, ""wallet"": 0.0, ""momentum"": 0.0, ""security"": 20.0, ""liquidity"": 0.0, ""data_quality"": 60.0}"
0203e6c7-6f56-41cd-a857-e61fb47f8383,5iWSgThgfajnAsUXeYjnZE2966tdW9kitmHyUuy9pump,2026-09-03 13:30:41.339746+00,3.051e-06,2928.12,2958,{},"{""total"": 24.5, ""market"": 30.0, ""wallet"": 0.0, ""momentum"": 0.0, ""security"": 20.0, ""liquidity"": 50.0, ""data_quality"": 100.0}"
12fd7a4d-b496-44a9-890b-22018d110a44,9ykE4HYhijFXhk11CoWBdEBuQ78dYp3qqbFK5oRVpump,2026-09-03 13:30:42.822031+00,3.457e-06,3204.85,3048,{},"{""total"": 24.5, ""market"": 30.0, ""wallet"": 0.0, ""momentum"": 0.0, ""security"": 20.0, ""liquidity"": 50.0, ""data_quality"": 100.0}"
a1b1653a-23a8-4f65-9981-cf81ec9f42a9,Cd2b8guD4a4fgNng43Wk9sHDJ11tB8ie3EGABjWdpump,2026-09-03 13:30:44.21432+00,0.0001004,25750.85,98089,{},"{""total"": 70.8, ""market"": 85.0, ""wallet"": 55.0, ""momentum"": 60.0, ""security"": 75.0, ""liquidity"": 70.0, ""data_quality"": 100.0}"
d3ebae21-6a49-4427-9a47-1805ee12d569,5CYBqT5kaoAtJia9ubmDZ7ThSjNDhXERfKhSC2q9pump,2026-09-03 13:30:45.667454+00,2.817e-06,,2817.47,{},"{""total"": 12.5, ""market"": 30.0, ""wallet"": 0.0, ""momentum"": 0.0, ""security"": 20.0, ""liquidity"": 0.0, ""data_quality"": 60.0}"
2589c6bf-e022-497d-9511-8767a8ad041a,CSRRgTwf9o5KLgguS2M16aEAhV5PUUzfshrAAQ8opump,2026-09-03 13:30:47.111201+00,0.000221,39663.91,213834,{},"{""total"": 36.2, ""market"": 45.0, ""wallet"": 0.0, ""momentum"": 15.0, ""security"": 30.0, ""liquidity"": 70.0, ""data_quality"": 100.0}"
955620d3-81e5-4e16-b313-8500e1553ec9,H7aKCfh4uX5do7rE5pRCqfXskuMM4M9T1HAGSEYfpump,2026-09-03 13:30:48.505285+00,3.409e-06,,3409.08,{},"{""total"": 12.5, ""market"": 30.0, ""wallet"": 0.0, ""momentum"": 0.0, ""security"": 20.0, ""liquidity"": 0.0, ""data_quality"": 60.0}"
8ba681ea-d624-408b-b73e-57ecdeb9496c,B71Lm9jzY8Urkrqf7Td7W8mcRX5ha4mym3UW5JG6pump,2026-09-03 13:30:49.855914+00,2.834e-06,,2834.3,{},"{""total"": 12.5, ""market"": 30.0, ""wallet"": 0.0, ""momentum"": 0.0, ""security"": 20.0, ""liquidity"": 0.0, ""data_quality"": 60.0}"
e4949a35-3472-4974-9d4a-69ddc9d01f16,93MSmvh53AcGFuBQah25zU1w4MoH6HXdtHx1aqwesXwD,2026-09-03 13:30:51.261311+00,8.518e-06,,8518.54,{},"{""total"": 17.2, ""market"": 30.0, ""wallet"": 15.0, ""momentum"": 0.0, ""security"": 30.0, ""liquidity"": 0.0, ""data_quality"": 60.0}"
bf037c40-a81a-4a28-b7b5-1b34d701b275,E5YkB2XFsi8GHZ2CLoaowcZeFftsjm1MreMraPbZVGKz,2026-09-03 13:30:52.700244+00,6.5e-06,6399.06,6501,{},"{""total"": 24.5, ""market"": 30.0, ""wallet"": 0.0, ""momentum"": 0.0, ""security"": 20.0, ""liquidity"": 50.0, ""data_quality"": 100.0}"
318670fd-8cc6-4d95-83f9-466c59477db2,MzuosvncXoJAHaem7JtWoek8NXGojFWyM8ZGwsZpump,2026-09-03 13:30:54.102269+00,2.154e-06,2163.9,2000,{},"{""total"": 24.5, ""market"": 30.0, ""wallet"": 0.0, ""momentum"": 0.0, ""security"": 20.0, ""liquidity"": 50.0, ""data_quality"": 100.0}"
c1a7afc0-0fbc-431c-b16d-1730aee129ab,AU92uCTRJVjAW7eSfW5t8asMxqjaPM8v6X9ByZQGZfcJ,2026-09-03 13:30:55.517918+00,2.316e-06,2285.96,2093,{},"{""total"": 24.5, ""market"": 30.0, ""wallet"": 0.0, ""momentum"": 0.0, ""security"": 20.0, ""liquidity"": 50.0, ""data_quality"": 100.0}"
497a23bd-a84c-457e-a6a7-158507ed7ddc,3ggU45hkA1h14175yh9z9bxXaYGKoZES7fNEYxUb6hw4,2026-09-03 13:30:56.923858+00,2.805e-06,,2805.77,{},"{""total"": 12.5, ""market"": 30.0, ""wallet"": 0.0, ""momentum"": 0.0, ""security"": 20.0, ""liquidity"": 0.0, ""data_quality"": 60.0}"
0fc94aa2-a079-47ae-b8d6-d0f53ca9012c,5PntZAEaNrCKpaHC334b9pATnUELsYE2WRyhdBYMpump,2026-09-03 13:30:58.347473+00,2.82e-06,,2820.64,{},"{""total"": 12.5, ""market"": 30.0, ""wallet"": 0.0, ""momentum"": 0.0, ""security"": 20.0, ""liquidity"": 0.0, ""data_quality"": 60.0}"
da770211-da1e-4e19-a316-b977d6f294b7,HRwUUJXBpW9zjY3oUb8cgzqoby3ozpwuSCRW7tUHNdpg,2026-09-03 13:30:59.768232+00,2.96e-06,,2960.19,{},"{""total"": 12.5, ""market"": 30.0, ""wallet"": 0.0, ""momentum"": 0.0, ""security"": 20.0, ""liquidity"": 0.0, ""data_quality"": 60.0}"
413613c2-fb29-47c4-9ebd-ce6a90848f9b,3bDHhpewuWbWZcGCgUbmEyvQuhbeaKBKzBuKJgkXpump,2026-09-03 13:31:01.192198+00,2.52e-06,2479.48,2426,{},"{""total"": 24.5, ""market"": 30.0, ""wallet"": 0.0, ""momentum"": 0.0, ""security"": 20.0, ""liquidity"": 50.0, ""data_quality"": 100.0}"
48fd67c2-4201-4c01-9334-4a44d2b893fe,HtHME5mpfBa6PT8cc9JULtzYDWTNYX4husuMKsTxpump,2026-09-03 13:31:02.642328+00,1.321e-05,,13211.9,{},"{""total"": 18.0, ""market"": 30.0, ""wallet"": 0.0, ""momentum"": 15.0, ""security"": 30.0, ""liquidity"": 0.0, ""data_quality"": 60.0}"
bae243e4-6371-45a7-ace7-0105f86a8f91,JAMgixLafTHLCXp6DZp6vzGcoo7BATtftn5MLNMedjFP,2026-09-03 13:31:04.153801+00,3.406e-06,,3406.14,{},"{""total"": 12.5, ""market"": 30.0, ""wallet"": 0.0, ""momentum"": 0.0, ""security"": 20.0, ""liquidity"": 0.0, ""data_quality"": 60.0}"
9eadce9e-2df9-490c-8ace-8200ad795c25,tC4iY6ym1HfvS2RCzVovhJGbf6MkxcXSsuV7Rbbfd7y,2026-09-03 13:31:06.092734+00,2.958e-06,,2958.79,{},"{""total"": 12.5, ""market"": 30.0, ""wallet"": 0.0, ""momentum"": 0.0, ""security"": 20.0, ""liquidity"": 0.0, ""data_quality"": 60.0}"
f5e3a98c-32ee-4a74-a65f-d680c9009232,GiaVByahUb73UdNtx46tDtUpBt5XJqLYc7w73RdVpump,2026-09-03 13:31:07.498762+00,2.449e-06,2400.34,2147,{},"{""total"": 24.5, ""market"": 30.0, ""wallet"": 0.0, ""momentum"": 0.0, ""security"": 20.0, ""liquidity"": 50.0, ""data_quality"": 100.0}"
d76d89d0-2e18-40ba-bdd9-7f0e7b83928f,Ft7Zin87WaHMTsJRz9k9ZsPhfVuTXGbkAxxRui2WZph2,2026-09-03 13:31:08.900192+00,2.867e-06,,2867.86,{},"{""total"": 12.5, ""market"": 30.0, ""wallet"": 0.0, ""momentum"": 0.0, ""security"": 20.0, ""liquidity"": 0.0, ""data_quality"": 60.0}"
43b566a8-251c-453a-bfff-e8555b1e3b33,EgTDnuUcbAvhS1DdRFqsML9PD5xtBhDQs4uSDs9tpump,2026-09-03 13:31:10.298321+00,2.845e-06,,2845.52,{},"{""total"": 12.5, ""market"": 30.0, ""wallet"": 0.0, ""momentum"": 0.0, ""security"": 20.0, ""liquidity"": 0.0, ""data_quality"": 60.0}"
56186671-4087-4dff-88fc-1db84c9f5191,9XnjNoaqgqMkVeNAUwz2xs6jvphyRvxmTDsAqskLdEnA,2026-09-03 13:31:11.7309+00,2.481e-06,2432.98,2233,{},"{""total"": 24.5, ""market"": 30.0, ""wallet"": 0.0, ""momentum"": 0.0, ""security"": 20.0, ""liquidity"": 50.0, ""data_quality"": 100.0}"
d8e3f795-87f4-4e8b-837b-ef5430a67add,CG8yDDsP5PqhixEbLjZvG2tAxtcfsfxmSVqsx3Kxpump,2026-09-03 13:31:13.12492+00,1.998e-06,2011.41,1930,{},"{""total"": 26.5, ""market"": 30.0, ""wallet"": 0.0, ""momentum"": 0.0, ""security"": 20.0, ""liquidity"": 60.0, ""data_quality"": 100.0}"
4df60864-5a0a-4152-a217-17d60a3f8b72,8R5eqpK7rQofoLnmHNsnBBADDgcGhBNCnr1Ducf2pump,2026-09-03 13:31:14.550387+00,2.445e-06,2477.13,2303,{},"{""total"": 24.5, ""market"": 30.0, ""wallet"": 0.0, ""momentum"": 0.0, ""security"": 20.0, ""liquidity"": 50.0, ""data_quality"": 100.0}"
33cd2b1c-1239-44dc-ac42-374eba7a04ed,DYAaCD3sdRpwbf1hFxe8E9AnPHVynGbfnuDEPALKpump,2026-09-03 13:31:16.072429+00,2.634e-06,2556.61,2235,{},"{""total"": 24.5, ""market"": 30.0, ""wallet"": 0.0, ""momentum"": 0.0, ""security"": 20.0, ""liquidity"": 50.0, ""data_quality"": 100.0}"
e616c164-41f7-4a96-a8f2-4b51f58a70c5,t1smJzZt9aUEWjaGJYpqStJ3yLYPcqSwaHGh83ubjRP,2026-09-03 13:31:17.479931+00,2.856e-06,,2856.51,{},"{""total"": 12.5, ""market"": 30.0, ""wallet"": 0.0, ""momentum"": 0.0, ""security"": 20.0, ""liquidity"": 0.0, ""data_quality"": 60.0}"
b758a645-bbf1-43e2-80b1-d0d51418b1e1,64PAAiijqQACMH3nbWsFtqQ2TZaqrT3WLF2tkbeEpump,2026-09-03 13:31:18.901404+00,3.015e-06,,3015.51,{},"{""total"": 12.5, ""market"": 30.0, ""wallet"": 0.0, ""momentum"": 0.0, ""security"": 20.0, ""liquidity"": 0.0, ""data_quality"": 60.0}"
25c4d124-bd84-4f3c-990c-96ff4ff2e7e3,6mYykKMQwMm2UQBoJFcQpwKgJD71jQZ2L8ncNDT9pump,2026-09-03 13:31:20.28897+00,1.966e-06,2073.53,1938,{},"{""total"": 24.5, ""market"": 30.0, ""wallet"": 0.0, ""momentum"": 0.0, ""security"": 20.0, ""liquidity"": 50.0, ""data_quality"": 100.0}"
137f5a96-8c7e-4614-bc6e-69a694afd25e,2Q8tHSimZLBb2v3BfNNSVbs4bKYxNJ84NpzuajG6p1aQ,2026-09-03 13:31:21.694566+00,2.787e-06,2702.91,2599,{},"{""total"": 30.5, ""market"": 50.0, ""wallet"": 0.0, ""momentum"": 15.0, ""security"": 20.0, ""liquidity"": 50.0, ""data_quality"": 100.0}"
2a25ae72-6fc8-477a-b0e1-16ca71a11696,G8wFeagXt6jt6mY9M2kNujsRqQX6NHZNUzDNx1Q5pump,2026-09-03 13:31:23.089547+00,2.943e-06,,2943.16,{},"{""total"": 12.5, ""market"": 30.0, ""wallet"": 0.0, ""momentum"": 0.0, ""security"": 20.0, ""liquidity"": 0.0, ""data_quality"": 60.0}"
97331f31-e3dc-4568-b594-e690ec82f8fd,ERvGimpyqnuiZ5vaBjd3bWA8GEtM2erT4c5SoiPPWv7k,2026-09-03 13:31:24.484228+00,2.844e-06,,2844.84,{},"{""total"": 12.5, ""market"": 30.0, ""wallet"": 0.0, ""momentum"": 0.0, ""security"": 20.0, ""liquidity"": 0.0, ""data_quality"": 60.0}"
8a2976f1-f5b2-40f0-a5db-e24259060feb,CnRbeGkMFK5jprNUjyzdcnYgPB6CJk9VccmjmWEmiJtC,2026-09-03 13:31:25.862186+00,2.936e-06,,2936.11,{},"{""total"": 12.5, ""market"": 30.0, ""wallet"": 0.0, ""momentum"": 0.0, ""security"": 20.0, ""liquidity"": 0.0, ""data_quality"": 60.0}"
afde7c1a-00ee-4b89-a8a6-a0604d5c1116,Dp4SHtcvzDqZ8ozg4NTTekQskPi2MWNK2GFx1F6Kpump,2026-09-03 13:31:27.309424+00,2.848e-06,,2848.95,{},"{""total"": 12.5, ""market"": 30.0, ""wallet"": 0.0, ""momentum"": 0.0, ""security"": 20.0, ""liquidity"": 0.0, ""data_quality"": 60.0}"
fb399f2a-916a-4f24-b1aa-3a03bbb2d129,Afos4Rke9x64UqVnf9ZF9TvHRUMMFdGe1JXYxt8z3HK7,2026-09-03 13:31:28.696968+00,2.89e-06,,2890.36,{},"{""total"": 15.5, ""market"": 30.0, ""wallet"": 0.0, ""momentum"": 15.0, ""security"": 20.0, ""liquidity"": 0.0, ""data_quality"": 60.0}"
930a2114-bd2c-4132-9457-ccb87d3eb1f4,CXG11xiLJVf8umnmXXGUobBKmb1p85ptkikMmSNEpump,2026-09-03 13:31:30.128418+00,9.158e-06,,9158.88,{},"{""total"": 12.5, ""market"": 30.0, ""wallet"": 0.0, ""momentum"": 0.0, ""security"": 20.0, ""liquidity"": 0.0, ""data_quality"": 60.0}"
d825c8d7-4818-4009-a828-14665c188ac4,5rDauqJEKodE7cJMbKUJHPFY793qUbgYUfrWNo5Kpump,2026-09-03 13:31:31.524748+00,2.822e-06,,2822.1,{},"{""total"": 12.5, ""market"": 30.0, ""wallet"": 0.0, ""momentum"": 0.0, ""security"": 20.0, ""liquidity"": 0.0, ""data_quality"": 60.0}"
d4df4830-fda7-4691-a9f8-a52e830ca5e6,62MqxAoeEJQBZMMKrbcLUkAvohHEsq88hjAqhBV6pump,2026-09-03 13:31:32.900786+00,6.116e-05,19165.28,58495,{},"{""total"": 53.8, ""market"": 45.0, ""wallet"": 50.0, ""momentum"": 15.0, ""security"": 70.0, ""liquidity"": 70.0, ""data_quality"": 100.0}"
013dbc78-aa87-4948-bab6-d4b8fa12661a,Hw4PvsbCbgKevJc9iyMgbwevoqU1SiejGesuVF8JA8ee,2026-09-03 13:31:34.390525+00,2.821e-06,,2821.77,{},"{""total"": 12.5, ""market"": 30.0, ""wallet"": 0.0, ""momentum"": 0.0, ""security"": 20.0, ""liquidity"": 0.0, ""data_quality"": 60.0}"
c7d9c73b-7c46-4e47-b518-f08fe0d6ddbf,9LZ3UaDM8rS8AMv8VCLg9BnWw5JN4JFxbzbPjVHHFsjo,2026-09-03 13:31:35.807738+00,2.888e-06,,2888.27,{},"{""total"": 12.5, ""market"": 30.0, ""wallet"": 0.0, ""momentum"": 0.0, ""security"": 20.0, ""liquidity"": 0.0, ""data_quality"": 60.0}"
1f1704c6-1dbd-4787-94b1-6bfead5243ed,Ee1LDwvfA99CvFRxTZi93kj3A9AvN6wuryiffp3Dpump,2026-09-03 13:31:37.20965+00,3.29e-06,,3290.84,{},"{""total"": 12.5, ""market"": 30.0, ""wallet"": 0.0, ""momentum"": 0.0, ""security"": 20.0, ""liquidity"": 0.0, ""data_quality"": 60.0}"
1f2b47c7-d08a-44af-ab35-7a7f47f5a612,6PipCS2EJ5fH9boGbJxStcsRpNh5WbN3dSZycLWPdbi4,2026-09-03 13:31:38.619768+00,3.18e-06,,3180.2,{},"{""total"": 12.5, ""market"": 30.0, ""wallet"": 0.0, ""momentum"": 0.0, ""security"": 20.0, ""liquidity"": 0.0, ""data_quality"": 60.0}"
e008a1d6-38ac-437f-9f06-7cc73de1d287,81voyUHfuimgHQWkHS4e1nbu94pn54TGbqXYwh4gpump,2026-09-03 13:31:40.021586+00,3.424e-06,3203.27,3197,{},"{""total"": 26.5, ""market"": 30.0, ""wallet"": 0.0, ""momentum"": 0.0, ""security"": 20.0, ""liquidity"": 60.0, ""data_quality"": 100.0}"
52d76e1c-e2a1-4576-951f-cb0923141eef,CkH8iAKJhdAvLj9EijKdYwpbhrq6wjmFRZLSu5Rgsjrp,2026-09-03 13:31:41.488616+00,102.83,2159227305.68,2159629171,{},"{""total"": 30.5, ""market"": 30.0, ""wallet"": 0.0, ""momentum"": 0.0, ""security"": 20.0, ""liquidity"": 80.0, ""data_quality"": 100.0}"
c63e1b7d-a958-4f04-aaec-089fd7c03a8e,EhGX4E2sNWuDsxWRmVRyUMTdvdDJp3Rj7pvm969dpump,2026-09-03 13:31:42.933075+00,3.671e-06,,3671.45,{},"{""total"": 12.5, ""market"": 30.0, ""wallet"": 0.0, ""momentum"": 0.0, ""security"": 20.0, ""liquidity"": 0.0, ""data_quality"": 60.0}"
e872f401-2518-4208-8fcd-9c67af34f6b3,7MyRpZSmxFFKTcCDg9aK3ziZnzwPiwqn7szBKJXHpump,2026-09-03 13:31:44.369129+00,2.87e-06,,2870.94,{},"{""total"": 12.5, ""market"": 30.0, ""wallet"": 0.0, ""momentum"": 0.0, ""security"": 20.0, ""liquidity"": 0.0, ""data_quality"": 60.0}"
ed9f82de-a49c-4a4c-ace5-90c27f5ac83d,8ntHtE7k2xGT8xvQm4iECpA1zxjUypCAm3Go7pmMpump,2026-09-03 13:31:45.801779+00,3.01e-06,,3010.04,{},"{""total"": 12.5, ""market"": 30.0, ""wallet"": 0.0, ""momentum"": 0.0, ""security"": 20.0, ""liquidity"": 0.0, ""data_quality"": 60.0}"
a1caf590-0ed6-4f45-9fea-e77067e7dbbf,C1JVw9Eecb13VRiVyV4QpXFpQNaJjmXWAXoFaGynpump,2026-09-03 13:31:47.237868+00,4.534e-05,18279.97,43489,{},"{""total"": 52.0, ""market"": 65.0, ""wallet"": 35.0, ""momentum"": 50.0, ""security"": 60.0, ""liquidity"": 35.0, ""data_quality"": 100.0}"
c073740c-b3be-4748-bdee-3f4893e7a880,7NkRWvEog93ogp7CoU1xoAyB3kpPGCzDurgy2Y2Kpump,2026-09-03 13:31:48.671339+00,2.819e-06,,2819.54,{},"{""total"": 12.5, ""market"": 30.0, ""wallet"": 0.0, ""momentum"": 0.0, ""security"": 20.0, ""liquidity"": 0.0, ""data_quality"": 60.0}"
e593a2f0-e891-45b5-88aa-c3dfb63955ea,2WG6mgKMx97jYCCoiHGcJndvQXjwDgyFeVRAnKH2pump,2026-09-03 13:31:50.046139+00,2.924e-06,,2924.38,{},"{""total"": 12.5, ""market"": 30.0, ""wallet"": 0.0, ""momentum"": 0.0, ""security"": 20.0, ""liquidity"": 0.0, ""data_quality"": 60.0}"
7c8eefae-3a46-4c89-9ea5-f36f0ef8a6dc,F98TCwNAQuz7JtP6ScZaKddepDjnCwmQ5TxkfcgcYaVC,2026-09-03 13:31:51.513889+00,2.691e-06,2627.36,2579,{},"{""total"": 19.5, ""market"": 30.0, ""wallet"": 0.0, ""momentum"": 0.0, ""security"": 20.0, ""liquidity"": 25.0, ""data_quality"": 100.0}"
34178701-4cd4-44b3-acbc-c73a45972d32,6n55pXa3ZKa2rnNotEPog1SRspWeGiNxU5WkqEkSpump,2026-09-03 13:31:52.972337+00,3.61e-06,,3610.51,{},"{""total"": 12.5, ""market"": 30.0, ""wallet"": 0.0, ""momentum"": 0.0, ""security"": 20.0, ""liquidity"": 0.0, ""data_quality"": 60.0}"
622aa87d-febd-4195-9da8-8d1e7199ca01,4KLo47obTpHj1XYMtMV42qjadaW2xWMAaLduwAwtEebA,2026-09-03 13:31:54.361262+00,2.068e-05,14908.01,20684,{},"{""total"": 29.0, ""market"": 30.0, ""wallet"": 0.0, ""momentum"": 0.0, ""security"": 30.0, ""liquidity"": 60.0, ""data_quality"": 100.0}"
350bce4a-75ca-4744-9f1c-acef979b796e,E8MnCtZVxk6EZAxQBAfzrWTPoCQfyEm7dghbSrMQpump,2026-09-03 13:31:55.769548+00,4.53e-06,3918.07,4389,{},"{""total"": 24.5, ""market"": 30.0, ""wallet"": 0.0, ""momentum"": 0.0, ""security"": 20.0, ""liquidity"": 50.0, ""data_quality"": 100.0}"
bd8dc6f8-58dd-49ac-9430-a508b6182799,ALBFBJq9FQKAV7gC4Ud8A5HopqbLJGpV689jFerbpump,2026-09-03 13:31:57.188716+00,2.841e-06,,2841.94,{},"{""total"": 12.5, ""market"": 30.0, ""wallet"": 0.0, ""momentum"": 0.0, ""security"": 20.0, ""liquidity"": 0.0, ""data_quality"": 60.0}"
9a82bbf0-0388-4bb6-8bc5-d8742f7c6184,Ak7JbLvKEFzkcfpvLErnnkQ8xoB2P3HNbLDp6Du2JVSW,2026-09-03 13:31:58.632011+00,4.744e-06,4224.62,4613,{},"{""total"": 24.5, ""market"": 30.0, ""wallet"": 0.0, ""momentum"": 0.0, ""security"": 20.0, ""liquidity"": 50.0, ""data_quality"": 100.0}"
f9fd8028-1f30-4dce-b11d-e63a48a6542c,EZ3Kxv6kx7FAyXgYok1rwGBy2Y9FrsYuc3U7FzWSpump,2026-09-03 13:32:00.060596+00,2.919e-06,,2919.28,{},"{""total"": 12.5, ""market"": 30.0, ""wallet"": 0.0, ""momentum"": 0.0, ""security"": 20.0, ""liquidity"": 0.0, ""data_quality"": 60.0}"
e8c931b3-4670-464e-a95c-db360b2b6ffe,BSKaWqQF9wddDHcZSdZRCASqetNBKNKDH5fm3Vihpump,2026-09-03 13:32:01.463574+00,2.827e-06,,2827.27,{},"{""total"": 12.5, ""market"": 30.0, ""wallet"": 0.0, ""momentum"": 0.0, ""security"": 20.0, ""liquidity"": 0.0, ""data_quality"": 60.0}"
7b01bbe0-7444-481d-a524-a7d7351dc793,2wfpCZgazHdU9YGabBaALhvRHpcE5WY1vEXaQdxMeNWZ,2026-09-03 13:32:02.855882+00,3.055e-06,,3055.63,{},"{""total"": 12.5, ""market"": 30.0, ""wallet"": 0.0, ""momentum"": 0.0, ""security"": 20.0, ""liquidity"": 0.0, ""data_quality"": 60.0}"
51c3bd39-765f-429c-b9bc-e90f72b2c1b1,12XbaatU9FaTM78F5WcahY92gQ6ammCpAGBxgwAtpump,2026-09-03 13:32:04.31057+00,2.84e-06,,2840.68,{},"{""total"": 12.5, ""market"": 30.0, ""wallet"": 0.0, ""momentum"": 0.0, ""security"": 20.0, ""liquidity"": 0.0, ""data_quality"": 60.0}"
a1fa5605-e828-4688-b1f3-d04b8b77d16b,qb4mvBUBcj3FEyrefJdwiaix5ZCUsFQZNzzDPrrpump,2026-09-03 13:32:05.668038+00,3.489e-06,,3489.61,{},"{""total"": 12.5, ""market"": 30.0, ""wallet"": 0.0, ""momentum"": 0.0, ""security"": 20.0, ""liquidity"": 0.0, ""data_quality"": 60.0}"
08b85db9-629a-4b43-8ee8-fb4c2c9d7445,HpWnGa2UtSTmy5VU87XGm8yPKZc93P7F927LwjQ5pump,2026-09-03 13:32:07.050239+00,1.707e-05,9768.08,16580,{},"{""total"": 42.0, ""market"": 65.0, ""wallet"": 15.0, ""momentum"": 15.0, ""security"": 40.0, ""liquidity"": 60.0, ""data_quality"": 100.0}"
9cddb4b6-a8ae-47dd-857a-118f8cd5100c,79wqMK5SsGJc8mFLVG8RZUUzHVPXFcVKCj5aBkjyqs6D,2026-09-03 13:32:08.506884+00,2.672e-06,2586.45,2314,{},"{""total"": 24.5, ""market"": 30.0, ""wallet"": 0.0, ""momentum"": 0.0, ""security"": 20.0, ""liquidity"": 50.0, ""data_quality"": 100.0}"
7a6ed748-c237-4f07-9147-9b4f40549638,DRDtQGgs2jpqkNNtahkXBf8km3zQ3TWYYV1EK6pEpump,2026-09-03 13:32:09.945987+00,3.227e-06,,3227.98,{},"{""total"": 12.5, ""market"": 30.0, ""wallet"": 0.0, ""momentum"": 0.0, ""security"": 20.0, ""liquidity"": 0.0, ""data_quality"": 60.0}"
e720f63a-ced3-4b78-97c0-c0d361748011,D93aSbr316fG39s8Jvqnqmcj39ZxFpJxutu6doVNpump,2026-09-03 13:32:11.423787+00,2.74e-06,2650.7,2531,{},"{""total"": 19.5, ""market"": 30.0, ""wallet"": 0.0, ""momentum"": 0.0, ""security"": 20.0, ""liquidity"": 25.0, ""data_quality"": 100.0}"
727852fa-dc52-4032-ab9a-54cffd5f91c0,9J6LmyS7TrsHjpDH84Jpw5vB7C8ZQ6LTL5wuSrPdpump,2026-09-03 13:32:12.930535+00,6.741e-06,,6741.37,{},"{""total"": 12.5, ""market"": 30.0, ""wallet"": 0.0, ""momentum"": 0.0, ""security"": 20.0, ""liquidity"": 0.0, ""data_quality"": 60.0}"
2cda4a5d-ddaa-4922-95ba-37cae677e7b7,4fsEWifM7BNjAYj77o6ma2LFjz6cQ1vqGcGJyxxxpump,2026-09-03 13:32:14.380286+00,5.963e-06,4890.92,5770,{},"{""total"": 24.5, ""market"": 30.0, ""wallet"": 0.0, ""momentum"": 0.0, ""security"": 20.0, ""liquidity"": 50.0, ""data_quality"": 100.0}"
2304a8a0-1d47-49cf-914b-015f5dfc7b45,2Ycyk4qGxPsUu9Hu2cKdMdaCqvZjcoz3gTPpMxX3pump,2026-09-03 13:32:15.785246+00,2.948e-06,,2948.01,{},"{""total"": 12.5, ""market"": 30.0, ""wallet"": 0.0, ""momentum"": 0.0, ""security"": 20.0, ""liquidity"": 0.0, ""data_quality"": 60.0}"
d5943486-5e8e-4d93-95ea-6c47f5e9c895,46T1YG4nKhhWY4jiRPBmSV5aU6TN1KUV9BKqcq2K97wY,2026-09-03 13:32:17.174965+00,3.456e-06,,3456.68,{},"{""total"": 12.5, ""market"": 30.0, ""wallet"": 0.0, ""momentum"": 0.0, ""security"": 20.0, ""liquidity"": 0.0, ""data_quality"": 60.0}"
d8cb14a2-1ac9-44b8-8cf9-7f7c2206c0ca,YHs69jqML9nxSM7vNEuT2HC3Q62MQdLRcz6fmdRpump,2026-09-03 13:32:18.613319+00,2.835e-06,,2835.84,{},"{""total"": 12.5, ""market"": 30.0, ""wallet"": 0.0, ""momentum"": 0.0, ""security"": 20.0, ""liquidity"": 0.0, ""data_quality"": 60.0}"
e700cfaf-e46c-4727-be29-261e2a8e2f81,4KNYU3H2FmuSWMpVeF4mkzGnGK5VRoDgsWYV6YFrpump,2026-09-03 13:32:20.05063+00,2.973e-06,,2973.46,{},"{""total"": 12.5, ""market"": 30.0, ""wallet"": 0.0, ""momentum"": 0.0, ""security"": 20.0, ""liquidity"": 0.0, ""data_quality"": 60.0}"
62ef143a-f371-4186-ae6e-5cb403ca173c,59mXodQ31VyP5fj4uz9qsCkhL17k1Ec6irLeqPARpump,2026-09-03 13:32:21.514864+00,2.15e-06,2455.07,2121,{},"{""total"": 26.5, ""market"": 30.0, ""wallet"": 0.0, ""momentum"": 0.0, ""security"": 20.0, ""liquidity"": 60.0, ""data_quality"": 100.0}"
7eedced4-b5f2-4cb2-becd-52d4e889aa59,4xRBUZCAq4kMsPLsfB3gSvzEYzeYJ4woUqkqc4GMpump,2026-09-03 13:32:22.976674+00,2.932e-06,,2932.37,{},"{""total"": 12.5, ""market"": 30.0, ""wallet"": 0.0, ""momentum"": 0.0, ""security"": 20.0, ""liquidity"": 0.0, ""data_quality"": 60.0}"
2c2de8cd-962b-4751-b86f-4a1a602e242e,4h5d9ejz8QSfzhAAVMLU5s9uFNzv3xmK6UuZK2PDpump,2026-09-03 13:32:24.418191+00,2.216e-05,11915.59,21659,{},"{""total"": 46.2, ""market"": 65.0, ""wallet"": 0.0, ""momentum"": 60.0, ""security"": 50.0, ""liquidity"": 35.0, ""data_quality"": 100.0}"
0ee05870-d716-4360-9da1-2d1cf8ee1403,6z5ML9BDLDhvzCLeEdMyz5DHcC1nfsd9PtViu2Lpump,2026-09-03 13:32:25.914954+00,2.473e-06,2452.36,2399,{},"{""total"": 24.5, ""market"": 30.0, ""wallet"": 0.0, ""momentum"": 0.0, ""security"": 20.0, ""liquidity"": 50.0, ""data_quality"": 100.0}"
0a3df0e6-4c16-427b-9376-cee7514546e6,XyLfqpzVuvpJ3Z9ThdcUdPHkGfnSaYNXdWDKaJGpump,2026-09-03 13:32:27.307309+00,2.083e-06,2254.51,2031,{},"{""total"": 26.5, ""market"": 30.0, ""wallet"": 0.0, ""momentum"": 0.0, ""security"": 20.0, ""liquidity"": 60.0, ""data_quality"": 100.0}"
f31c9bc8-5d16-43a3-9938-d857196fc669,FVvAfW3K7cBr1LpLZWMvgmwM3qsGMojdxJjNgKLJpump,2026-09-03 13:32:28.755938+00,5.216e-06,,5216.04,{},"{""total"": 12.5, ""market"": 30.0, ""wallet"": 0.0, ""momentum"": 0.0, ""security"": 20.0, ""liquidity"": 0.0, ""data_quality"": 60.0}"
4b169876-cfbc-43b3-8767-d2a0b836a98f,8cbS66zJp2mf7tNjgbkVtCWCb4kumnEduLpkQbFsburn,2026-09-03 13:32:30.175057+00,2.887e-06,,2887.36,{},"{""total"": 12.5, ""market"": 30.0, ""wallet"": 0.0, ""momentum"": 0.0, ""security"": 20.0, ""liquidity"": 0.0, ""data_quality"": 60.0}"
3d334f96-fae3-40ec-b893-0aaff34e012c,X2oB1Mp8ZbkQiUcMwzYbkehqtVq3MZfMANDCGarpump,2026-09-03 13:32:31.640361+00,4.018e-06,3644.73,3869,{},"{""total"": 26.5, ""market"": 30.0, ""wallet"": 0.0, ""momentum"": 0.0, ""security"": 20.0, ""liquidity"": 60.0, ""data_quality"": 100.0}"
4a4fd610-6dd4-4996-905c-42423d08389f,A56ZES8x3vVQhi2YC7QwCiN9uyxixorYsmMT55MMpump,2026-09-03 13:32:33.093073+00,2.474e-06,2423.68,2135,{},"{""total"": 24.5, ""market"": 30.0, ""wallet"": 0.0, ""momentum"": 0.0, ""security"": 20.0, ""liquidity"": 50.0, ""data_quality"": 100.0}"
88c0310e-e645-48b2-a57a-c11f004a6ac0,g7Mf4oATpA43aG46a49FarThR8CqPkgRNysQrnPx9oS,2026-09-03 13:32:34.544926+00,2.869e-06,,2869.84,{},"{""total"": 12.5, ""market"": 30.0, ""wallet"": 0.0, ""momentum"": 0.0, ""security"": 20.0, ""liquidity"": 0.0, ""data_quality"": 60.0}"
0a138d21-da90-4138-b0c8-520faebd54b4,AU8ZmbsXDBuScnUyLuqtxtdaQER6M3LVtxdcfcmCpump,2026-09-03 13:32:35.960249+00,2.859e-06,,2859.54,{},"{""total"": 12.5, ""market"": 30.0, ""wallet"": 0.0, ""momentum"": 0.0, ""security"": 20.0, ""liquidity"": 0.0, ""data_quality"": 60.0}"
89cbed0b-821e-4386-9ed3-08380c456edb,8ahGYNWnE1QGxptZLSymeYuVpxX7Ed39YhFyjPy3pump,2026-09-03 13:32:37.407759+00,2.994e-06,,2994.38,{},"{""total"": 12.5, ""market"": 30.0, ""wallet"": 0.0, ""momentum"": 0.0, ""security"": 20.0, ""liquidity"": 0.0, ""data_quality"": 60.0}"
77545b19-863a-452a-9a2d-fd9ed6235270,NFA2vkDtr3ghgKasVNqJKGknWB7PGTiMS2oLWWR53V6,2026-09-03 13:32:38.823642+00,2.832e-06,,2832.15,{},"{""total"": 12.5, ""market"": 30.0, ""wallet"": 0.0, ""momentum"": 0.0, ""security"": 20.0, ""liquidity"": 0.0, ""data_quality"": 60.0}"
64377afa-1383-461f-9fae-4e8d02c4706e,BB5VU7LxXrB2p3dZnQeeBE6fmCpYMf5vR6K8tRFqpump,2026-09-03 13:32:40.239595+00,2.141e-06,2218.4,2087,{},"{""total"": 24.5, ""market"": 30.0, ""wallet"": 0.0, ""momentum"": 0.0, ""security"": 20.0, ""liquidity"": 50.0, ""data_quality"": 100.0}"
4e297e7d-9546-4d43-b8e3-37f73222e9ca,7W8uumZvFWDegwhSLiZjUng8wouwiVXhUV9A1DPPpump,2026-09-03 13:32:41.640396+00,2.895e-06,,2895.24,{},"{""total"": 12.5, ""market"": 30.0, ""wallet"": 0.0, ""momentum"": 0.0, ""security"": 20.0, ""liquidity"": 0.0, ""data_quality"": 60.0}"
e79b59e3-e99c-4211-b6c7-63e5c57dbe0d,AoEHGTFvykuV9Nhk5Tb5fSbKnS7zgUN5zw3TUgpJpump,2026-09-03 13:32:43.073934+00,3.813e-06,3449.48,3109,{},"{""total"": 24.5, ""market"": 30.0, ""wallet"": 0.0, ""momentum"": 0.0, ""security"": 20.0, ""liquidity"": 50.0, ""data_quality"": 100.0}"
2fc2d54d-30fd-4ebf-ba41-f43c3f935f93,3kwDUuS5f1QtSgiypuLvnXMyxp74sn9PCinh4h9Vpump,2026-09-03 13:32:44.515891+00,2.188e-06,2171.68,2031,{},"{""total"": 24.5, ""market"": 30.0, ""wallet"": 0.0, ""momentum"": 0.0, ""security"": 20.0, ""liquidity"": 50.0, ""data_quality"": 100.0}"
5b42f043-ed02-467e-8c3f-f9d430bcc11b,tahKR4TA337akDkgfGZ5Qaeng4ABdov49rVePABpump,2026-09-03 13:32:45.932605+00,3.962e-06,3546.11,3734,{},"{""total"": 24.5, ""market"": 30.0, ""wallet"": 0.0, ""momentum"": 0.0, ""security"": 20.0, ""liquidity"": 50.0, ""data_quality"": 100.0}"
dd5cb60e-203d-46fd-a375-1f699fa42c08,6Bd2opj5LteW6hvdJUjYw8SdfVQYAJ2NeonfgEHMpump,2026-09-03 13:32:47.317753+00,8.522e-06,,8522.77,{},"{""total"": 15.0, ""market"": 30.0, ""wallet"": 0.0, ""momentum"": 0.0, ""security"": 30.0, ""liquidity"": 0.0, ""data_quality"": 60.0}"
15ca6930-2ef2-4aad-84b7-5e8b12ce12ae,E22f92KYQgo4cu6pTpBVTVvnBDcWyAJGwGB9i5mNpump,2026-09-03 13:32:48.787037+00,2.559e-06,2568.47,2406,{},"{""total"": 19.5, ""market"": 30.0, ""wallet"": 0.0, ""momentum"": 0.0, ""security"": 20.0, ""liquidity"": 25.0, ""data_quality"": 100.0}"
b0bca289-e456-4e22-8982-9a5222c2cdf2,46kwQaZdcuSNuyqjWJsiWBxsUFbAxWFDYWwx9ePipump,2026-09-03 13:32:50.17326+00,2.218e-06,2447.95,2162,{},"{""total"": 26.5, ""market"": 30.0, ""wallet"": 0.0, ""momentum"": 0.0, ""security"": 20.0, ""liquidity"": 60.0, ""data_quality"": 100.0}"
78aa4116-e9e3-4221-bdf2-baac9bc2b933,648CgFCcFXCPUWhaa5V5W1tFDDfuEtCVVp3EQjTmpump,2026-09-03 13:32:51.558829+00,1.727e-06,1893.42,1676,{},"{""total"": 18.5, ""market"": 30.0, ""wallet"": 0.0, ""momentum"": 0.0, ""security"": 20.0, ""liquidity"": 20.0, ""data_quality"": 100.0}"
ef9ef81d-dc50-4ece-ad34-ebd28eeefb8b,Fw6ksDUW7agYgvJuAMMa5zw9C9Qe2RV85j4j3oXipump,2026-09-03 13:32:52.990066+00,2.064e-06,2096.58,1950,{},"{""total"": 26.5, ""market"": 30.0, ""wallet"": 0.0, ""momentum"": 0.0, ""security"": 20.0, ""liquidity"": 60.0, ""data_quality"": 100.0}"
1f9cdc7e-5c32-4c3c-b0ed-2394969ed737,2gdGXkBriQ87rGT3LWGUJr3NrUTbSWdCJgHbTnBNpump,2026-09-03 13:32:54.430104+00,1.407e-05,,14078.71,{},"{""total"": 34.0, ""market"": 30.0, ""wallet"": 30.0, ""momentum"": 60.0, ""security"": 40.0, ""liquidity"": 0.0, ""data_quality"": 60.0}"
3aa3684d-5bcb-4006-bd82-09358f8db0aa,EzksuFJL96xtnhqam9YowehVPqGu5wv9ixStJ8pHpump,2026-09-03 13:32:55.826292+00,2.976e-06,,2976.25,{},"{""total"": 12.5, ""market"": 30.0, ""wallet"": 0.0, ""momentum"": 0.0, ""security"": 20.0, ""liquidity"": 0.0, ""data_quality"": 60.0}"
6fef5744-2482-4071-bc20-dac21f464bb5,BWrSJTzFnGALx2VimQu6D5Xt81G5DBMQ3pGgeen3pump,2026-09-03 13:32:57.212668+00,4.085e-06,3623.76,3812,{},"{""total"": 22.5, ""market"": 30.0, ""wallet"": 0.0, ""momentum"": 15.0, ""security"": 20.0, ""liquidity"": 25.0, ""data_quality"": 100.0}"
340d29e0-dff7-4655-a3f0-21287e350c92,7mvAKaG39HWm7RtKj9zkgYG21uKFuyHCjJkbuQp5pump,2026-09-03 13:32:58.610611+00,4.585e-06,3977.19,4153,{},"{""total"": 24.5, ""market"": 30.0, ""wallet"": 0.0, ""momentum"": 0.0, ""security"": 20.0, ""liquidity"": 50.0, ""data_quality"": 100.0}"
f40962a3-28a7-4168-a4d7-f3e99b67d3de,FZsih1z71YYmcb6saJKiLPQj7hxovSgbiUZ9kxrJpump,2026-09-03 13:33:00.027033+00,2.84e-06,,2840.68,{},"{""total"": 12.5, ""market"": 30.0, ""wallet"": 0.0, ""momentum"": 0.0, ""security"": 20.0, ""liquidity"": 0.0, ""data_quality"": 60.0}"
6f5d7b52-bf99-462c-b60e-f9e2c3465ea7,6Fmy4h78tXFyLqHxjspAmh4vnw4U2VEzFoGL3kBNpump,2026-09-03 13:33:01.484736+00,2.866e-06,,2866.05,{},"{""total"": 12.5, ""market"": 30.0, ""wallet"": 0.0, ""momentum"": 0.0, ""security"": 20.0, ""liquidity"": 0.0, ""data_quality"": 60.0}"
e91d3bc4-1d9a-4d57-a04d-2a2b5847df08,GiUHYs5Hsv94P8bR9m26DsXsX8E786rQsFsPK6spump,2026-09-03 13:33:02.922606+00,0.0003475,49732.74,342074,{},"{""total"": 72.2, ""market"": 65.0, ""wallet"": 90.0, ""momentum"": 50.0, ""security"": 80.0, ""liquidity"": 70.0, ""data_quality"": 100.0}"
b6a3b71a-ca96-43e5-8422-c2e38940af5d,DR34YVxd8VXUmW685DLgDvnmgTzVVsTM2toTNtfWpump,2026-09-03 13:33:04.368425+00,1.211e-05,,12115.17,{},"{""total"": 17.2, ""market"": 30.0, ""wallet"": 15.0, ""momentum"": 0.0, ""security"": 30.0, ""liquidity"": 0.0, ""data_quality"": 60.0}"
1fabcc9a-559f-439d-b43f-0086346bc26f,9sW8VYpSRp3aJV1tV2q9EqFzJyUu2WX3C9paQ4KSpump,2026-09-03 13:33:05.785417+00,2.01e-06,2074.94,1983,{},"{""total"": 26.5, ""market"": 30.0, ""wallet"": 0.0, ""momentum"": 0.0, ""security"": 20.0, ""liquidity"": 60.0, ""data_quality"": 100.0}"
f1704236-a3aa-4800-b0a9-780a02df2951,7Zo7tPm77cPekJmPXh6E3ykrox6toZNDSrSwnGC1pump,2026-09-03 13:33:07.222749+00,2.849e-06,,2849.77,{},"{""total"": 12.5, ""market"": 30.0, ""wallet"": 0.0, ""momentum"": 0.0, ""security"": 20.0, ""liquidity"": 0.0, ""data_quality"": 60.0}"
05340672-9250-43c8-bc85-db7235f4f096,Dz37RVhUVgguLoxCyfFQLDX3Dw4VBZvQJNvZx4Szpump,2026-09-03 13:33:08.658346+00,3.092e-06,,3092.01,{},"{""total"": 12.5, ""market"": 30.0, ""wallet"": 0.0, ""momentum"": 0.0, ""security"": 20.0, ""liquidity"": 0.0, ""data_quality"": 60.0}"
1c765516-6084-4d72-99fe-4b9a41c478c1,pcBeadR2nwPNjvvCVM26kfFt7GsuvSwsxGtAiWPNiBL,2026-09-03 13:33:10.080979+00,4.163e-05,16336.41,41625,{},"{""total"": 42.8, ""market"": 45.0, ""wallet"": 30.0, ""momentum"": 0.0, ""security"": 50.0, ""liquidity"": 70.0, ""data_quality"": 100.0}"
a81ed1b3-26ba-432b-9dab-1f309cd116db,CfBYu1dsy6nC3oiYmxE3Kxds6auwpoxcErvSMVykVEPH,2026-09-03 13:33:11.513406+00,3.021e-06,2920.66,2919,{},"{""total"": 19.5, ""market"": 30.0, ""wallet"": 0.0, ""momentum"": 0.0, ""security"": 20.0, ""liquidity"": 25.0, ""data_quality"": 100.0}"
cd74ea0d-250a-4511-a424-d1e287a87899,GyDBBBhXrUGVpbCzWouixLRYokjQAgHZhDC572Z5pump,2026-09-03 13:33:12.888805+00,2.094e-06,2174.21,2027,{},"{""total"": 19.5, ""market"": 30.0, ""wallet"": 0.0, ""momentum"": 0.0, ""security"": 20.0, ""liquidity"": 25.0, ""data_quality"": 100.0}"
7c31844a-995c-4c5f-9add-540d6a07d73e,C6VLbXq2Rzi2KMKmZQgRJFZ6hUe1RFgoyCgxhUFgpump,2026-09-03 13:33:14.279258+00,2.414e-05,11351.88,22687,{},"{""total"": 38.0, ""market"": 45.0, ""wallet"": 15.0, ""momentum"": 0.0, ""security"": 40.0, ""liquidity"": 70.0, ""data_quality"": 100.0}"
6ffcf6d6-9192-4f91-b630-414f233fc0f1,D79PMY3svBfF56PpCkd2MYJx9LPrwCxYkmSFV8aTpump,2026-09-03 13:33:15.717219+00,2.828e-06,,2828.17,{},"{""total"": 12.5, ""market"": 30.0, ""wallet"": 0.0, ""momentum"": 0.0, ""security"": 20.0, ""liquidity"": 0.0, ""data_quality"": 60.0}"
ced4244c-5a69-4e85-aabc-7740b0921954,73roMdHCGSL1KAeuz5rz7pNd45H4THAJgV6YidswTMoe,2026-09-03 13:33:17.11235+00,3.432e-06,,3432.72,{},"{""total"": 12.5, ""market"": 30.0, ""wallet"": 0.0, ""momentum"": 0.0, ""security"": 20.0, ""liquidity"": 0.0, ""data_quality"": 60.0}"
5588a1c4-03ab-477a-8a00-2163ad177d11,D7vb5sxgYsbqnGmvrenJXwaQb5ctmmwEs7mXRQkkMnaX,2026-09-03 13:33:18.546597+00,2.889e-06,,2889.11,{},"{""total"": 12.5, ""market"": 30.0, ""wallet"": 0.0, ""momentum"": 0.0, ""security"": 20.0, ""liquidity"": 0.0, ""data_quality"": 60.0}"
8fbaa6ab-84ac-4d63-83b4-284e59b8e4d2,9ikk3mAGGXYJWgm4j1WZ49yC87iEU5VsMU9fKZrspump,2026-09-03 13:33:19.886885+00,3.032e-06,,3032.8,{},"{""total"": 12.5, ""market"": 30.0, ""wallet"": 0.0, ""momentum"": 0.0, ""security"": 20.0, ""liquidity"": 0.0, ""data_quality"": 60.0}"
